freq,nrg_bal,siec,unit,geo,time,value
Annual,Final consumption - energy use,Total,Thousand tonnes of oil equivalent,European Union - 27 countries (from 2020),2013-01-01,918671.439
Annual,Final consumption - energy use,Total,Thousand tonnes of oil equivalent,European Union - 27 countries (from 2020),2014-01-01,876100.968
Annual,Final consumption - energy use,Total,Thousand tonnes of oil equivalent,European Union - 27 countries (from 2020),2015-01-01,895850.777
Annual,Final consumption - energy use,Total,Thousand tonnes of oil equivalent,European Union - 27 countries (from 2020),2016-01-01,914626.279
Annual,Final consumption - energy use,Total,Thousand tonnes of oil equivalent,European Union - 27 countries (from 2020),2017-01-01,927346.083
Annual,Final consumption - energy use,Total,Thousand tonnes of oil equivalent,European Union - 27 countries (from 2020),2018-01-01,928645.111
Annual,Final consumption - energy use,Total,Thousand tonnes of oil equivalent,European Union - 27 countries (from 2020),2019-01-01,922846.966
Annual,Final consumption - energy use,Total,Thousand tonnes of oil equivalent,European Union - 27 countries (from 2020),2020-01-01,871862.63
Annual,Final consumption - energy use,Total,Thousand tonnes of oil equivalent,European Union - 27 countries (from 2020),2021-01-01,925205.048
Annual,Final consumption - energy use,Total,Thousand tonnes of oil equivalent,European Union - 27 countries (from 2020),2022-01-01,885717.318
Annual,Final consumption - energy use,Total,Thousand tonnes of oil equivalent,European Union - 27 countries (from 2020),2023-01-01,855847.228
Annual,Final consumption - energy use,Total,Thousand tonnes of oil equivalent,European Union - 27 countries (from 2020),2024-01-01,861420.154
Annual,Final consumption - energy use,Total,Thousand tonnes of oil equivalent,Belgium,2013-01-01,34011.623
Annual,Final consumption - energy use,Total,Thousand tonnes of oil equivalent,Belgium,2014-01-01,31552.075
Annual,Final consumption - energy use,Total,Thousand tonnes of oil equivalent,Belgium,2015-01-01,33134.556
Annual,Final consumption - energy use,Total,Thousand tonnes of oil equivalent,Belgium,2016-01-01,33384.527
Annual,Final consumption - energy use,Total,Thousand tonnes of oil equivalent,Belgium,2017-01-01,32929.156
Annual,Final consumption - energy use,Total,Thousand tonnes of oil equivalent,Belgium,2018-01-01,33138.244
Annual,Final consumption - energy use,Total,Thousand tonnes of oil equivalent,Belgium,2019-01-01,32438.375
Annual,Final consumption - energy use,Total,Thousand tonnes of oil equivalent,Belgium,2020-01-01,31155.401
Annual,Final consumption - energy use,Total,Thousand tonnes of oil equivalent,Belgium,2021-01-01,33307.465
Annual,Final consumption - energy use,Total,Thousand tonnes of oil equivalent,Belgium,2022-01-01,30522.671
Annual,Final consumption - energy use,Total,Thousand tonnes of oil equivalent,Belgium,2023-01-01,30043.254
Annual,Final consumption - energy use,Total,Thousand tonnes of oil equivalent,Belgium,2024-01-01,30741.348
Annual,Final consumption - energy use,Total,Thousand tonnes of oil equivalent,Bulgaria,2013-01-01,8680.757
Annual,Final consumption - energy use,Total,Thousand tonnes of oil equivalent,Bulgaria,2014-01-01,8881.501
Annual,Final consumption - energy use,Total,Thousand tonnes of oil equivalent,Bulgaria,2015-01-01,9388.553
Annual,Final consumption - energy use,Total,Thousand tonnes of oil equivalent,Bulgaria,2016-01-01,9517.949
Annual,Final consumption - energy use,Total,Thousand tonnes of oil equivalent,Bulgaria,2017-01-01,9745.903
Annual,Final consumption - energy use,Total,Thousand tonnes of oil equivalent,Bulgaria,2018-01-01,9757.67
Annual,Final consumption - energy use,Total,Thousand tonnes of oil equivalent,Bulgaria,2019-01-01,9719.6
Annual,Final consumption - energy use,Total,Thousand tonnes of oil equivalent,Bulgaria,2020-01-01,9499.659
Annual,Final consumption - energy use,Total,Thousand tonnes of oil equivalent,Bulgaria,2021-01-01,10165.77
Annual,Final consumption - energy use,Total,Thousand tonnes of oil equivalent,Bulgaria,2022-01-01,9856.902
Annual,Final consumption - energy use,Total,Thousand tonnes of oil equivalent,Bulgaria,2023-01-01,9607.139
Annual,Final consumption - energy use,Total,Thousand tonnes of oil equivalent,Bulgaria,2024-01-01,9845.891
Annual,Final consumption - energy use,Total,Thousand tonnes of oil equivalent,Czechia,2013-01-01,23131.377
Annual,Final consumption - energy use,Total,Thousand tonnes of oil equivalent,Czechia,2014-01-01,22445.593
Annual,Final consumption - energy use,Total,Thousand tonnes of oil equivalent,Czechia,2015-01-01,23100.094
Annual,Final consumption - energy use,Total,Thousand tonnes of oil equivalent,Czechia,2016-01-01,23695.026
Annual,Final consumption - energy use,Total,Thousand tonnes of oil equivalent,Czechia,2017-01-01,24445.396
Annual,Final consumption - energy use,Total,Thousand tonnes of oil equivalent,Czechia,2018-01-01,24190.964
Annual,Final consumption - energy use,Total,Thousand tonnes of oil equivalent,Czechia,2019-01-01,24227.514
Annual,Final consumption - energy use,Total,Thousand tonnes of oil equivalent,Czechia,2020-01-01,23765.017
Annual,Final consumption - energy use,Total,Thousand tonnes of oil equivalent,Czechia,2021-01-01,25296.928
Annual,Final consumption - energy use,Total,Thousand tonnes of oil equivalent,Czechia,2022-01-01,24143.402
Annual,Final consumption - energy use,Total,Thousand tonnes of oil equivalent,Czechia,2023-01-01,22730.008
Annual,Final consumption - energy use,Total,Thousand tonnes of oil equivalent,Czechia,2024-01-01,22593.373
Annual,Final consumption - energy use,Total,Thousand tonnes of oil equivalent,Denmark,2013-01-01,13645.528
Annual,Final consumption - energy use,Total,Thousand tonnes of oil equivalent,Denmark,2014-01-01,13121.444
Annual,Final consumption - energy use,Total,Thousand tonnes of oil equivalent,Denmark,2015-01-01,13558.927
Annual,Final consumption - energy use,Total,Thousand tonnes of oil equivalent,Denmark,2016-01-01,13926.869
Annual,Final consumption - energy use,Total,Thousand tonnes of oil equivalent,Denmark,2017-01-01,13999.863
Annual,Final consumption - energy use,Total,Thousand tonnes of oil equivalent,Denmark,2018-01-01,13971.01
Annual,Final consumption - energy use,Total,Thousand tonnes of oil equivalent,Denmark,2019-01-01,13725.14
Annual,Final consumption - energy use,Total,Thousand tonnes of oil equivalent,Denmark,2020-01-01,13233.152
Annual,Final consumption - energy use,Total,Thousand tonnes of oil equivalent,Denmark,2021-01-01,13930.625
Annual,Final consumption - energy use,Total,Thousand tonnes of oil equivalent,Denmark,2022-01-01,13024.947
Annual,Final consumption - energy use,Total,Thousand tonnes of oil equivalent,Denmark,2023-01-01,12957.952
Annual,Final consumption - energy use,Total,Thousand tonnes of oil equivalent,Denmark,2024-01-01,12665.8
Annual,Final consumption - energy use,Total,Thousand tonnes of oil equivalent,Germany,2013-01-01,208057.421
Annual,Final consumption - energy use,Total,Thousand tonnes of oil equivalent,Germany,2014-01-01,197229.019
Annual,Final consumption - energy use,Total,Thousand tonnes of oil equivalent,Germany,2015-01-01,200031.296
Annual,Final consumption - energy use,Total,Thousand tonnes of oil equivalent,Germany,2016-01-01,203666.981
Annual,Final consumption - energy use,Total,Thousand tonnes of oil equivalent,Germany,2017-01-01,204512.293
Annual,Final consumption - energy use,Total,Thousand tonnes of oil equivalent,Germany,2018-01-01,200684.593
Annual,Final consumption - energy use,Total,Thousand tonnes of oil equivalent,Germany,2019-01-01,200804.342
Annual,Final consumption - energy use,Total,Thousand tonnes of oil equivalent,Germany,2020-01-01,194248.055
Annual,Final consumption - energy use,Total,Thousand tonnes of oil equivalent,Germany,2021-01-01,197419.082
Annual,Final consumption - energy use,Total,Thousand tonnes of oil equivalent,Germany,2022-01-01,189698.421
Annual,Final consumption - energy use,Total,Thousand tonnes of oil equivalent,Germany,2023-01-01,179048.225
Annual,Final consumption - energy use,Total,Thousand tonnes of oil equivalent,Germany,2024-01-01,177745.064
Annual,Final consumption - energy use,Total,Thousand tonnes of oil equivalent,Estonia,2013-01-01,2840.316
Annual,Final consumption - energy use,Total,Thousand tonnes of oil equivalent,Estonia,2014-01-01,2774.349
Annual,Final consumption - energy use,Total,Thousand tonnes of oil equivalent,Estonia,2015-01-01,2750.345
Annual,Final consumption - energy use,Total,Thousand tonnes of oil equivalent,Estonia,2016-01-01,2794.835
Annual,Final consumption - energy use,Total,Thousand tonnes of oil equivalent,Estonia,2017-01-01,2807.413
Annual,Final consumption - energy use,Total,Thousand tonnes of oil equivalent,Estonia,2018-01-01,2888.098
Annual,Final consumption - energy use,Total,Thousand tonnes of oil equivalent,Estonia,2019-01-01,2826.061
Annual,Final consumption - energy use,Total,Thousand tonnes of oil equivalent,Estonia,2020-01-01,2725.496
Annual,Final consumption - energy use,Total,Thousand tonnes of oil equivalent,Estonia,2021-01-01,2789.658
Annual,Final consumption - energy use,Total,Thousand tonnes of oil equivalent,Estonia,2022-01-01,2720.738
Annual,Final consumption - energy use,Total,Thousand tonnes of oil equivalent,Estonia,2023-01-01,2565.334
Annual,Final consumption - energy use,Total,Thousand tonnes of oil equivalent,Estonia,2024-01-01,3014.924
Annual,Final consumption - energy use,Total,Thousand tonnes of oil equivalent,Ireland,2013-01-01,10234.498
Annual,Final consumption - energy use,Total,Thousand tonnes of oil equivalent,Ireland,2014-01-01,10176.021
Annual,Final consumption - energy use,Total,Thousand tonnes of oil equivalent,Ireland,2015-01-01,10497.166
Annual,Final consumption - energy use,Total,Thousand tonnes of oil equivalent,Ireland,2016-01-01,10902.445
Annual,Final consumption - energy use,Total,Thousand tonnes of oil equivalent,Ireland,2017-01-01,10850.673
Annual,Final consumption - energy use,Total,Thousand tonnes of oil equivalent,Ireland,2018-01-01,11310.582
Annual,Final consumption - energy use,Total,Thousand tonnes of oil equivalent,Ireland,2019-01-01,11292.038
Annual,Final consumption - energy use,Total,Thousand tonnes of oil equivalent,Ireland,2020-01-01,10827.14
Annual,Final consumption - energy use,Total,Thousand tonnes of oil equivalent,Ireland,2021-01-01,11020.03
Annual,Final consumption - energy use,Total,Thousand tonnes of oil equivalent,Ireland,2022-01-01,10961.758
Annual,Final consumption - energy use,Total,Thousand tonnes of oil equivalent,Ireland,2023-01-01,10927.583
Annual,Final consumption - energy use,Total,Thousand tonnes of oil equivalent,Ireland,2024-01-01,11228.741
Annual,Final consumption - energy use,Total,Thousand tonnes of oil equivalent,Greece,2013-01-01,14668.337
Annual,Final consumption - energy use,Total,Thousand tonnes of oil equivalent,Greece,2014-01-01,14804.112
Annual,Final consumption - energy use,Total,Thousand tonnes of oil equivalent,Greece,2015-01-01,15741.021
Annual,Final consumption - energy use,Total,Thousand tonnes of oil equivalent,Greece,2016-01-01,15867.95
Annual,Final consumption - energy use,Total,Thousand tonnes of oil equivalent,Greece,2017-01-01,15708.524
Annual,Final consumption - energy use,Total,Thousand tonnes of oil equivalent,Greece,2018-01-01,15141.636
Annual,Final consumption - energy use,Total,Thousand tonnes of oil equivalent,Greece,2019-01-01,15386.999
Annual,Final consumption - energy use,Total,Thousand tonnes of oil equivalent,Greece,2020-01-01,14470.268
Annual,Final consumption - energy use,Total,Thousand tonnes of oil equivalent,Greece,2021-01-01,14911.94
Annual,Final consumption - energy use,Total,Thousand tonnes of oil equivalent,Greece,2022-01-01,15417.864
Annual,Final consumption - energy use,Total,Thousand tonnes of oil equivalent,Greece,2023-01-01,15036.022
Annual,Final consumption - energy use,Total,Thousand tonnes of oil equivalent,Greece,2024-01-01,15620.817
Annual,Final consumption - energy use,Total,Thousand tonnes of oil equivalent,Spain,2013-01-01,76055.579
Annual,Final consumption - energy use,Total,Thousand tonnes of oil equivalent,Spain,2014-01-01,75143.582
Annual,Final consumption - energy use,Total,Thousand tonnes of oil equivalent,Spain,2015-01-01,76669.118
Annual,Final consumption - energy use,Total,Thousand tonnes of oil equivalent,Spain,2016-01-01,78375.479
Annual,Final consumption - energy use,Total,Thousand tonnes of oil equivalent,Spain,2017-01-01,80418.551
Annual,Final consumption - energy use,Total,Thousand tonnes of oil equivalent,Spain,2018-01-01,82275.356
Annual,Final consumption - energy use,Total,Thousand tonnes of oil equivalent,Spain,2019-01-01,82204.334
Annual,Final consumption - energy use,Total,Thousand tonnes of oil equivalent,Spain,2020-01-01,73117.836
Annual,Final consumption - energy use,Total,Thousand tonnes of oil equivalent,Spain,2021-01-01,79280.131
Annual,Final consumption - energy use,Total,Thousand tonnes of oil equivalent,Spain,2022-01-01,78882.862
Annual,Final consumption - energy use,Total,Thousand tonnes of oil equivalent,Spain,2023-01-01,77903.44
Annual,Final consumption - energy use,Total,Thousand tonnes of oil equivalent,Spain,2024-01-01,79776.408
Annual,Final consumption - energy use,Total,Thousand tonnes of oil equivalent,France,2013-01-01,150084.794
Annual,Final consumption - energy use,Total,Thousand tonnes of oil equivalent,France,2014-01-01,138464.13
Annual,Final consumption - energy use,Total,Thousand tonnes of oil equivalent,France,2015-01-01,141654.105
Annual,Final consumption - energy use,Total,Thousand tonnes of oil equivalent,France,2016-01-01,144673.408
Annual,Final consumption - energy use,Total,Thousand tonnes of oil equivalent,France,2017-01-01,143692.884
Annual,Final consumption - energy use,Total,Thousand tonnes of oil equivalent,France,2018-01-01,141706.899
Annual,Final consumption - energy use,Total,Thousand tonnes of oil equivalent,France,2019-01-01,140050.04
Annual,Final consumption - energy use,Total,Thousand tonnes of oil equivalent,France,2020-01-01,128595.5
Annual,Final consumption - energy use,Total,Thousand tonnes of oil equivalent,France,2021-01-01,141001.031
Annual,Final consumption - energy use,Total,Thousand tonnes of oil equivalent,France,2022-01-01,134137.527
Annual,Final consumption - energy use,Total,Thousand tonnes of oil equivalent,France,2023-01-01,129009.684
Annual,Final consumption - energy use,Total,Thousand tonnes of oil equivalent,France,2024-01-01,129266.767
Annual,Final consumption - energy use,Total,Thousand tonnes of oil equivalent,Croatia,2013-01-01,6467.843
Annual,Final consumption - energy use,Total,Thousand tonnes of oil equivalent,Croatia,2014-01-01,6130.555
Annual,Final consumption - energy use,Total,Thousand tonnes of oil equivalent,Croatia,2015-01-01,6484.974
Annual,Final consumption - energy use,Total,Thousand tonnes of oil equivalent,Croatia,2016-01-01,6533.115
Annual,Final consumption - energy use,Total,Thousand tonnes of oil equivalent,Croatia,2017-01-01,6793.042
Annual,Final consumption - energy use,Total,Thousand tonnes of oil equivalent,Croatia,2018-01-01,6682.876
Annual,Final consumption - energy use,Total,Thousand tonnes of oil equivalent,Croatia,2019-01-01,6726.814
Annual,Final consumption - energy use,Total,Thousand tonnes of oil equivalent,Croatia,2020-01-01,6432.449
Annual,Final consumption - energy use,Total,Thousand tonnes of oil equivalent,Croatia,2021-01-01,6887.646
Annual,Final consumption - energy use,Total,Thousand tonnes of oil equivalent,Croatia,2022-01-01,6719.174
Annual,Final consumption - energy use,Total,Thousand tonnes of oil equivalent,Croatia,2023-01-01,6924.509
Annual,Final consumption - energy use,Total,Thousand tonnes of oil equivalent,Croatia,2024-01-01,7171.381
Annual,Final consumption - energy use,Total,Thousand tonnes of oil equivalent,Italy,2013-01-01,114053.675
Annual,Final consumption - energy use,Total,Thousand tonnes of oil equivalent,Italy,2014-01-01,108848.35
Annual,Final consumption - energy use,Total,Thousand tonnes of oil equivalent,Italy,2015-01-01,112108.171
Annual,Final consumption - energy use,Total,Thousand tonnes of oil equivalent,Italy,2016-01-01,111554.603
Annual,Final consumption - energy use,Total,Thousand tonnes of oil equivalent,Italy,2017-01-01,113611.214
Annual,Final consumption - energy use,Total,Thousand tonnes of oil equivalent,Italy,2018-01-01,114296.937
Annual,Final consumption - energy use,Total,Thousand tonnes of oil equivalent,Italy,2019-01-01,113119.475
Annual,Final consumption - energy use,Total,Thousand tonnes of oil equivalent,Italy,2020-01-01,103057.147
Annual,Final consumption - energy use,Total,Thousand tonnes of oil equivalent,Italy,2021-01-01,113918.826
Annual,Final consumption - energy use,Total,Thousand tonnes of oil equivalent,Italy,2022-01-01,109406.478
Annual,Final consumption - energy use,Total,Thousand tonnes of oil equivalent,Italy,2023-01-01,106153.181
Annual,Final consumption - energy use,Total,Thousand tonnes of oil equivalent,Italy,2024-01-01,107677.785
Annual,Final consumption - energy use,Total,Thousand tonnes of oil equivalent,Cyprus,2013-01-01,1372.455
Annual,Final consumption - energy use,Total,Thousand tonnes of oil equivalent,Cyprus,2014-01-01,1377.348
Annual,Final consumption - energy use,Total,Thousand tonnes of oil equivalent,Cyprus,2015-01-01,1423.923
Annual,Final consumption - energy use,Total,Thousand tonnes of oil equivalent,Cyprus,2016-01-01,1490.606
Annual,Final consumption - energy use,Total,Thousand tonnes of oil equivalent,Cyprus,2017-01-01,1551.546
Annual,Final consumption - energy use,Total,Thousand tonnes of oil equivalent,Cyprus,2018-01-01,1581.273
Annual,Final consumption - energy use,Total,Thousand tonnes of oil equivalent,Cyprus,2019-01-01,1626.652
Annual,Final consumption - energy use,Total,Thousand tonnes of oil equivalent,Cyprus,2020-01-01,1525.932
Annual,Final consumption - energy use,Total,Thousand tonnes of oil equivalent,Cyprus,2021-01-01,1584.965
Annual,Final consumption - energy use,Total,Thousand tonnes of oil equivalent,Cyprus,2022-01-01,1609.596
Annual,Final consumption - energy use,Total,Thousand tonnes of oil equivalent,Cyprus,2023-01-01,1619.051
Annual,Final consumption - energy use,Total,Thousand tonnes of oil equivalent,Cyprus,2024-01-01,1658.099
Annual,Final consumption - energy use,Total,Thousand tonnes of oil equivalent,Latvia,2013-01-01,3732.245
Annual,Final consumption - energy use,Total,Thousand tonnes of oil equivalent,Latvia,2014-01-01,3776.066
Annual,Final consumption - energy use,Total,Thousand tonnes of oil equivalent,Latvia,2015-01-01,3680.167
Annual,Final consumption - energy use,Total,Thousand tonnes of oil equivalent,Latvia,2016-01-01,3697.443
Annual,Final consumption - energy use,Total,Thousand tonnes of oil equivalent,Latvia,2017-01-01,3874.906
Annual,Final consumption - energy use,Total,Thousand tonnes of oil equivalent,Latvia,2018-01-01,4024.431
Annual,Final consumption - energy use,Total,Thousand tonnes of oil equivalent,Latvia,2019-01-01,3924.309
Annual,Final consumption - energy use,Total,Thousand tonnes of oil equivalent,Latvia,2020-01-01,3797.762
Annual,Final consumption - energy use,Total,Thousand tonnes of oil equivalent,Latvia,2021-01-01,3980.096
Annual,Final consumption - energy use,Total,Thousand tonnes of oil equivalent,Latvia,2022-01-01,3822.636
Annual,Final consumption - energy use,Total,Thousand tonnes of oil equivalent,Latvia,2023-01-01,3765.623
Annual,Final consumption - energy use,Total,Thousand tonnes of oil equivalent,Latvia,2024-01-01,3737.501
Annual,Final consumption - energy use,Total,Thousand tonnes of oil equivalent,Lithuania,2013-01-01,4712.305
Annual,Final consumption - energy use,Total,Thousand tonnes of oil equivalent,Lithuania,2014-01-01,4800.537
Annual,Final consumption - energy use,Total,Thousand tonnes of oil equivalent,Lithuania,2015-01-01,4779.51
Annual,Final consumption - energy use,Total,Thousand tonnes of oil equivalent,Lithuania,2016-01-01,5003.215
Annual,Final consumption - energy use,Total,Thousand tonnes of oil equivalent,Lithuania,2017-01-01,5239.082
Annual,Final consumption - energy use,Total,Thousand tonnes of oil equivalent,Lithuania,2018-01-01,5466.581
Annual,Final consumption - energy use,Total,Thousand tonnes of oil equivalent,Lithuania,2019-01-01,5460.021
Annual,Final consumption - energy use,Total,Thousand tonnes of oil equivalent,Lithuania,2020-01-01,5284.212
Annual,Final consumption - energy use,Total,Thousand tonnes of oil equivalent,Lithuania,2021-01-01,5662.351
Annual,Final consumption - energy use,Total,Thousand tonnes of oil equivalent,Lithuania,2022-01-01,5376.688
Annual,Final consumption - energy use,Total,Thousand tonnes of oil equivalent,Lithuania,2023-01-01,5324.074
Annual,Final consumption - energy use,Total,Thousand tonnes of oil equivalent,Lithuania,2024-01-01,5628.651
Annual,Final consumption - energy use,Total,Thousand tonnes of oil equivalent,Luxembourg,2013-01-01,3753.122
Annual,Final consumption - energy use,Total,Thousand tonnes of oil equivalent,Luxembourg,2014-01-01,3596.761
Annual,Final consumption - energy use,Total,Thousand tonnes of oil equivalent,Luxembourg,2015-01-01,3534.819
Annual,Final consumption - energy use,Total,Thousand tonnes of oil equivalent,Luxembourg,2016-01-01,3533.953
Annual,Final consumption - energy use,Total,Thousand tonnes of oil equivalent,Luxembourg,2017-01-01,3608.658
Annual,Final consumption - energy use,Total,Thousand tonnes of oil equivalent,Luxembourg,2018-01-01,3738.069
Annual,Final consumption - energy use,Total,Thousand tonnes of oil equivalent,Luxembourg,2019-01-01,3792.055
Annual,Final consumption - energy use,Total,Thousand tonnes of oil equivalent,Luxembourg,2020-01-01,3269.667
Annual,Final consumption - energy use,Total,Thousand tonnes of oil equivalent,Luxembourg,2021-01-01,3439.394
Annual,Final consumption - energy use,Total,Thousand tonnes of oil equivalent,Luxembourg,2022-01-01,3026.663
Annual,Final consumption - energy use,Total,Thousand tonnes of oil equivalent,Luxembourg,2023-01-01,2922.882
Annual,Final consumption - energy use,Total,Thousand tonnes of oil equivalent,Luxembourg,2024-01-01,2908.057
Annual,Final consumption - energy use,Total,Thousand tonnes of oil equivalent,Hungary,2013-01-01,16255.431
Annual,Final consumption - energy use,Total,Thousand tonnes of oil equivalent,Hungary,2014-01-01,15775.708
Annual,Final consumption - energy use,Total,Thousand tonnes of oil equivalent,Hungary,2015-01-01,16829.628
Annual,Final consumption - energy use,Total,Thousand tonnes of oil equivalent,Hungary,2016-01-01,17274.354
Annual,Final consumption - energy use,Total,Thousand tonnes of oil equivalent,Hungary,2017-01-01,17874.513
Annual,Final consumption - energy use,Total,Thousand tonnes of oil equivalent,Hungary,2018-01-01,17849.381
Annual,Final consumption - energy use,Total,Thousand tonnes of oil equivalent,Hungary,2019-01-01,17968.801
Annual,Final consumption - energy use,Total,Thousand tonnes of oil equivalent,Hungary,2020-01-01,17606.514
Annual,Final consumption - energy use,Total,Thousand tonnes of oil equivalent,Hungary,2021-01-01,18793.605
Annual,Final consumption - energy use,Total,Thousand tonnes of oil equivalent,Hungary,2022-01-01,17944.792
Annual,Final consumption - energy use,Total,Thousand tonnes of oil equivalent,Hungary,2023-01-01,16541.255
Annual,Final consumption - energy use,Total,Thousand tonnes of oil equivalent,Hungary,2024-01-01,16607.21
Annual,Final consumption - energy use,Total,Thousand tonnes of oil equivalent,Malta,2013-01-01,421.114
Annual,Final consumption - energy use,Total,Thousand tonnes of oil equivalent,Malta,2014-01-01,435.716
Annual,Final consumption - energy use,Total,Thousand tonnes of oil equivalent,Malta,2015-01-01,462.343
Annual,Final consumption - energy use,Total,Thousand tonnes of oil equivalent,Malta,2016-01-01,458.759
Annual,Final consumption - energy use,Total,Thousand tonnes of oil equivalent,Malta,2017-01-01,492.38
Annual,Final consumption - energy use,Total,Thousand tonnes of oil equivalent,Malta,2018-01-01,514.389
Annual,Final consumption - energy use,Total,Thousand tonnes of oil equivalent,Malta,2019-01-01,545.428
Annual,Final consumption - energy use,Total,Thousand tonnes of oil equivalent,Malta,2020-01-01,500.753
Annual,Final consumption - energy use,Total,Thousand tonnes of oil equivalent,Malta,2021-01-01,526.291
Annual,Final consumption - energy use,Total,Thousand tonnes of oil equivalent,Malta,2022-01-01,593.59
Annual,Final consumption - energy use,Total,Thousand tonnes of oil equivalent,Malta,2023-01-01,580.011
Annual,Final consumption - energy use,Total,Thousand tonnes of oil equivalent,Malta,2024-01-01,602.29
Annual,Final consumption - energy use,Total,Thousand tonnes of oil equivalent,Netherlands,2013-01-01,46898.823
Annual,Final consumption - energy use,Total,Thousand tonnes of oil equivalent,Netherlands,2014-01-01,42352.359
Annual,Final consumption - energy use,Total,Thousand tonnes of oil equivalent,Netherlands,2015-01-01,43375.392
Annual,Final consumption - energy use,Total,Thousand tonnes of oil equivalent,Netherlands,2016-01-01,44338.017
Annual,Final consumption - energy use,Total,Thousand tonnes of oil equivalent,Netherlands,2017-01-01,44529.147
Annual,Final consumption - energy use,Total,Thousand tonnes of oil equivalent,Netherlands,2018-01-01,44855.586
Annual,Final consumption - energy use,Total,Thousand tonnes of oil equivalent,Netherlands,2019-01-01,44071.203
Annual,Final consumption - energy use,Total,Thousand tonnes of oil equivalent,Netherlands,2020-01-01,41865.153
Annual,Final consumption - energy use,Total,Thousand tonnes of oil equivalent,Netherlands,2021-01-01,43258.235
Annual,Final consumption - energy use,Total,Thousand tonnes of oil equivalent,Netherlands,2022-01-01,38955.235
Annual,Final consumption - energy use,Total,Thousand tonnes of oil equivalent,Netherlands,2023-01-01,38048.94
Annual,Final consumption - energy use,Total,Thousand tonnes of oil equivalent,Netherlands,2024-01-01,38793.368
Annual,Final consumption - energy use,Total,Thousand tonnes of oil equivalent,Austria,2013-01-01,25801.476
Annual,Final consumption - energy use,Total,Thousand tonnes of oil equivalent,Austria,2014-01-01,24760.998
Annual,Final consumption - energy use,Total,Thousand tonnes of oil equivalent,Austria,2015-01-01,25475.009
Annual,Final consumption - energy use,Total,Thousand tonnes of oil equivalent,Austria,2016-01-01,26099.472
Annual,Final consumption - energy use,Total,Thousand tonnes of oil equivalent,Austria,2017-01-01,26502.78
Annual,Final consumption - energy use,Total,Thousand tonnes of oil equivalent,Austria,2018-01-01,26042.437
Annual,Final consumption - energy use,Total,Thousand tonnes of oil equivalent,Austria,2019-01-01,26221.621
Annual,Final consumption - energy use,Total,Thousand tonnes of oil equivalent,Austria,2020-01-01,25006.898
Annual,Final consumption - energy use,Total,Thousand tonnes of oil equivalent,Austria,2021-01-01,26434.142
Annual,Final consumption - energy use,Total,Thousand tonnes of oil equivalent,Austria,2022-01-01,25171.124
Annual,Final consumption - energy use,Total,Thousand tonnes of oil equivalent,Austria,2023-01-01,24317.76
Annual,Final consumption - energy use,Total,Thousand tonnes of oil equivalent,Austria,2024-01-01,24018.564
Annual,Final consumption - energy use,Total,Thousand tonnes of oil equivalent,Poland,2013-01-01,62107.507
Annual,Final consumption - energy use,Total,Thousand tonnes of oil equivalent,Poland,2014-01-01,60204.33
Annual,Final consumption - energy use,Total,Thousand tonnes of oil equivalent,Poland,2015-01-01,60862.715
Annual,Final consumption - energy use,Total,Thousand tonnes of oil equivalent,Poland,2016-01-01,65137.043
Annual,Final consumption - energy use,Total,Thousand tonnes of oil equivalent,Poland,2017-01-01,69225.895
Annual,Final consumption - energy use,Total,Thousand tonnes of oil equivalent,Poland,2018-01-01,73049.211
Annual,Final consumption - energy use,Total,Thousand tonnes of oil equivalent,Poland,2019-01-01,71853.636
Annual,Final consumption - energy use,Total,Thousand tonnes of oil equivalent,Poland,2020-01-01,70177.416
Annual,Final consumption - energy use,Total,Thousand tonnes of oil equivalent,Poland,2021-01-01,74175.218
Annual,Final consumption - energy use,Total,Thousand tonnes of oil equivalent,Poland,2022-01-01,70966.086
Annual,Final consumption - energy use,Total,Thousand tonnes of oil equivalent,Poland,2023-01-01,69246.314
Annual,Final consumption - energy use,Total,Thousand tonnes of oil equivalent,Poland,2024-01-01,69194.27
Annual,Final consumption - energy use,Total,Thousand tonnes of oil equivalent,Portugal,2013-01-01,14908.318
Annual,Final consumption - energy use,Total,Thousand tonnes of oil equivalent,Portugal,2014-01-01,15386.388
Annual,Final consumption - energy use,Total,Thousand tonnes of oil equivalent,Portugal,2015-01-01,15550.875
Annual,Final consumption - energy use,Total,Thousand tonnes of oil equivalent,Portugal,2016-01-01,15640.739
Annual,Final consumption - energy use,Total,Thousand tonnes of oil equivalent,Portugal,2017-01-01,15900.697
Annual,Final consumption - energy use,Total,Thousand tonnes of oil equivalent,Portugal,2018-01-01,16152.622
Annual,Final consumption - energy use,Total,Thousand tonnes of oil equivalent,Portugal,2019-01-01,16354.725
Annual,Final consumption - energy use,Total,Thousand tonnes of oil equivalent,Portugal,2020-01-01,15156.57
Annual,Final consumption - energy use,Total,Thousand tonnes of oil equivalent,Portugal,2021-01-01,15772.048
Annual,Final consumption - energy use,Total,Thousand tonnes of oil equivalent,Portugal,2022-01-01,16170.756
Annual,Final consumption - energy use,Total,Thousand tonnes of oil equivalent,Portugal,2023-01-01,16467.763
Annual,Final consumption - energy use,Total,Thousand tonnes of oil equivalent,Portugal,2024-01-01,16456.334
Annual,Final consumption - energy use,Total,Thousand tonnes of oil equivalent,Romania,2013-01-01,21631.325
Annual,Final consumption - energy use,Total,Thousand tonnes of oil equivalent,Romania,2014-01-01,21470.367
Annual,Final consumption - energy use,Total,Thousand tonnes of oil equivalent,Romania,2015-01-01,21600.24
Annual,Final consumption - energy use,Total,Thousand tonnes of oil equivalent,Romania,2016-01-01,21935.25
Annual,Final consumption - energy use,Total,Thousand tonnes of oil equivalent,Romania,2017-01-01,22980.154
Annual,Final consumption - energy use,Total,Thousand tonnes of oil equivalent,Romania,2018-01-01,23444.791
Annual,Final consumption - energy use,Total,Thousand tonnes of oil equivalent,Romania,2019-01-01,23712.653
Annual,Final consumption - energy use,Total,Thousand tonnes of oil equivalent,Romania,2020-01-01,23472.38
Annual,Final consumption - energy use,Total,Thousand tonnes of oil equivalent,Romania,2021-01-01,25279.75
Annual,Final consumption - energy use,Total,Thousand tonnes of oil equivalent,Romania,2022-01-01,23923.243
Annual,Final consumption - energy use,Total,Thousand tonnes of oil equivalent,Romania,2023-01-01,23329.354
Annual,Final consumption - energy use,Total,Thousand tonnes of oil equivalent,Romania,2024-01-01,23375.481
Annual,Final consumption - energy use,Total,Thousand tonnes of oil equivalent,Slovenia,2013-01-01,4802.228
Annual,Final consumption - energy use,Total,Thousand tonnes of oil equivalent,Slovenia,2014-01-01,4607.657
Annual,Final consumption - energy use,Total,Thousand tonnes of oil equivalent,Slovenia,2015-01-01,4721.534
Annual,Final consumption - energy use,Total,Thousand tonnes of oil equivalent,Slovenia,2016-01-01,4903.5
Annual,Final consumption - energy use,Total,Thousand tonnes of oil equivalent,Slovenia,2017-01-01,4973.996
Annual,Final consumption - energy use,Total,Thousand tonnes of oil equivalent,Slovenia,2018-01-01,4969.575
Annual,Final consumption - energy use,Total,Thousand tonnes of oil equivalent,Slovenia,2019-01-01,4882.087
Annual,Final consumption - energy use,Total,Thousand tonnes of oil equivalent,Slovenia,2020-01-01,4447.19
Annual,Final consumption - energy use,Total,Thousand tonnes of oil equivalent,Slovenia,2021-01-01,4769.706
Annual,Final consumption - energy use,Total,Thousand tonnes of oil equivalent,Slovenia,2022-01-01,4760.845
Annual,Final consumption - energy use,Total,Thousand tonnes of oil equivalent,Slovenia,2023-01-01,4529.882
Annual,Final consumption - energy use,Total,Thousand tonnes of oil equivalent,Slovenia,2024-01-01,4646.955
Annual,Final consumption - energy use,Total,Thousand tonnes of oil equivalent,Slovakia,2013-01-01,10107.882
Annual,Final consumption - energy use,Total,Thousand tonnes of oil equivalent,Slovakia,2014-01-01,9113.614
Annual,Final consumption - energy use,Total,Thousand tonnes of oil equivalent,Slovakia,2015-01-01,9525.304
Annual,Final consumption - energy use,Total,Thousand tonnes of oil equivalent,Slovakia,2016-01-01,9884.214
Annual,Final consumption - energy use,Total,Thousand tonnes of oil equivalent,Slovakia,2017-01-01,10538.548
Annual,Final consumption - energy use,Total,Thousand tonnes of oil equivalent,Slovakia,2018-01-01,10400.003
Annual,Final consumption - energy use,Total,Thousand tonnes of oil equivalent,Slovakia,2019-01-01,10242.955
Annual,Final consumption - energy use,Total,Thousand tonnes of oil equivalent,Slovakia,2020-01-01,9611.131
Annual,Final consumption - energy use,Total,Thousand tonnes of oil equivalent,Slovakia,2021-01-01,10508.333
Annual,Final consumption - energy use,Total,Thousand tonnes of oil equivalent,Slovakia,2022-01-01,9923.616
Annual,Final consumption - energy use,Total,Thousand tonnes of oil equivalent,Slovakia,2023-01-01,9185.442
Annual,Final consumption - energy use,Total,Thousand tonnes of oil equivalent,Slovakia,2024-01-01,9055.407
Annual,Final consumption - energy use,Total,Thousand tonnes of oil equivalent,Finland,2013-01-01,23561.862
Annual,Final consumption - energy use,Total,Thousand tonnes of oil equivalent,Finland,2014-01-01,23416.963
Annual,Final consumption - energy use,Total,Thousand tonnes of oil equivalent,Finland,2015-01-01,23049.777
Annual,Final consumption - energy use,Total,Thousand tonnes of oil equivalent,Finland,2016-01-01,24030.895
Annual,Final consumption - energy use,Total,Thousand tonnes of oil equivalent,Finland,2017-01-01,24677.948
Annual,Final consumption - energy use,Total,Thousand tonnes of oil equivalent,Finland,2018-01-01,25023.526
Annual,Final consumption - energy use,Total,Thousand tonnes of oil equivalent,Finland,2019-01-01,24828.655
Annual,Final consumption - energy use,Total,Thousand tonnes of oil equivalent,Finland,2020-01-01,23246.091
Annual,Final consumption - energy use,Total,Thousand tonnes of oil equivalent,Finland,2021-01-01,24805.313
Annual,Final consumption - energy use,Total,Thousand tonnes of oil equivalent,Finland,2022-01-01,23156.731
Annual,Final consumption - energy use,Total,Thousand tonnes of oil equivalent,Finland,2023-01-01,22434.316
Annual,Final consumption - energy use,Total,Thousand tonnes of oil equivalent,Finland,2024-01-01,22524.256
Annual,Final consumption - energy use,Total,Thousand tonnes of oil equivalent,Sweden,2013-01-01,31581.916
Annual,Final consumption - energy use,Total,Thousand tonnes of oil equivalent,Sweden,2014-01-01,30841.813
Annual,Final consumption - energy use,Total,Thousand tonnes of oil equivalent,Sweden,2015-01-01,31412.09
Annual,Final consumption - energy use,Total,Thousand tonnes of oil equivalent,Sweden,2016-01-01,31946.371
Annual,Final consumption - energy use,Total,Thousand tonnes of oil equivalent,Sweden,2017-01-01,31761.618
Annual,Final consumption - energy use,Total,Thousand tonnes of oil equivalent,Sweden,2018-01-01,31640.993
Annual,Final consumption - energy use,Total,Thousand tonnes of oil equivalent,Sweden,2019-01-01,31196.158
Annual,Final consumption - energy use,Total,Thousand tonnes of oil equivalent,Sweden,2020-01-01,30924.411
Annual,Final consumption - energy use,Total,Thousand tonnes of oil equivalent,Sweden,2021-01-01,32058.517
Annual,Final consumption - energy use,Total,Thousand tonnes of oil equivalent,Sweden,2022-01-01,30993.729
Annual,Final consumption - energy use,Total,Thousand tonnes of oil equivalent,Sweden,2023-01-01,31095.993
Annual,Final consumption - energy use,Total,Thousand tonnes of oil equivalent,Sweden,2024-01-01,31321.746
Annual,Final consumption - energy use,Total,Thousand tonnes of oil equivalent,Iceland,2013-01-01,2706.726
Annual,Final consumption - energy use,Total,Thousand tonnes of oil equivalent,Iceland,2014-01-01,2739.703
Annual,Final consumption - energy use,Total,Thousand tonnes of oil equivalent,Iceland,2015-01-01,2848.624
Annual,Final consumption - energy use,Total,Thousand tonnes of oil equivalent,Iceland,2016-01-01,2801.368
Annual,Final consumption - energy use,Total,Thousand tonnes of oil equivalent,Iceland,2017-01-01,2848.956
Annual,Final consumption - energy use,Total,Thousand tonnes of oil equivalent,Iceland,2018-01-01,3078.878
Annual,Final consumption - energy use,Total,Thousand tonnes of oil equivalent,Iceland,2019-01-01,2934.494
Annual,Final consumption - energy use,Total,Thousand tonnes of oil equivalent,Iceland,2020-01-01,2869.74
Annual,Final consumption - energy use,Total,Thousand tonnes of oil equivalent,Iceland,2021-01-01,2983.268
Annual,Final consumption - energy use,Total,Thousand tonnes of oil equivalent,Iceland,2022-01-01,3018.55
Annual,Final consumption - energy use,Total,Thousand tonnes of oil equivalent,Iceland,2023-01-01,3041.864
Annual,Final consumption - energy use,Total,Thousand tonnes of oil equivalent,Iceland,2024-01-01,3099.056
Annual,Final consumption - energy use,Total,Thousand tonnes of oil equivalent,Norway,2013-01-01,19019.923
Annual,Final consumption - energy use,Total,Thousand tonnes of oil equivalent,Norway,2014-01-01,18605.239
Annual,Final consumption - energy use,Total,Thousand tonnes of oil equivalent,Norway,2015-01-01,18822.272
Annual,Final consumption - energy use,Total,Thousand tonnes of oil equivalent,Norway,2016-01-01,19193.701
Annual,Final consumption - energy use,Total,Thousand tonnes of oil equivalent,Norway,2017-01-01,19372.442
Annual,Final consumption - energy use,Total,Thousand tonnes of oil equivalent,Norway,2018-01-01,19474.226
Annual,Final consumption - energy use,Total,Thousand tonnes of oil equivalent,Norway,2019-01-01,19405.859
Annual,Final consumption - energy use,Total,Thousand tonnes of oil equivalent,Norway,2020-01-01,19117.411
Annual,Final consumption - energy use,Total,Thousand tonnes of oil equivalent,Norway,2021-01-01,20109.462
Annual,Final consumption - energy use,Total,Thousand tonnes of oil equivalent,Norway,2022-01-01,19526.851
Annual,Final consumption - energy use,Total,Thousand tonnes of oil equivalent,Norway,2023-01-01,19436.296
Annual,Final consumption - energy use,Total,Thousand tonnes of oil equivalent,Norway,2024-01-01,19213.26
Annual,Final consumption - energy use,Total,Thousand tonnes of oil equivalent,United Kingdom,2013-01-01,123395.413
Annual,Final consumption - energy use,Total,Thousand tonnes of oil equivalent,United Kingdom,2014-01-01,116594.037
Annual,Final consumption - energy use,Total,Thousand tonnes of oil equivalent,United Kingdom,2015-01-01,120063.341
Annual,Final consumption - energy use,Total,Thousand tonnes of oil equivalent,United Kingdom,2016-01-01,121886.092
Annual,Final consumption - energy use,Total,Thousand tonnes of oil equivalent,United Kingdom,2017-01-01,120950.747
Annual,Final consumption - energy use,Total,Thousand tonnes of oil equivalent,United Kingdom,2018-01-01,122583.69
Annual,Final consumption - energy use,Total,Thousand tonnes of oil equivalent,United Kingdom,2019-01-01,121414.483
Annual,Final consumption - energy use,Total,Thousand tonnes of oil equivalent,Montenegro,2013-01-01,640.991
Annual,Final consumption - energy use,Total,Thousand tonnes of oil equivalent,Montenegro,2014-01-01,628.575
Annual,Final consumption - energy use,Total,Thousand tonnes of oil equivalent,Montenegro,2015-01-01,662.644
Annual,Final consumption - energy use,Total,Thousand tonnes of oil equivalent,Montenegro,2016-01-01,688.761
Annual,Final consumption - energy use,Total,Thousand tonnes of oil equivalent,Montenegro,2017-01-01,728.889
Annual,Final consumption - energy use,Total,Thousand tonnes of oil equivalent,Montenegro,2018-01-01,729.633
Annual,Final consumption - energy use,Total,Thousand tonnes of oil equivalent,Montenegro,2019-01-01,760.625
Annual,Final consumption - energy use,Total,Thousand tonnes of oil equivalent,Montenegro,2020-01-01,696.84
Annual,Final consumption - energy use,Total,Thousand tonnes of oil equivalent,Montenegro,2021-01-01,796.294
Annual,Final consumption - energy use,Total,Thousand tonnes of oil equivalent,Montenegro,2022-01-01,752.609
Annual,Final consumption - energy use,Total,Thousand tonnes of oil equivalent,Montenegro,2023-01-01,761.868
Annual,Final consumption - energy use,Total,Thousand tonnes of oil equivalent,Montenegro,2024-01-01,819.929
Annual,Final consumption - energy use,Total,Thousand tonnes of oil equivalent,North Macedonia,2013-01-01,1814.802
Annual,Final consumption - energy use,Total,Thousand tonnes of oil equivalent,North Macedonia,2014-01-01,1797.481
Annual,Final consumption - energy use,Total,Thousand tonnes of oil equivalent,North Macedonia,2015-01-01,1837.589
Annual,Final consumption - energy use,Total,Thousand tonnes of oil equivalent,North Macedonia,2016-01-01,1847.8
Annual,Final consumption - energy use,Total,Thousand tonnes of oil equivalent,North Macedonia,2017-01-01,1859.052
Annual,Final consumption - energy use,Total,Thousand tonnes of oil equivalent,North Macedonia,2018-01-01,1832.8
Annual,Final consumption - energy use,Total,Thousand tonnes of oil equivalent,North Macedonia,2019-01-01,1937.879
Annual,Final consumption - energy use,Total,Thousand tonnes of oil equivalent,North Macedonia,2020-01-01,1813.82
Annual,Final consumption - energy use,Total,Thousand tonnes of oil equivalent,North Macedonia,2021-01-01,1968.716
Annual,Final consumption - energy use,Total,Thousand tonnes of oil equivalent,North Macedonia,2022-01-01,1804.682
Annual,Final consumption - energy use,Total,Thousand tonnes of oil equivalent,North Macedonia,2023-01-01,1808.791
Annual,Final consumption - energy use,Total,Thousand tonnes of oil equivalent,North Macedonia,2024-01-01,1833.692
Annual,Final consumption - energy use,Total,Thousand tonnes of oil equivalent,Albania,2013-01-01,1961.871
Annual,Final consumption - energy use,Total,Thousand tonnes of oil equivalent,Albania,2014-01-01,2058.574
Annual,Final consumption - energy use,Total,Thousand tonnes of oil equivalent,Albania,2015-01-01,1962.498
Annual,Final consumption - energy use,Total,Thousand tonnes of oil equivalent,Albania,2016-01-01,1899.558
Annual,Final consumption - energy use,Total,Thousand tonnes of oil equivalent,Albania,2017-01-01,2078.928
Annual,Final consumption - energy use,Total,Thousand tonnes of oil equivalent,Albania,2018-01-01,2134.212
Annual,Final consumption - energy use,Total,Thousand tonnes of oil equivalent,Albania,2019-01-01,2053.036
Annual,Final consumption - energy use,Total,Thousand tonnes of oil equivalent,Albania,2020-01-01,1840.668
Annual,Final consumption - energy use,Total,Thousand tonnes of oil equivalent,Albania,2021-01-01,2012.504
Annual,Final consumption - energy use,Total,Thousand tonnes of oil equivalent,Albania,2022-01-01,1958.847
Annual,Final consumption - energy use,Total,Thousand tonnes of oil equivalent,Albania,2023-01-01,1883.5
Annual,Final consumption - energy use,Total,Thousand tonnes of oil equivalent,Albania,2024-01-01,1870.304
Annual,Final consumption - energy use,Total,Thousand tonnes of oil equivalent,Serbia,2013-01-01,8201.681
Annual,Final consumption - energy use,Total,Thousand tonnes of oil equivalent,Serbia,2014-01-01,7681.742
Annual,Final consumption - energy use,Total,Thousand tonnes of oil equivalent,Serbia,2015-01-01,7885.89
Annual,Final consumption - energy use,Total,Thousand tonnes of oil equivalent,Serbia,2016-01-01,8206.334
Annual,Final consumption - energy use,Total,Thousand tonnes of oil equivalent,Serbia,2017-01-01,8363.238
Annual,Final consumption - energy use,Total,Thousand tonnes of oil equivalent,Serbia,2018-01-01,8435.035
Annual,Final consumption - energy use,Total,Thousand tonnes of oil equivalent,Serbia,2019-01-01,8387.52
Annual,Final consumption - energy use,Total,Thousand tonnes of oil equivalent,Serbia,2020-01-01,8715.951
Annual,Final consumption - energy use,Total,Thousand tonnes of oil equivalent,Serbia,2021-01-01,9268.268
Annual,Final consumption - energy use,Total,Thousand tonnes of oil equivalent,Serbia,2022-01-01,9491.229
Annual,Final consumption - energy use,Total,Thousand tonnes of oil equivalent,Serbia,2023-01-01,9302.605
Annual,Final consumption - energy use,Total,Thousand tonnes of oil equivalent,Serbia,2024-01-01,9316.396
Annual,Final consumption - energy use,Total,Thousand tonnes of oil equivalent,Türkiye,2013-01-01,78466.784
Annual,Final consumption - energy use,Total,Thousand tonnes of oil equivalent,Türkiye,2014-01-01,80844.293
Annual,Final consumption - energy use,Total,Thousand tonnes of oil equivalent,Türkiye,2015-01-01,86846.978
Annual,Final consumption - energy use,Total,Thousand tonnes of oil equivalent,Türkiye,2016-01-01,90317.972
Annual,Final consumption - energy use,Total,Thousand tonnes of oil equivalent,Türkiye,2017-01-01,100511.818
Annual,Final consumption - energy use,Total,Thousand tonnes of oil equivalent,Türkiye,2018-01-01,98633.029
Annual,Final consumption - energy use,Total,Thousand tonnes of oil equivalent,Türkiye,2019-01-01,99100.378
Annual,Final consumption - energy use,Total,Thousand tonnes of oil equivalent,Türkiye,2020-01-01,101143.571
Annual,Final consumption - energy use,Total,Thousand tonnes of oil equivalent,Türkiye,2021-01-01,109801.743
Annual,Final consumption - energy use,Total,Thousand tonnes of oil equivalent,Türkiye,2022-01-01,108196.107
Annual,Final consumption - energy use,Total,Thousand tonnes of oil equivalent,Türkiye,2023-01-01,110242.861
Annual,Final consumption - energy use,Total,Thousand tonnes of oil equivalent,Türkiye,2024-01-01,116972.079
Annual,Final consumption - energy use,Total,Thousand tonnes of oil equivalent,Bosnia and Herzegovina,2014-01-01,3103.624
Annual,Final consumption - energy use,Total,Thousand tonnes of oil equivalent,Bosnia and Herzegovina,2015-01-01,3316.907
Annual,Final consumption - energy use,Total,Thousand tonnes of oil equivalent,Bosnia and Herzegovina,2016-01-01,3543.934
Annual,Final consumption - energy use,Total,Thousand tonnes of oil equivalent,Bosnia and Herzegovina,2017-01-01,3497.933
Annual,Final consumption - energy use,Total,Thousand tonnes of oil equivalent,Bosnia and Herzegovina,2018-01-01,4211.931
Annual,Final consumption - energy use,Total,Thousand tonnes of oil equivalent,Bosnia and Herzegovina,2019-01-01,4207.688
Annual,Final consumption - energy use,Total,Thousand tonnes of oil equivalent,Bosnia and Herzegovina,2020-01-01,4024.489
Annual,Final consumption - energy use,Total,Thousand tonnes of oil equivalent,Bosnia and Herzegovina,2021-01-01,4305.32
Annual,Final consumption - energy use,Total,Thousand tonnes of oil equivalent,Bosnia and Herzegovina,2022-01-01,4290.012
Annual,Final consumption - energy use,Total,Thousand tonnes of oil equivalent,Bosnia and Herzegovina,2023-01-01,4140.181
Annual,Final consumption - energy use,Total,Thousand tonnes of oil equivalent,Bosnia and Herzegovina,2024-01-01,4352.96
Annual,Final consumption - energy use,Total,Thousand tonnes of oil equivalent,Georgia,2013-01-01,3505.236
Annual,Final consumption - energy use,Total,Thousand tonnes of oil equivalent,Georgia,2014-01-01,3796.823
Annual,Final consumption - energy use,Total,Thousand tonnes of oil equivalent,Georgia,2015-01-01,3919.153
Annual,Final consumption - energy use,Total,Thousand tonnes of oil equivalent,Georgia,2016-01-01,4165.671
Annual,Final consumption - energy use,Total,Thousand tonnes of oil equivalent,Georgia,2017-01-01,4212.4
Annual,Final consumption - energy use,Total,Thousand tonnes of oil equivalent,Georgia,2018-01-01,4155.102
Annual,Final consumption - energy use,Total,Thousand tonnes of oil equivalent,Georgia,2019-01-01,4266.538
Annual,Final consumption - energy use,Total,Thousand tonnes of oil equivalent,Georgia,2020-01-01,4188.821
Annual,Final consumption - energy use,Total,Thousand tonnes of oil equivalent,Georgia,2021-01-01,4643.943
Annual,Final consumption - energy use,Total,Thousand tonnes of oil equivalent,Georgia,2022-01-01,4900.447
Annual,Final consumption - energy use,Total,Thousand tonnes of oil equivalent,Georgia,2023-01-01,4835.099
Annual,Final consumption - energy use,Total,Thousand tonnes of oil equivalent,Georgia,2024-01-01,5160.325
Annual,Final consumption - energy use,Total,Thousand tonnes of oil equivalent,Moldova,2013-01-01,2294.391
Annual,Final consumption - energy use,Total,Thousand tonnes of oil equivalent,Moldova,2014-01-01,2295.133
Annual,Final consumption - energy use,Total,Thousand tonnes of oil equivalent,Moldova,2015-01-01,2357.098
Annual,Final consumption - energy use,Total,Thousand tonnes of oil equivalent,Moldova,2016-01-01,2457.919
Annual,Final consumption - energy use,Total,Thousand tonnes of oil equivalent,Moldova,2017-01-01,2589.822
Annual,Final consumption - energy use,Total,Thousand tonnes of oil equivalent,Moldova,2018-01-01,2684.563
Annual,Final consumption - energy use,Total,Thousand tonnes of oil equivalent,Moldova,2019-01-01,2580.369
Annual,Final consumption - energy use,Total,Thousand tonnes of oil equivalent,Moldova,2020-01-01,2480.676
Annual,Final consumption - energy use,Total,Thousand tonnes of oil equivalent,Moldova,2021-01-01,2759.055
Annual,Final consumption - energy use,Total,Thousand tonnes of oil equivalent,Moldova,2022-01-01,2443.491
Annual,Final consumption - energy use,Total,Thousand tonnes of oil equivalent,Moldova,2023-01-01,2333.894
Annual,Final consumption - energy use,Total,Thousand tonnes of oil equivalent,Moldova,2024-01-01,2431.34
Annual,Final consumption - energy use,Total,Thousand tonnes of oil equivalent,Ukraine,2013-01-01,65144.066
Annual,Final consumption - energy use,Total,Thousand tonnes of oil equivalent,Ukraine,2014-01-01,57893.824
Annual,Final consumption - energy use,Total,Thousand tonnes of oil equivalent,Ukraine,2015-01-01,47488.152
Annual,Final consumption - energy use,Total,Thousand tonnes of oil equivalent,Ukraine,2016-01-01,48826.188
Annual,Final consumption - energy use,Total,Thousand tonnes of oil equivalent,Ukraine,2017-01-01,47345.792
Annual,Final consumption - energy use,Total,Thousand tonnes of oil equivalent,Ukraine,2018-01-01,48417.734
Annual,Final consumption - energy use,Total,Thousand tonnes of oil equivalent,Ukraine,2019-01-01,46886.431
Annual,Final consumption - energy use,Total,Thousand tonnes of oil equivalent,Ukraine,2020-01-01,44184.237
Annual,Final consumption - energy use,Total,Thousand tonnes of oil equivalent,Kosovo*,2013-01-01,1167.578
Annual,Final consumption - energy use,Total,Thousand tonnes of oil equivalent,Kosovo*,2014-01-01,1230.7
Annual,Final consumption - energy use,Total,Thousand tonnes of oil equivalent,Kosovo*,2015-01-01,1339.928
Annual,Final consumption - energy use,Total,Thousand tonnes of oil equivalent,Kosovo*,2016-01-01,1433.037
Annual,Final consumption - energy use,Total,Thousand tonnes of oil equivalent,Kosovo*,2017-01-01,1516.064
Annual,Final consumption - energy use,Total,Thousand tonnes of oil equivalent,Kosovo*,2018-01-01,1471.026
Annual,Final consumption - energy use,Total,Thousand tonnes of oil equivalent,Kosovo*,2019-01-01,1515.131
Annual,Final consumption - energy use,Total,Thousand tonnes of oil equivalent,Kosovo*,2020-01-01,1524.673
Annual,Final consumption - energy use,Total,Thousand tonnes of oil equivalent,Kosovo*,2021-01-01,1659.361
Annual,Final consumption - energy use,Total,Thousand tonnes of oil equivalent,Kosovo*,2022-01-01,1486.689
Annual,Final consumption - energy use,Total,Thousand tonnes of oil equivalent,Kosovo*,2023-01-01,1523.623
Annual,Final consumption - energy use,Total,Thousand tonnes of oil equivalent,Kosovo*,2024-01-01,1498.732
Annual,Final consumption - industry sector - energy use,Total,Thousand tonnes of oil equivalent,European Union - 27 countries (from 2020),2013-01-01,232633.797
Annual,Final consumption - industry sector - energy use,Total,Thousand tonnes of oil equivalent,European Union - 27 countries (from 2020),2014-01-01,229542.748
Annual,Final consumption - industry sector - energy use,Total,Thousand tonnes of oil equivalent,European Union - 27 countries (from 2020),2015-01-01,230213.476
Annual,Final consumption - industry sector - energy use,Total,Thousand tonnes of oil equivalent,European Union - 27 countries (from 2020),2016-01-01,234679.119
Annual,Final consumption - industry sector - energy use,Total,Thousand tonnes of oil equivalent,European Union - 27 countries (from 2020),2017-01-01,237037.376
Annual,Final consumption - industry sector - energy use,Total,Thousand tonnes of oil equivalent,European Union - 27 countries (from 2020),2018-01-01,238728.219
Annual,Final consumption - industry sector - energy use,Total,Thousand tonnes of oil equivalent,European Union - 27 countries (from 2020),2019-01-01,236153.986
Annual,Final consumption - industry sector - energy use,Total,Thousand tonnes of oil equivalent,European Union - 27 countries (from 2020),2020-01-01,228128.86
Annual,Final consumption - industry sector - energy use,Total,Thousand tonnes of oil equivalent,European Union - 27 countries (from 2020),2021-01-01,238297.994
Annual,Final consumption - industry sector - energy use,Total,Thousand tonnes of oil equivalent,European Union - 27 countries (from 2020),2022-01-01,222403.305
Annual,Final consumption - industry sector - energy use,Total,Thousand tonnes of oil equivalent,European Union - 27 countries (from 2020),2023-01-01,210757.266
Annual,Final consumption - industry sector - energy use,Total,Thousand tonnes of oil equivalent,European Union - 27 countries (from 2020),2024-01-01,211028.803
Annual,Final consumption - industry sector - energy use,Total,Thousand tonnes of oil equivalent,Belgium,2013-01-01,10741.364
Annual,Final consumption - industry sector - energy use,Total,Thousand tonnes of oil equivalent,Belgium,2014-01-01,10557.372
Annual,Final consumption - industry sector - energy use,Total,Thousand tonnes of oil equivalent,Belgium,2015-01-01,10570.537
Annual,Final consumption - industry sector - energy use,Total,Thousand tonnes of oil equivalent,Belgium,2016-01-01,10628.386
Annual,Final consumption - industry sector - energy use,Total,Thousand tonnes of oil equivalent,Belgium,2017-01-01,10445.991
Annual,Final consumption - industry sector - energy use,Total,Thousand tonnes of oil equivalent,Belgium,2018-01-01,10682.546
Annual,Final consumption - industry sector - energy use,Total,Thousand tonnes of oil equivalent,Belgium,2019-01-01,10692.196
Annual,Final consumption - industry sector - energy use,Total,Thousand tonnes of oil equivalent,Belgium,2020-01-01,10591.235
Annual,Final consumption - industry sector - energy use,Total,Thousand tonnes of oil equivalent,Belgium,2021-01-01,11066.441
Annual,Final consumption - industry sector - energy use,Total,Thousand tonnes of oil equivalent,Belgium,2022-01-01,9943.224
Annual,Final consumption - industry sector - energy use,Total,Thousand tonnes of oil equivalent,Belgium,2023-01-01,9477.604
Annual,Final consumption - industry sector - energy use,Total,Thousand tonnes of oil equivalent,Belgium,2024-01-01,9846.714
Annual,Final consumption - industry sector - energy use,Total,Thousand tonnes of oil equivalent,Bulgaria,2013-01-01,2595.527
Annual,Final consumption - industry sector - energy use,Total,Thousand tonnes of oil equivalent,Bulgaria,2014-01-01,2617.523
Annual,Final consumption - industry sector - energy use,Total,Thousand tonnes of oil equivalent,Bulgaria,2015-01-01,2719.641
Annual,Final consumption - industry sector - energy use,Total,Thousand tonnes of oil equivalent,Bulgaria,2016-01-01,2655.459
Annual,Final consumption - industry sector - energy use,Total,Thousand tonnes of oil equivalent,Bulgaria,2017-01-01,2757.516
Annual,Final consumption - industry sector - energy use,Total,Thousand tonnes of oil equivalent,Bulgaria,2018-01-01,2736.144
Annual,Final consumption - industry sector - energy use,Total,Thousand tonnes of oil equivalent,Bulgaria,2019-01-01,2678.806
Annual,Final consumption - industry sector - energy use,Total,Thousand tonnes of oil equivalent,Bulgaria,2020-01-01,2646.35
Annual,Final consumption - industry sector - energy use,Total,Thousand tonnes of oil equivalent,Bulgaria,2021-01-01,2823.82
Annual,Final consumption - industry sector - energy use,Total,Thousand tonnes of oil equivalent,Bulgaria,2022-01-01,2703.532
Annual,Final consumption - industry sector - energy use,Total,Thousand tonnes of oil equivalent,Bulgaria,2023-01-01,2540.266
Annual,Final consumption - industry sector - energy use,Total,Thousand tonnes of oil equivalent,Bulgaria,2024-01-01,2594.815
Annual,Final consumption - industry sector - energy use,Total,Thousand tonnes of oil equivalent,Czechia,2013-01-01,6426.744
Annual,Final consumption - industry sector - energy use,Total,Thousand tonnes of oil equivalent,Czechia,2014-01-01,6331.755
Annual,Final consumption - industry sector - energy use,Total,Thousand tonnes of oil equivalent,Czechia,2015-01-01,6477.94
Annual,Final consumption - industry sector - energy use,Total,Thousand tonnes of oil equivalent,Czechia,2016-01-01,6412.09
Annual,Final consumption - industry sector - energy use,Total,Thousand tonnes of oil equivalent,Czechia,2017-01-01,6734.121
Annual,Final consumption - industry sector - energy use,Total,Thousand tonnes of oil equivalent,Czechia,2018-01-01,6699.106
Annual,Final consumption - industry sector - energy use,Total,Thousand tonnes of oil equivalent,Czechia,2019-01-01,6618.619
Annual,Final consumption - industry sector - energy use,Total,Thousand tonnes of oil equivalent,Czechia,2020-01-01,6567.069
Annual,Final consumption - industry sector - energy use,Total,Thousand tonnes of oil equivalent,Czechia,2021-01-01,7013.271
Annual,Final consumption - industry sector - energy use,Total,Thousand tonnes of oil equivalent,Czechia,2022-01-01,6564.625
Annual,Final consumption - industry sector - energy use,Total,Thousand tonnes of oil equivalent,Czechia,2023-01-01,5966.333
Annual,Final consumption - industry sector - energy use,Total,Thousand tonnes of oil equivalent,Czechia,2024-01-01,5671.87
Annual,Final consumption - industry sector - energy use,Total,Thousand tonnes of oil equivalent,Denmark,2013-01-01,2179.385
Annual,Final consumption - industry sector - energy use,Total,Thousand tonnes of oil equivalent,Denmark,2014-01-01,2120.55
Annual,Final consumption - industry sector - energy use,Total,Thousand tonnes of oil equivalent,Denmark,2015-01-01,2116.284
Annual,Final consumption - industry sector - energy use,Total,Thousand tonnes of oil equivalent,Denmark,2016-01-01,2185.46
Annual,Final consumption - industry sector - energy use,Total,Thousand tonnes of oil equivalent,Denmark,2017-01-01,2284.643
Annual,Final consumption - industry sector - energy use,Total,Thousand tonnes of oil equivalent,Denmark,2018-01-01,2318.685
Annual,Final consumption - industry sector - energy use,Total,Thousand tonnes of oil equivalent,Denmark,2019-01-01,2257.662
Annual,Final consumption - industry sector - energy use,Total,Thousand tonnes of oil equivalent,Denmark,2020-01-01,2307.445
Annual,Final consumption - industry sector - energy use,Total,Thousand tonnes of oil equivalent,Denmark,2021-01-01,2478.016
Annual,Final consumption - industry sector - energy use,Total,Thousand tonnes of oil equivalent,Denmark,2022-01-01,2268.129
Annual,Final consumption - industry sector - energy use,Total,Thousand tonnes of oil equivalent,Denmark,2023-01-01,2135.92
Annual,Final consumption - industry sector - energy use,Total,Thousand tonnes of oil equivalent,Denmark,2024-01-01,2133.981
Annual,Final consumption - industry sector - energy use,Total,Thousand tonnes of oil equivalent,Germany,2013-01-01,56347.486
Annual,Final consumption - industry sector - energy use,Total,Thousand tonnes of oil equivalent,Germany,2014-01-01,55725.644
Annual,Final consumption - industry sector - energy use,Total,Thousand tonnes of oil equivalent,Germany,2015-01-01,56067.59
Annual,Final consumption - industry sector - energy use,Total,Thousand tonnes of oil equivalent,Germany,2016-01-01,56677.082
Annual,Final consumption - industry sector - energy use,Total,Thousand tonnes of oil equivalent,Germany,2017-01-01,57146.089
Annual,Final consumption - industry sector - energy use,Total,Thousand tonnes of oil equivalent,Germany,2018-01-01,57090.092
Annual,Final consumption - industry sector - energy use,Total,Thousand tonnes of oil equivalent,Germany,2019-01-01,55649.346
Annual,Final consumption - industry sector - energy use,Total,Thousand tonnes of oil equivalent,Germany,2020-01-01,54762.64
Annual,Final consumption - industry sector - energy use,Total,Thousand tonnes of oil equivalent,Germany,2021-01-01,56064.099
Annual,Final consumption - industry sector - energy use,Total,Thousand tonnes of oil equivalent,Germany,2022-01-01,53008.103
Annual,Final consumption - industry sector - energy use,Total,Thousand tonnes of oil equivalent,Germany,2023-01-01,49687.05
Annual,Final consumption - industry sector - energy use,Total,Thousand tonnes of oil equivalent,Germany,2024-01-01,48368.387
Annual,Final consumption - industry sector - energy use,Total,Thousand tonnes of oil equivalent,Estonia,2013-01-01,639.597
Annual,Final consumption - industry sector - energy use,Total,Thousand tonnes of oil equivalent,Estonia,2014-01-01,555.819
Annual,Final consumption - industry sector - energy use,Total,Thousand tonnes of oil equivalent,Estonia,2015-01-01,535.033
Annual,Final consumption - industry sector - energy use,Total,Thousand tonnes of oil equivalent,Estonia,2016-01-01,457.757
Annual,Final consumption - industry sector - energy use,Total,Thousand tonnes of oil equivalent,Estonia,2017-01-01,462.926
Annual,Final consumption - industry sector - energy use,Total,Thousand tonnes of oil equivalent,Estonia,2018-01-01,485.921
Annual,Final consumption - industry sector - energy use,Total,Thousand tonnes of oil equivalent,Estonia,2019-01-01,459.307
Annual,Final consumption - industry sector - energy use,Total,Thousand tonnes of oil equivalent,Estonia,2020-01-01,408.037
Annual,Final consumption - industry sector - energy use,Total,Thousand tonnes of oil equivalent,Estonia,2021-01-01,383.584
Annual,Final consumption - industry sector - energy use,Total,Thousand tonnes of oil equivalent,Estonia,2022-01-01,358.4
Annual,Final consumption - industry sector - energy use,Total,Thousand tonnes of oil equivalent,Estonia,2023-01-01,337.166
Annual,Final consumption - industry sector - energy use,Total,Thousand tonnes of oil equivalent,Estonia,2024-01-01,494.025
Annual,Final consumption - industry sector - energy use,Total,Thousand tonnes of oil equivalent,Ireland,2013-01-01,1932.741
Annual,Final consumption - industry sector - energy use,Total,Thousand tonnes of oil equivalent,Ireland,2014-01-01,2002.211
Annual,Final consumption - industry sector - energy use,Total,Thousand tonnes of oil equivalent,Ireland,2015-01-01,2039.926
Annual,Final consumption - industry sector - energy use,Total,Thousand tonnes of oil equivalent,Ireland,2016-01-01,2114.94
Annual,Final consumption - industry sector - energy use,Total,Thousand tonnes of oil equivalent,Ireland,2017-01-01,2219.211
Annual,Final consumption - industry sector - energy use,Total,Thousand tonnes of oil equivalent,Ireland,2018-01-01,2272.157
Annual,Final consumption - industry sector - energy use,Total,Thousand tonnes of oil equivalent,Ireland,2019-01-01,2269.197
Annual,Final consumption - industry sector - energy use,Total,Thousand tonnes of oil equivalent,Ireland,2020-01-01,2274.801
Annual,Final consumption - industry sector - energy use,Total,Thousand tonnes of oil equivalent,Ireland,2021-01-01,2266.444
Annual,Final consumption - industry sector - energy use,Total,Thousand tonnes of oil equivalent,Ireland,2022-01-01,2172.552
Annual,Final consumption - industry sector - energy use,Total,Thousand tonnes of oil equivalent,Ireland,2023-01-01,2128.803
Annual,Final consumption - industry sector - energy use,Total,Thousand tonnes of oil equivalent,Ireland,2024-01-01,2174.005
Annual,Final consumption - industry sector - energy use,Total,Thousand tonnes of oil equivalent,Greece,2013-01-01,2835.531
Annual,Final consumption - industry sector - energy use,Total,Thousand tonnes of oil equivalent,Greece,2014-01-01,3088.3
Annual,Final consumption - industry sector - energy use,Total,Thousand tonnes of oil equivalent,Greece,2015-01-01,3128.446
Annual,Final consumption - industry sector - energy use,Total,Thousand tonnes of oil equivalent,Greece,2016-01-01,3073.122
Annual,Final consumption - industry sector - energy use,Total,Thousand tonnes of oil equivalent,Greece,2017-01-01,2762.817
Annual,Final consumption - industry sector - energy use,Total,Thousand tonnes of oil equivalent,Greece,2018-01-01,2738.854
Annual,Final consumption - industry sector - energy use,Total,Thousand tonnes of oil equivalent,Greece,2019-01-01,2587.606
Annual,Final consumption - industry sector - energy use,Total,Thousand tonnes of oil equivalent,Greece,2020-01-01,2523.498
Annual,Final consumption - industry sector - energy use,Total,Thousand tonnes of oil equivalent,Greece,2021-01-01,2565.401
Annual,Final consumption - industry sector - energy use,Total,Thousand tonnes of oil equivalent,Greece,2022-01-01,2565.529
Annual,Final consumption - industry sector - energy use,Total,Thousand tonnes of oil equivalent,Greece,2023-01-01,2463.422
Annual,Final consumption - industry sector - energy use,Total,Thousand tonnes of oil equivalent,Greece,2024-01-01,2500.426
Annual,Final consumption - industry sector - energy use,Total,Thousand tonnes of oil equivalent,Spain,2013-01-01,19610.466
Annual,Final consumption - industry sector - energy use,Total,Thousand tonnes of oil equivalent,Spain,2014-01-01,19320.72
Annual,Final consumption - industry sector - energy use,Total,Thousand tonnes of oil equivalent,Spain,2015-01-01,19424.018
Annual,Final consumption - industry sector - energy use,Total,Thousand tonnes of oil equivalent,Spain,2016-01-01,20653.448
Annual,Final consumption - industry sector - energy use,Total,Thousand tonnes of oil equivalent,Spain,2017-01-01,21134.634
Annual,Final consumption - industry sector - energy use,Total,Thousand tonnes of oil equivalent,Spain,2018-01-01,21262.424
Annual,Final consumption - industry sector - energy use,Total,Thousand tonnes of oil equivalent,Spain,2019-01-01,21348.181
Annual,Final consumption - industry sector - energy use,Total,Thousand tonnes of oil equivalent,Spain,2020-01-01,19646.016
Annual,Final consumption - industry sector - energy use,Total,Thousand tonnes of oil equivalent,Spain,2021-01-01,20972.534
Annual,Final consumption - industry sector - energy use,Total,Thousand tonnes of oil equivalent,Spain,2022-01-01,19083.933
Annual,Final consumption - industry sector - energy use,Total,Thousand tonnes of oil equivalent,Spain,2023-01-01,18814.009
Annual,Final consumption - industry sector - energy use,Total,Thousand tonnes of oil equivalent,Spain,2024-01-01,19093.126
Annual,Final consumption - industry sector - energy use,Total,Thousand tonnes of oil equivalent,France,2013-01-01,29612.313
Annual,Final consumption - industry sector - energy use,Total,Thousand tonnes of oil equivalent,France,2014-01-01,28536.948
Annual,Final consumption - industry sector - energy use,Total,Thousand tonnes of oil equivalent,France,2015-01-01,28013.166
Annual,Final consumption - industry sector - energy use,Total,Thousand tonnes of oil equivalent,France,2016-01-01,28737.843
Annual,Final consumption - industry sector - energy use,Total,Thousand tonnes of oil equivalent,France,2017-01-01,27997.768
Annual,Final consumption - industry sector - energy use,Total,Thousand tonnes of oil equivalent,France,2018-01-01,28105.929
Annual,Final consumption - industry sector - energy use,Total,Thousand tonnes of oil equivalent,France,2019-01-01,27605.17
Annual,Final consumption - industry sector - energy use,Total,Thousand tonnes of oil equivalent,France,2020-01-01,25513.117
Annual,Final consumption - industry sector - energy use,Total,Thousand tonnes of oil equivalent,France,2021-01-01,27645.797
Annual,Final consumption - industry sector - energy use,Total,Thousand tonnes of oil equivalent,France,2022-01-01,26038.606
Annual,Final consumption - industry sector - energy use,Total,Thousand tonnes of oil equivalent,France,2023-01-01,24450.687
Annual,Final consumption - industry sector - energy use,Total,Thousand tonnes of oil equivalent,France,2024-01-01,24067.715
Annual,Final consumption - industry sector - energy use,Total,Thousand tonnes of oil equivalent,Croatia,2013-01-01,1075.141
Annual,Final consumption - industry sector - energy use,Total,Thousand tonnes of oil equivalent,Croatia,2014-01-01,1066.433
Annual,Final consumption - industry sector - energy use,Total,Thousand tonnes of oil equivalent,Croatia,2015-01-01,1056.141
Annual,Final consumption - industry sector - energy use,Total,Thousand tonnes of oil equivalent,Croatia,2016-01-01,1057.427
Annual,Final consumption - industry sector - energy use,Total,Thousand tonnes of oil equivalent,Croatia,2017-01-01,1148.118
Annual,Final consumption - industry sector - energy use,Total,Thousand tonnes of oil equivalent,Croatia,2018-01-01,1161.853
Annual,Final consumption - industry sector - energy use,Total,Thousand tonnes of oil equivalent,Croatia,2019-01-01,1172.434
Annual,Final consumption - industry sector - energy use,Total,Thousand tonnes of oil equivalent,Croatia,2020-01-01,1171.272
Annual,Final consumption - industry sector - energy use,Total,Thousand tonnes of oil equivalent,Croatia,2021-01-01,1191.359
Annual,Final consumption - industry sector - energy use,Total,Thousand tonnes of oil equivalent,Croatia,2022-01-01,1128.479
Annual,Final consumption - industry sector - energy use,Total,Thousand tonnes of oil equivalent,Croatia,2023-01-01,1173.888
Annual,Final consumption - industry sector - energy use,Total,Thousand tonnes of oil equivalent,Croatia,2024-01-01,1157.171
Annual,Final consumption - industry sector - energy use,Total,Thousand tonnes of oil equivalent,Italy,2013-01-01,25353.587
Annual,Final consumption - industry sector - energy use,Total,Thousand tonnes of oil equivalent,Italy,2014-01-01,24739.085
Annual,Final consumption - industry sector - energy use,Total,Thousand tonnes of oil equivalent,Italy,2015-01-01,24853.372
Annual,Final consumption - industry sector - energy use,Total,Thousand tonnes of oil equivalent,Italy,2016-01-01,25088.949
Annual,Final consumption - industry sector - energy use,Total,Thousand tonnes of oil equivalent,Italy,2017-01-01,24925.749
Annual,Final consumption - industry sector - energy use,Total,Thousand tonnes of oil equivalent,Italy,2018-01-01,24663.854
Annual,Final consumption - industry sector - energy use,Total,Thousand tonnes of oil equivalent,Italy,2019-01-01,24928.486
Annual,Final consumption - industry sector - energy use,Total,Thousand tonnes of oil equivalent,Italy,2020-01-01,23861.103
Annual,Final consumption - industry sector - energy use,Total,Thousand tonnes of oil equivalent,Italy,2021-01-01,25777.808
Annual,Final consumption - industry sector - energy use,Total,Thousand tonnes of oil equivalent,Italy,2022-01-01,23871.595
Annual,Final consumption - industry sector - energy use,Total,Thousand tonnes of oil equivalent,Italy,2023-01-01,22746.576
Annual,Final consumption - industry sector - energy use,Total,Thousand tonnes of oil equivalent,Italy,2024-01-01,22900.505
Annual,Final consumption - industry sector - energy use,Total,Thousand tonnes of oil equivalent,Cyprus,2013-01-01,186.089
Annual,Final consumption - industry sector - energy use,Total,Thousand tonnes of oil equivalent,Cyprus,2014-01-01,225.539
Annual,Final consumption - industry sector - energy use,Total,Thousand tonnes of oil equivalent,Cyprus,2015-01-01,211.592
Annual,Final consumption - industry sector - energy use,Total,Thousand tonnes of oil equivalent,Cyprus,2016-01-01,215.369
Annual,Final consumption - industry sector - energy use,Total,Thousand tonnes of oil equivalent,Cyprus,2017-01-01,234.2
Annual,Final consumption - industry sector - energy use,Total,Thousand tonnes of oil equivalent,Cyprus,2018-01-01,227.688
Annual,Final consumption - industry sector - energy use,Total,Thousand tonnes of oil equivalent,Cyprus,2019-01-01,228.648
Annual,Final consumption - industry sector - energy use,Total,Thousand tonnes of oil equivalent,Cyprus,2020-01-01,244.584
Annual,Final consumption - industry sector - energy use,Total,Thousand tonnes of oil equivalent,Cyprus,2021-01-01,246.344
Annual,Final consumption - industry sector - energy use,Total,Thousand tonnes of oil equivalent,Cyprus,2022-01-01,250.728
Annual,Final consumption - industry sector - energy use,Total,Thousand tonnes of oil equivalent,Cyprus,2023-01-01,252.856
Annual,Final consumption - industry sector - energy use,Total,Thousand tonnes of oil equivalent,Cyprus,2024-01-01,246.834
Annual,Final consumption - industry sector - energy use,Total,Thousand tonnes of oil equivalent,Latvia,2013-01-01,767.643
Annual,Final consumption - industry sector - energy use,Total,Thousand tonnes of oil equivalent,Latvia,2014-01-01,791.158
Annual,Final consumption - industry sector - energy use,Total,Thousand tonnes of oil equivalent,Latvia,2015-01-01,787.78
Annual,Final consumption - industry sector - energy use,Total,Thousand tonnes of oil equivalent,Latvia,2016-01-01,748.954
Annual,Final consumption - industry sector - energy use,Total,Thousand tonnes of oil equivalent,Latvia,2017-01-01,793.307
Annual,Final consumption - industry sector - energy use,Total,Thousand tonnes of oil equivalent,Latvia,2018-01-01,897.845
Annual,Final consumption - industry sector - energy use,Total,Thousand tonnes of oil equivalent,Latvia,2019-01-01,852.714
Annual,Final consumption - industry sector - energy use,Total,Thousand tonnes of oil equivalent,Latvia,2020-01-01,870.882
Annual,Final consumption - industry sector - energy use,Total,Thousand tonnes of oil equivalent,Latvia,2021-01-01,894.119
Annual,Final consumption - industry sector - energy use,Total,Thousand tonnes of oil equivalent,Latvia,2022-01-01,907.175
Annual,Final consumption - industry sector - energy use,Total,Thousand tonnes of oil equivalent,Latvia,2023-01-01,921.39
Annual,Final consumption - industry sector - energy use,Total,Thousand tonnes of oil equivalent,Latvia,2024-01-01,920.233
Annual,Final consumption - industry sector - energy use,Total,Thousand tonnes of oil equivalent,Lithuania,2013-01-01,1037.327
Annual,Final consumption - industry sector - energy use,Total,Thousand tonnes of oil equivalent,Lithuania,2014-01-01,1033.722
Annual,Final consumption - industry sector - energy use,Total,Thousand tonnes of oil equivalent,Lithuania,2015-01-01,982.755
Annual,Final consumption - industry sector - energy use,Total,Thousand tonnes of oil equivalent,Lithuania,2016-01-01,988.969
Annual,Final consumption - industry sector - energy use,Total,Thousand tonnes of oil equivalent,Lithuania,2017-01-01,1070.927
Annual,Final consumption - industry sector - energy use,Total,Thousand tonnes of oil equivalent,Lithuania,2018-01-01,1106.588
Annual,Final consumption - industry sector - energy use,Total,Thousand tonnes of oil equivalent,Lithuania,2019-01-01,1113.763
Annual,Final consumption - industry sector - energy use,Total,Thousand tonnes of oil equivalent,Lithuania,2020-01-01,1024.34
Annual,Final consumption - industry sector - energy use,Total,Thousand tonnes of oil equivalent,Lithuania,2021-01-01,1109.164
Annual,Final consumption - industry sector - energy use,Total,Thousand tonnes of oil equivalent,Lithuania,2022-01-01,953.872
Annual,Final consumption - industry sector - energy use,Total,Thousand tonnes of oil equivalent,Lithuania,2023-01-01,898.67
Annual,Final consumption - industry sector - energy use,Total,Thousand tonnes of oil equivalent,Lithuania,2024-01-01,979.789
Annual,Final consumption - industry sector - energy use,Total,Thousand tonnes of oil equivalent,Luxembourg,2013-01-01,662.241
Annual,Final consumption - industry sector - energy use,Total,Thousand tonnes of oil equivalent,Luxembourg,2014-01-01,662.991
Annual,Final consumption - industry sector - energy use,Total,Thousand tonnes of oil equivalent,Luxembourg,2015-01-01,645.852
Annual,Final consumption - industry sector - energy use,Total,Thousand tonnes of oil equivalent,Luxembourg,2016-01-01,672.673
Annual,Final consumption - industry sector - energy use,Total,Thousand tonnes of oil equivalent,Luxembourg,2017-01-01,630.695
Annual,Final consumption - industry sector - energy use,Total,Thousand tonnes of oil equivalent,Luxembourg,2018-01-01,648.871
Annual,Final consumption - industry sector - energy use,Total,Thousand tonnes of oil equivalent,Luxembourg,2019-01-01,631.731
Annual,Final consumption - industry sector - energy use,Total,Thousand tonnes of oil equivalent,Luxembourg,2020-01-01,580.106
Annual,Final consumption - industry sector - energy use,Total,Thousand tonnes of oil equivalent,Luxembourg,2021-01-01,607.148
Annual,Final consumption - industry sector - energy use,Total,Thousand tonnes of oil equivalent,Luxembourg,2022-01-01,542.744
Annual,Final consumption - industry sector - energy use,Total,Thousand tonnes of oil equivalent,Luxembourg,2023-01-01,496.168
Annual,Final consumption - industry sector - energy use,Total,Thousand tonnes of oil equivalent,Luxembourg,2024-01-01,532.567
Annual,Final consumption - industry sector - energy use,Total,Thousand tonnes of oil equivalent,Hungary,2013-01-01,3725.701
Annual,Final consumption - industry sector - energy use,Total,Thousand tonnes of oil equivalent,Hungary,2014-01-01,3705.025
Annual,Final consumption - industry sector - energy use,Total,Thousand tonnes of oil equivalent,Hungary,2015-01-01,3867.221
Annual,Final consumption - industry sector - energy use,Total,Thousand tonnes of oil equivalent,Hungary,2016-01-01,3988.299
Annual,Final consumption - industry sector - energy use,Total,Thousand tonnes of oil equivalent,Hungary,2017-01-01,4282.774
Annual,Final consumption - industry sector - energy use,Total,Thousand tonnes of oil equivalent,Hungary,2018-01-01,4453.878
Annual,Final consumption - industry sector - energy use,Total,Thousand tonnes of oil equivalent,Hungary,2019-01-01,4459.617
Annual,Final consumption - industry sector - energy use,Total,Thousand tonnes of oil equivalent,Hungary,2020-01-01,4421.598
Annual,Final consumption - industry sector - energy use,Total,Thousand tonnes of oil equivalent,Hungary,2021-01-01,4729.286
Annual,Final consumption - industry sector - energy use,Total,Thousand tonnes of oil equivalent,Hungary,2022-01-01,4303.259
Annual,Final consumption - industry sector - energy use,Total,Thousand tonnes of oil equivalent,Hungary,2023-01-01,3998.463
Annual,Final consumption - industry sector - energy use,Total,Thousand tonnes of oil equivalent,Hungary,2024-01-01,4157.212
Annual,Final consumption - industry sector - energy use,Total,Thousand tonnes of oil equivalent,Malta,2013-01-01,52.23
Annual,Final consumption - industry sector - energy use,Total,Thousand tonnes of oil equivalent,Malta,2014-01-01,55.495
Annual,Final consumption - industry sector - energy use,Total,Thousand tonnes of oil equivalent,Malta,2015-01-01,55.139
Annual,Final consumption - industry sector - energy use,Total,Thousand tonnes of oil equivalent,Malta,2016-01-01,54.925
Annual,Final consumption - industry sector - energy use,Total,Thousand tonnes of oil equivalent,Malta,2017-01-01,57.156
Annual,Final consumption - industry sector - energy use,Total,Thousand tonnes of oil equivalent,Malta,2018-01-01,58.835
Annual,Final consumption - industry sector - energy use,Total,Thousand tonnes of oil equivalent,Malta,2019-01-01,61.017
Annual,Final consumption - industry sector - energy use,Total,Thousand tonnes of oil equivalent,Malta,2020-01-01,66.241
Annual,Final consumption - industry sector - energy use,Total,Thousand tonnes of oil equivalent,Malta,2021-01-01,70.032
Annual,Final consumption - industry sector - energy use,Total,Thousand tonnes of oil equivalent,Malta,2022-01-01,72.405
Annual,Final consumption - industry sector - energy use,Total,Thousand tonnes of oil equivalent,Malta,2023-01-01,54.503
Annual,Final consumption - industry sector - energy use,Total,Thousand tonnes of oil equivalent,Malta,2024-01-01,56.279
Annual,Final consumption - industry sector - energy use,Total,Thousand tonnes of oil equivalent,Netherlands,2013-01-01,13350.828
Annual,Final consumption - industry sector - energy use,Total,Thousand tonnes of oil equivalent,Netherlands,2014-01-01,13080.793
Annual,Final consumption - industry sector - energy use,Total,Thousand tonnes of oil equivalent,Netherlands,2015-01-01,13143.134
Annual,Final consumption - industry sector - energy use,Total,Thousand tonnes of oil equivalent,Netherlands,2016-01-01,13811.044
Annual,Final consumption - industry sector - energy use,Total,Thousand tonnes of oil equivalent,Netherlands,2017-01-01,13784.187
Annual,Final consumption - industry sector - energy use,Total,Thousand tonnes of oil equivalent,Netherlands,2018-01-01,13668.95
Annual,Final consumption - industry sector - energy use,Total,Thousand tonnes of oil equivalent,Netherlands,2019-01-01,13295.047
Annual,Final consumption - industry sector - energy use,Total,Thousand tonnes of oil equivalent,Netherlands,2020-01-01,13304.593
Annual,Final consumption - industry sector - energy use,Total,Thousand tonnes of oil equivalent,Netherlands,2021-01-01,13314.44
Annual,Final consumption - industry sector - energy use,Total,Thousand tonnes of oil equivalent,Netherlands,2022-01-01,12272.495
Annual,Final consumption - industry sector - energy use,Total,Thousand tonnes of oil equivalent,Netherlands,2023-01-01,11640.785
Annual,Final consumption - industry sector - energy use,Total,Thousand tonnes of oil equivalent,Netherlands,2024-01-01,12229.708
Annual,Final consumption - industry sector - energy use,Total,Thousand tonnes of oil equivalent,Austria,2013-01-01,7494.58
Annual,Final consumption - industry sector - energy use,Total,Thousand tonnes of oil equivalent,Austria,2014-01-01,7340.552
Annual,Final consumption - industry sector - energy use,Total,Thousand tonnes of oil equivalent,Austria,2015-01-01,7363.897
Annual,Final consumption - industry sector - energy use,Total,Thousand tonnes of oil equivalent,Austria,2016-01-01,7608.447
Annual,Final consumption - industry sector - energy use,Total,Thousand tonnes of oil equivalent,Austria,2017-01-01,7629.156
Annual,Final consumption - industry sector - energy use,Total,Thousand tonnes of oil equivalent,Austria,2018-01-01,7563.291
Annual,Final consumption - industry sector - energy use,Total,Thousand tonnes of oil equivalent,Austria,2019-01-01,7542.285
Annual,Final consumption - industry sector - energy use,Total,Thousand tonnes of oil equivalent,Austria,2020-01-01,7274.665
Annual,Final consumption - industry sector - energy use,Total,Thousand tonnes of oil equivalent,Austria,2021-01-01,7455.981
Annual,Final consumption - industry sector - energy use,Total,Thousand tonnes of oil equivalent,Austria,2022-01-01,7463.073
Annual,Final consumption - industry sector - energy use,Total,Thousand tonnes of oil equivalent,Austria,2023-01-01,6788.523
Annual,Final consumption - industry sector - energy use,Total,Thousand tonnes of oil equivalent,Austria,2024-01-01,6875.366
Annual,Final consumption - industry sector - energy use,Total,Thousand tonnes of oil equivalent,Poland,2013-01-01,14211.874
Annual,Final consumption - industry sector - energy use,Total,Thousand tonnes of oil equivalent,Poland,2014-01-01,14154.142
Annual,Final consumption - industry sector - energy use,Total,Thousand tonnes of oil equivalent,Poland,2015-01-01,14096.528
Annual,Final consumption - industry sector - energy use,Total,Thousand tonnes of oil equivalent,Poland,2016-01-01,14653.06
Annual,Final consumption - industry sector - energy use,Total,Thousand tonnes of oil equivalent,Poland,2017-01-01,15820.809
Annual,Final consumption - industry sector - energy use,Total,Thousand tonnes of oil equivalent,Poland,2018-01-01,16327.204
Annual,Final consumption - industry sector - energy use,Total,Thousand tonnes of oil equivalent,Poland,2019-01-01,16491.455
Annual,Final consumption - industry sector - energy use,Total,Thousand tonnes of oil equivalent,Poland,2020-01-01,15920.468
Annual,Final consumption - industry sector - energy use,Total,Thousand tonnes of oil equivalent,Poland,2021-01-01,16306.038
Annual,Final consumption - industry sector - energy use,Total,Thousand tonnes of oil equivalent,Poland,2022-01-01,15151.19
Annual,Final consumption - industry sector - energy use,Total,Thousand tonnes of oil equivalent,Poland,2023-01-01,14338.014
Annual,Final consumption - industry sector - energy use,Total,Thousand tonnes of oil equivalent,Poland,2024-01-01,14534.874
Annual,Final consumption - industry sector - energy use,Total,Thousand tonnes of oil equivalent,Portugal,2013-01-01,4598.647
Annual,Final consumption - industry sector - energy use,Total,Thousand tonnes of oil equivalent,Portugal,2014-01-01,4405.499
Annual,Final consumption - industry sector - energy use,Total,Thousand tonnes of oil equivalent,Portugal,2015-01-01,4411.521
Annual,Final consumption - industry sector - energy use,Total,Thousand tonnes of oil equivalent,Portugal,2016-01-01,4381.447
Annual,Final consumption - industry sector - energy use,Total,Thousand tonnes of oil equivalent,Portugal,2017-01-01,4525.297
Annual,Final consumption - industry sector - energy use,Total,Thousand tonnes of oil equivalent,Portugal,2018-01-01,4553.901
Annual,Final consumption - industry sector - energy use,Total,Thousand tonnes of oil equivalent,Portugal,2019-01-01,4618.128
Annual,Final consumption - industry sector - energy use,Total,Thousand tonnes of oil equivalent,Portugal,2020-01-01,4447.539
Annual,Final consumption - industry sector - energy use,Total,Thousand tonnes of oil equivalent,Portugal,2021-01-01,4531.067
Annual,Final consumption - industry sector - energy use,Total,Thousand tonnes of oil equivalent,Portugal,2022-01-01,4504.165
Annual,Final consumption - industry sector - energy use,Total,Thousand tonnes of oil equivalent,Portugal,2023-01-01,4312.763
Annual,Final consumption - industry sector - energy use,Total,Thousand tonnes of oil equivalent,Portugal,2024-01-01,4472.519
Annual,Final consumption - industry sector - energy use,Total,Thousand tonnes of oil equivalent,Romania,2013-01-01,6272.845
Annual,Final consumption - industry sector - energy use,Total,Thousand tonnes of oil equivalent,Romania,2014-01-01,6427.425
Annual,Final consumption - industry sector - energy use,Total,Thousand tonnes of oil equivalent,Romania,2015-01-01,6418.898
Annual,Final consumption - industry sector - energy use,Total,Thousand tonnes of oil equivalent,Romania,2016-01-01,6263.796
Annual,Final consumption - industry sector - energy use,Total,Thousand tonnes of oil equivalent,Romania,2017-01-01,6437.729
Annual,Final consumption - industry sector - energy use,Total,Thousand tonnes of oil equivalent,Romania,2018-01-01,6612.433
Annual,Final consumption - industry sector - energy use,Total,Thousand tonnes of oil equivalent,Romania,2019-01-01,6661.063
Annual,Final consumption - industry sector - energy use,Total,Thousand tonnes of oil equivalent,Romania,2020-01-01,6437.031
Annual,Final consumption - industry sector - energy use,Total,Thousand tonnes of oil equivalent,Romania,2021-01-01,6856.343
Annual,Final consumption - industry sector - energy use,Total,Thousand tonnes of oil equivalent,Romania,2022-01-01,5739.746
Annual,Final consumption - industry sector - energy use,Total,Thousand tonnes of oil equivalent,Romania,2023-01-01,4958.0
Annual,Final consumption - industry sector - energy use,Total,Thousand tonnes of oil equivalent,Romania,2024-01-01,5042.183
Annual,Final consumption - industry sector - energy use,Total,Thousand tonnes of oil equivalent,Slovenia,2013-01-01,1197.651
Annual,Final consumption - industry sector - energy use,Total,Thousand tonnes of oil equivalent,Slovenia,2014-01-01,1231.213
Annual,Final consumption - industry sector - energy use,Total,Thousand tonnes of oil equivalent,Slovenia,2015-01-01,1228.021
Annual,Final consumption - industry sector - energy use,Total,Thousand tonnes of oil equivalent,Slovenia,2016-01-01,1242.337
Annual,Final consumption - industry sector - energy use,Total,Thousand tonnes of oil equivalent,Slovenia,2017-01-01,1295.612
Annual,Final consumption - industry sector - energy use,Total,Thousand tonnes of oil equivalent,Slovenia,2018-01-01,1319.176
Annual,Final consumption - industry sector - energy use,Total,Thousand tonnes of oil equivalent,Slovenia,2019-01-01,1322.08
Annual,Final consumption - industry sector - energy use,Total,Thousand tonnes of oil equivalent,Slovenia,2020-01-01,1256.408
Annual,Final consumption - industry sector - energy use,Total,Thousand tonnes of oil equivalent,Slovenia,2021-01-01,1294.263
Annual,Final consumption - industry sector - energy use,Total,Thousand tonnes of oil equivalent,Slovenia,2022-01-01,1181.138
Annual,Final consumption - industry sector - energy use,Total,Thousand tonnes of oil equivalent,Slovenia,2023-01-01,1073.341
Annual,Final consumption - industry sector - energy use,Total,Thousand tonnes of oil equivalent,Slovenia,2024-01-01,1081.758
Annual,Final consumption - industry sector - energy use,Total,Thousand tonnes of oil equivalent,Slovakia,2013-01-01,3114.817
Annual,Final consumption - industry sector - energy use,Total,Thousand tonnes of oil equivalent,Slovakia,2014-01-01,3241.628
Annual,Final consumption - industry sector - energy use,Total,Thousand tonnes of oil equivalent,Slovakia,2015-01-01,3333.371
Annual,Final consumption - industry sector - energy use,Total,Thousand tonnes of oil equivalent,Slovakia,2016-01-01,3308.576
Annual,Final consumption - industry sector - energy use,Total,Thousand tonnes of oil equivalent,Slovakia,2017-01-01,3452.442
Annual,Final consumption - industry sector - energy use,Total,Thousand tonnes of oil equivalent,Slovakia,2018-01-01,3662.539
Annual,Final consumption - industry sector - energy use,Total,Thousand tonnes of oil equivalent,Slovakia,2019-01-01,3463.68
Annual,Final consumption - industry sector - energy use,Total,Thousand tonnes of oil equivalent,Slovakia,2020-01-01,3138.177
Annual,Final consumption - industry sector - energy use,Total,Thousand tonnes of oil equivalent,Slovakia,2021-01-01,3382.392
Annual,Final consumption - industry sector - energy use,Total,Thousand tonnes of oil equivalent,Slovakia,2022-01-01,3167.959
Annual,Final consumption - industry sector - energy use,Total,Thousand tonnes of oil equivalent,Slovakia,2023-01-01,2869.479
Annual,Final consumption - industry sector - energy use,Total,Thousand tonnes of oil equivalent,Slovakia,2024-01-01,2875.036
Annual,Final consumption - industry sector - energy use,Total,Thousand tonnes of oil equivalent,Finland,2013-01-01,10270.024
Annual,Final consumption - industry sector - energy use,Total,Thousand tonnes of oil equivalent,Finland,2014-01-01,10218.642
Annual,Final consumption - industry sector - energy use,Total,Thousand tonnes of oil equivalent,Finland,2015-01-01,10156.882
Annual,Final consumption - industry sector - energy use,Total,Thousand tonnes of oil equivalent,Finland,2016-01-01,10500.774
Annual,Final consumption - industry sector - energy use,Total,Thousand tonnes of oil equivalent,Finland,2017-01-01,10699.835
Annual,Final consumption - industry sector - energy use,Total,Thousand tonnes of oil equivalent,Finland,2018-01-01,11038.184
Annual,Final consumption - industry sector - energy use,Total,Thousand tonnes of oil equivalent,Finland,2019-01-01,10980.131
Annual,Final consumption - industry sector - energy use,Total,Thousand tonnes of oil equivalent,Finland,2020-01-01,10257.554
Annual,Final consumption - industry sector - energy use,Total,Thousand tonnes of oil equivalent,Finland,2021-01-01,10760.748
Annual,Final consumption - industry sector - energy use,Total,Thousand tonnes of oil equivalent,Finland,2022-01-01,9736.046
Annual,Final consumption - industry sector - energy use,Total,Thousand tonnes of oil equivalent,Finland,2023-01-01,9291.803
Annual,Final consumption - industry sector - energy use,Total,Thousand tonnes of oil equivalent,Finland,2024-01-01,9390.176
Annual,Final consumption - industry sector - energy use,Total,Thousand tonnes of oil equivalent,Sweden,2013-01-01,10940.065
Annual,Final consumption - industry sector - energy use,Total,Thousand tonnes of oil equivalent,Sweden,2014-01-01,10712.063
Annual,Final consumption - industry sector - energy use,Total,Thousand tonnes of oil equivalent,Sweden,2015-01-01,10920.312
Annual,Final consumption - industry sector - energy use,Total,Thousand tonnes of oil equivalent,Sweden,2016-01-01,10879.933
Annual,Final consumption - industry sector - energy use,Total,Thousand tonnes of oil equivalent,Sweden,2017-01-01,10828.964
Annual,Final consumption - industry sector - energy use,Total,Thousand tonnes of oil equivalent,Sweden,2018-01-01,10925.172
Annual,Final consumption - industry sector - energy use,Total,Thousand tonnes of oil equivalent,Sweden,2019-01-01,10783.745
Annual,Final consumption - industry sector - energy use,Total,Thousand tonnes of oil equivalent,Sweden,2020-01-01,11059.63
Annual,Final consumption - industry sector - energy use,Total,Thousand tonnes of oil equivalent,Sweden,2021-01-01,11023.122
Annual,Final consumption - industry sector - energy use,Total,Thousand tonnes of oil equivalent,Sweden,2022-01-01,10954.768
Annual,Final consumption - industry sector - energy use,Total,Thousand tonnes of oil equivalent,Sweden,2023-01-01,11253.547
Annual,Final consumption - industry sector - energy use,Total,Thousand tonnes of oil equivalent,Sweden,2024-01-01,11104.048
Annual,Final consumption - industry sector - energy use,Total,Thousand tonnes of oil equivalent,Iceland,2013-01-01,1424.41
Annual,Final consumption - industry sector - energy use,Total,Thousand tonnes of oil equivalent,Iceland,2014-01-01,1442.055
Annual,Final consumption - industry sector - energy use,Total,Thousand tonnes of oil equivalent,Iceland,2015-01-01,1460.048
Annual,Final consumption - industry sector - energy use,Total,Thousand tonnes of oil equivalent,Iceland,2016-01-01,1344.211
Annual,Final consumption - industry sector - energy use,Total,Thousand tonnes of oil equivalent,Iceland,2017-01-01,1394.304
Annual,Final consumption - industry sector - energy use,Total,Thousand tonnes of oil equivalent,Iceland,2018-01-01,1401.396
Annual,Final consumption - industry sector - energy use,Total,Thousand tonnes of oil equivalent,Iceland,2019-01-01,1315.423
Annual,Final consumption - industry sector - energy use,Total,Thousand tonnes of oil equivalent,Iceland,2020-01-01,1298.431
Annual,Final consumption - industry sector - energy use,Total,Thousand tonnes of oil equivalent,Iceland,2021-01-01,1330.039
Annual,Final consumption - industry sector - energy use,Total,Thousand tonnes of oil equivalent,Iceland,2022-01-01,1374.644
Annual,Final consumption - industry sector - energy use,Total,Thousand tonnes of oil equivalent,Iceland,2023-01-01,1389.684
Annual,Final consumption - industry sector - energy use,Total,Thousand tonnes of oil equivalent,Iceland,2024-01-01,1369.054
Annual,Final consumption - industry sector - energy use,Total,Thousand tonnes of oil equivalent,Norway,2013-01-01,6075.432
Annual,Final consumption - industry sector - energy use,Total,Thousand tonnes of oil equivalent,Norway,2014-01-01,5964.68
Annual,Final consumption - industry sector - energy use,Total,Thousand tonnes of oil equivalent,Norway,2015-01-01,6011.852
Annual,Final consumption - industry sector - energy use,Total,Thousand tonnes of oil equivalent,Norway,2016-01-01,6048.598
Annual,Final consumption - industry sector - energy use,Total,Thousand tonnes of oil equivalent,Norway,2017-01-01,6136.027
Annual,Final consumption - industry sector - energy use,Total,Thousand tonnes of oil equivalent,Norway,2018-01-01,6247.574
Annual,Final consumption - industry sector - energy use,Total,Thousand tonnes of oil equivalent,Norway,2019-01-01,6248.86
Annual,Final consumption - industry sector - energy use,Total,Thousand tonnes of oil equivalent,Norway,2020-01-01,6301.997
Annual,Final consumption - industry sector - energy use,Total,Thousand tonnes of oil equivalent,Norway,2021-01-01,6678.378
Annual,Final consumption - industry sector - energy use,Total,Thousand tonnes of oil equivalent,Norway,2022-01-01,6463.182
Annual,Final consumption - industry sector - energy use,Total,Thousand tonnes of oil equivalent,Norway,2023-01-01,6122.167
Annual,Final consumption - industry sector - energy use,Total,Thousand tonnes of oil equivalent,Norway,2024-01-01,6073.523
Annual,Final consumption - industry sector - energy use,Total,Thousand tonnes of oil equivalent,United Kingdom,2013-01-01,23643.762
Annual,Final consumption - industry sector - energy use,Total,Thousand tonnes of oil equivalent,United Kingdom,2014-01-01,22967.703
Annual,Final consumption - industry sector - energy use,Total,Thousand tonnes of oil equivalent,United Kingdom,2015-01-01,23060.44
Annual,Final consumption - industry sector - energy use,Total,Thousand tonnes of oil equivalent,United Kingdom,2016-01-01,21304.966
Annual,Final consumption - industry sector - energy use,Total,Thousand tonnes of oil equivalent,United Kingdom,2017-01-01,21625.725
Annual,Final consumption - industry sector - energy use,Total,Thousand tonnes of oil equivalent,United Kingdom,2018-01-01,21689.348
Annual,Final consumption - industry sector - energy use,Total,Thousand tonnes of oil equivalent,United Kingdom,2019-01-01,21118.796
Annual,Final consumption - industry sector - energy use,Total,Thousand tonnes of oil equivalent,Montenegro,2013-01-01,183.351
Annual,Final consumption - industry sector - energy use,Total,Thousand tonnes of oil equivalent,Montenegro,2014-01-01,133.191
Annual,Final consumption - industry sector - energy use,Total,Thousand tonnes of oil equivalent,Montenegro,2015-01-01,131.817
Annual,Final consumption - industry sector - energy use,Total,Thousand tonnes of oil equivalent,Montenegro,2016-01-01,120.024
Annual,Final consumption - industry sector - energy use,Total,Thousand tonnes of oil equivalent,Montenegro,2017-01-01,139.009
Annual,Final consumption - industry sector - energy use,Total,Thousand tonnes of oil equivalent,Montenegro,2018-01-01,135.524
Annual,Final consumption - industry sector - energy use,Total,Thousand tonnes of oil equivalent,Montenegro,2019-01-01,137.222
Annual,Final consumption - industry sector - energy use,Total,Thousand tonnes of oil equivalent,Montenegro,2020-01-01,133.129
Annual,Final consumption - industry sector - energy use,Total,Thousand tonnes of oil equivalent,Montenegro,2021-01-01,138.656
Annual,Final consumption - industry sector - energy use,Total,Thousand tonnes of oil equivalent,Montenegro,2022-01-01,89.434
Annual,Final consumption - industry sector - energy use,Total,Thousand tonnes of oil equivalent,Montenegro,2023-01-01,85.137
Annual,Final consumption - industry sector - energy use,Total,Thousand tonnes of oil equivalent,Montenegro,2024-01-01,87.303
Annual,Final consumption - industry sector - energy use,Total,Thousand tonnes of oil equivalent,North Macedonia,2013-01-01,555.332
Annual,Final consumption - industry sector - energy use,Total,Thousand tonnes of oil equivalent,North Macedonia,2014-01-01,517.614
Annual,Final consumption - industry sector - energy use,Total,Thousand tonnes of oil equivalent,North Macedonia,2015-01-01,474.779
Annual,Final consumption - industry sector - energy use,Total,Thousand tonnes of oil equivalent,North Macedonia,2016-01-01,441.263
Annual,Final consumption - industry sector - energy use,Total,Thousand tonnes of oil equivalent,North Macedonia,2017-01-01,388.256
Annual,Final consumption - industry sector - energy use,Total,Thousand tonnes of oil equivalent,North Macedonia,2018-01-01,412.335
Annual,Final consumption - industry sector - energy use,Total,Thousand tonnes of oil equivalent,North Macedonia,2019-01-01,450.049
Annual,Final consumption - industry sector - energy use,Total,Thousand tonnes of oil equivalent,North Macedonia,2020-01-01,460.846
Annual,Final consumption - industry sector - energy use,Total,Thousand tonnes of oil equivalent,North Macedonia,2021-01-01,483.86
Annual,Final consumption - industry sector - energy use,Total,Thousand tonnes of oil equivalent,North Macedonia,2022-01-01,373.789
Annual,Final consumption - industry sector - energy use,Total,Thousand tonnes of oil equivalent,North Macedonia,2023-01-01,337.602
Annual,Final consumption - industry sector - energy use,Total,Thousand tonnes of oil equivalent,North Macedonia,2024-01-01,307.934
Annual,Final consumption - industry sector - energy use,Total,Thousand tonnes of oil equivalent,Albania,2013-01-01,281.451
Annual,Final consumption - industry sector - energy use,Total,Thousand tonnes of oil equivalent,Albania,2014-01-01,372.768
Annual,Final consumption - industry sector - energy use,Total,Thousand tonnes of oil equivalent,Albania,2015-01-01,301.176
Annual,Final consumption - industry sector - energy use,Total,Thousand tonnes of oil equivalent,Albania,2016-01-01,285.923
Annual,Final consumption - industry sector - energy use,Total,Thousand tonnes of oil equivalent,Albania,2017-01-01,405.514
Annual,Final consumption - industry sector - energy use,Total,Thousand tonnes of oil equivalent,Albania,2018-01-01,457.432
Annual,Final consumption - industry sector - energy use,Total,Thousand tonnes of oil equivalent,Albania,2019-01-01,366.407
Annual,Final consumption - industry sector - energy use,Total,Thousand tonnes of oil equivalent,Albania,2020-01-01,385.24
Annual,Final consumption - industry sector - energy use,Total,Thousand tonnes of oil equivalent,Albania,2021-01-01,446.307
Annual,Final consumption - industry sector - energy use,Total,Thousand tonnes of oil equivalent,Albania,2022-01-01,430.752
Annual,Final consumption - industry sector - energy use,Total,Thousand tonnes of oil equivalent,Albania,2023-01-01,403.808
Annual,Final consumption - industry sector - energy use,Total,Thousand tonnes of oil equivalent,Albania,2024-01-01,409.139
Annual,Final consumption - industry sector - energy use,Total,Thousand tonnes of oil equivalent,Serbia,2013-01-01,2395.892
Annual,Final consumption - industry sector - energy use,Total,Thousand tonnes of oil equivalent,Serbia,2014-01-01,1955.714
Annual,Final consumption - industry sector - energy use,Total,Thousand tonnes of oil equivalent,Serbia,2015-01-01,2046.578
Annual,Final consumption - industry sector - energy use,Total,Thousand tonnes of oil equivalent,Serbia,2016-01-01,2174.093
Annual,Final consumption - industry sector - energy use,Total,Thousand tonnes of oil equivalent,Serbia,2017-01-01,2266.02
Annual,Final consumption - industry sector - energy use,Total,Thousand tonnes of oil equivalent,Serbia,2018-01-01,2397.904
Annual,Final consumption - industry sector - energy use,Total,Thousand tonnes of oil equivalent,Serbia,2019-01-01,2211.385
Annual,Final consumption - industry sector - energy use,Total,Thousand tonnes of oil equivalent,Serbia,2020-01-01,2025.761
Annual,Final consumption - industry sector - energy use,Total,Thousand tonnes of oil equivalent,Serbia,2021-01-01,2119.302
Annual,Final consumption - industry sector - energy use,Total,Thousand tonnes of oil equivalent,Serbia,2022-01-01,2241.068
Annual,Final consumption - industry sector - energy use,Total,Thousand tonnes of oil equivalent,Serbia,2023-01-01,2230.487
Annual,Final consumption - industry sector - energy use,Total,Thousand tonnes of oil equivalent,Serbia,2024-01-01,2219.956
Annual,Final consumption - industry sector - energy use,Total,Thousand tonnes of oil equivalent,Türkiye,2013-01-01,24029.04
Annual,Final consumption - industry sector - energy use,Total,Thousand tonnes of oil equivalent,Türkiye,2014-01-01,25101.897
Annual,Final consumption - industry sector - energy use,Total,Thousand tonnes of oil equivalent,Türkiye,2015-01-01,26109.622
Annual,Final consumption - industry sector - energy use,Total,Thousand tonnes of oil equivalent,Türkiye,2016-01-01,26330.093
Annual,Final consumption - industry sector - energy use,Total,Thousand tonnes of oil equivalent,Türkiye,2017-01-01,32121.826
Annual,Final consumption - industry sector - energy use,Total,Thousand tonnes of oil equivalent,Türkiye,2018-01-01,32331.058
Annual,Final consumption - industry sector - energy use,Total,Thousand tonnes of oil equivalent,Türkiye,2019-01-01,30491.713
Annual,Final consumption - industry sector - energy use,Total,Thousand tonnes of oil equivalent,Türkiye,2020-01-01,32577.26
Annual,Final consumption - industry sector - energy use,Total,Thousand tonnes of oil equivalent,Türkiye,2021-01-01,36752.141
Annual,Final consumption - industry sector - energy use,Total,Thousand tonnes of oil equivalent,Türkiye,2022-01-01,33339.942
Annual,Final consumption - industry sector - energy use,Total,Thousand tonnes of oil equivalent,Türkiye,2023-01-01,32514.15
Annual,Final consumption - industry sector - energy use,Total,Thousand tonnes of oil equivalent,Türkiye,2024-01-01,35201.438
Annual,Final consumption - industry sector - energy use,Total,Thousand tonnes of oil equivalent,Bosnia and Herzegovina,2014-01-01,717.286
Annual,Final consumption - industry sector - energy use,Total,Thousand tonnes of oil equivalent,Bosnia and Herzegovina,2015-01-01,756.627
Annual,Final consumption - industry sector - energy use,Total,Thousand tonnes of oil equivalent,Bosnia and Herzegovina,2016-01-01,754.104
Annual,Final consumption - industry sector - energy use,Total,Thousand tonnes of oil equivalent,Bosnia and Herzegovina,2017-01-01,828.931
Annual,Final consumption - industry sector - energy use,Total,Thousand tonnes of oil equivalent,Bosnia and Herzegovina,2018-01-01,863.498
Annual,Final consumption - industry sector - energy use,Total,Thousand tonnes of oil equivalent,Bosnia and Herzegovina,2019-01-01,752.725
Annual,Final consumption - industry sector - energy use,Total,Thousand tonnes of oil equivalent,Bosnia and Herzegovina,2020-01-01,600.61
Annual,Final consumption - industry sector - energy use,Total,Thousand tonnes of oil equivalent,Bosnia and Herzegovina,2021-01-01,703.358
Annual,Final consumption - industry sector - energy use,Total,Thousand tonnes of oil equivalent,Bosnia and Herzegovina,2022-01-01,664.959
Annual,Final consumption - industry sector - energy use,Total,Thousand tonnes of oil equivalent,Bosnia and Herzegovina,2023-01-01,561.031
Annual,Final consumption - industry sector - energy use,Total,Thousand tonnes of oil equivalent,Bosnia and Herzegovina,2024-01-01,701.397
Annual,Final consumption - industry sector - energy use,Total,Thousand tonnes of oil equivalent,Georgia,2013-01-01,732.581
Annual,Final consumption - industry sector - energy use,Total,Thousand tonnes of oil equivalent,Georgia,2014-01-01,759.094
Annual,Final consumption - industry sector - energy use,Total,Thousand tonnes of oil equivalent,Georgia,2015-01-01,776.551
Annual,Final consumption - industry sector - energy use,Total,Thousand tonnes of oil equivalent,Georgia,2016-01-01,747.355
Annual,Final consumption - industry sector - energy use,Total,Thousand tonnes of oil equivalent,Georgia,2017-01-01,836.142
Annual,Final consumption - industry sector - energy use,Total,Thousand tonnes of oil equivalent,Georgia,2018-01-01,868.278
Annual,Final consumption - industry sector - energy use,Total,Thousand tonnes of oil equivalent,Georgia,2019-01-01,822.425
Annual,Final consumption - industry sector - energy use,Total,Thousand tonnes of oil equivalent,Georgia,2020-01-01,783.177
Annual,Final consumption - industry sector - energy use,Total,Thousand tonnes of oil equivalent,Georgia,2021-01-01,826.807
Annual,Final consumption - industry sector - energy use,Total,Thousand tonnes of oil equivalent,Georgia,2022-01-01,890.856
Annual,Final consumption - industry sector - energy use,Total,Thousand tonnes of oil equivalent,Georgia,2023-01-01,777.133
Annual,Final consumption - industry sector - energy use,Total,Thousand tonnes of oil equivalent,Georgia,2024-01-01,798.587
Annual,Final consumption - industry sector - energy use,Total,Thousand tonnes of oil equivalent,Moldova,2013-01-01,250.298
Annual,Final consumption - industry sector - energy use,Total,Thousand tonnes of oil equivalent,Moldova,2014-01-01,227.156
Annual,Final consumption - industry sector - energy use,Total,Thousand tonnes of oil equivalent,Moldova,2015-01-01,212.33
Annual,Final consumption - industry sector - energy use,Total,Thousand tonnes of oil equivalent,Moldova,2016-01-01,196.056
Annual,Final consumption - industry sector - energy use,Total,Thousand tonnes of oil equivalent,Moldova,2017-01-01,211.736
Annual,Final consumption - industry sector - energy use,Total,Thousand tonnes of oil equivalent,Moldova,2018-01-01,248.859
Annual,Final consumption - industry sector - energy use,Total,Thousand tonnes of oil equivalent,Moldova,2019-01-01,231.5
Annual,Final consumption - industry sector - energy use,Total,Thousand tonnes of oil equivalent,Moldova,2020-01-01,224.167
Annual,Final consumption - industry sector - energy use,Total,Thousand tonnes of oil equivalent,Moldova,2021-01-01,246.109
Annual,Final consumption - industry sector - energy use,Total,Thousand tonnes of oil equivalent,Moldova,2022-01-01,213.867
Annual,Final consumption - industry sector - energy use,Total,Thousand tonnes of oil equivalent,Moldova,2023-01-01,191.982
Annual,Final consumption - industry sector - energy use,Total,Thousand tonnes of oil equivalent,Moldova,2024-01-01,201.047
Annual,Final consumption - industry sector - energy use,Total,Thousand tonnes of oil equivalent,Ukraine,2013-01-01,21841.758
Annual,Final consumption - industry sector - energy use,Total,Thousand tonnes of oil equivalent,Ukraine,2014-01-01,20568.374
Annual,Final consumption - industry sector - energy use,Total,Thousand tonnes of oil equivalent,Ukraine,2015-01-01,16377.631
Annual,Final consumption - industry sector - energy use,Total,Thousand tonnes of oil equivalent,Ukraine,2016-01-01,15512.409
Annual,Final consumption - industry sector - energy use,Total,Thousand tonnes of oil equivalent,Ukraine,2017-01-01,15094.859
Annual,Final consumption - industry sector - energy use,Total,Thousand tonnes of oil equivalent,Ukraine,2018-01-01,16416.222
Annual,Final consumption - industry sector - energy use,Total,Thousand tonnes of oil equivalent,Ukraine,2019-01-01,16126.577
Annual,Final consumption - industry sector - energy use,Total,Thousand tonnes of oil equivalent,Ukraine,2020-01-01,15979.57
Annual,Final consumption - industry sector - energy use,Total,Thousand tonnes of oil equivalent,Kosovo*,2013-01-01,262.9
Annual,Final consumption - industry sector - energy use,Total,Thousand tonnes of oil equivalent,Kosovo*,2014-01-01,245.253
Annual,Final consumption - industry sector - energy use,Total,Thousand tonnes of oil equivalent,Kosovo*,2015-01-01,307.181
Annual,Final consumption - industry sector - energy use,Total,Thousand tonnes of oil equivalent,Kosovo*,2016-01-01,281.257
Annual,Final consumption - industry sector - energy use,Total,Thousand tonnes of oil equivalent,Kosovo*,2017-01-01,313.24
Annual,Final consumption - industry sector - energy use,Total,Thousand tonnes of oil equivalent,Kosovo*,2018-01-01,281.795
Annual,Final consumption - industry sector - energy use,Total,Thousand tonnes of oil equivalent,Kosovo*,2019-01-01,299.97
Annual,Final consumption - industry sector - energy use,Total,Thousand tonnes of oil equivalent,Kosovo*,2020-01-01,302.386
Annual,Final consumption - industry sector - energy use,Total,Thousand tonnes of oil equivalent,Kosovo*,2021-01-01,328.236
Annual,Final consumption - industry sector - energy use,Total,Thousand tonnes of oil equivalent,Kosovo*,2022-01-01,298.207
Annual,Final consumption - industry sector - energy use,Total,Thousand tonnes of oil equivalent,Kosovo*,2023-01-01,316.098
Annual,Final consumption - industry sector - energy use,Total,Thousand tonnes of oil equivalent,Kosovo*,2024-01-01,297.778
Annual,Final consumption - transport sector - energy use,Total,Thousand tonnes of oil equivalent,European Union - 27 countries (from 2020),2013-01-01,261308.76
Annual,Final consumption - transport sector - energy use,Total,Thousand tonnes of oil equivalent,European Union - 27 countries (from 2020),2014-01-01,264353.645
Annual,Final consumption - transport sector - energy use,Total,Thousand tonnes of oil equivalent,European Union - 27 countries (from 2020),2015-01-01,267757.523
Annual,Final consumption - transport sector - energy use,Total,Thousand tonnes of oil equivalent,European Union - 27 countries (from 2020),2016-01-01,274005.822
Annual,Final consumption - transport sector - energy use,Total,Thousand tonnes of oil equivalent,European Union - 27 countries (from 2020),2017-01-01,279688.819
Annual,Final consumption - transport sector - energy use,Total,Thousand tonnes of oil equivalent,European Union - 27 countries (from 2020),2018-01-01,281142.642
Annual,Final consumption - transport sector - energy use,Total,Thousand tonnes of oil equivalent,European Union - 27 countries (from 2020),2019-01-01,283526.037
Annual,Final consumption - transport sector - energy use,Total,Thousand tonnes of oil equivalent,European Union - 27 countries (from 2020),2020-01-01,246932.865
Annual,Final consumption - transport sector - energy use,Total,Thousand tonnes of oil equivalent,European Union - 27 countries (from 2020),2021-01-01,267529.55
Annual,Final consumption - transport sector - energy use,Total,Thousand tonnes of oil equivalent,European Union - 27 countries (from 2020),2022-01-01,274731.279
Annual,Final consumption - transport sector - energy use,Total,Thousand tonnes of oil equivalent,European Union - 27 countries (from 2020),2023-01-01,273703.221
Annual,Final consumption - transport sector - energy use,Total,Thousand tonnes of oil equivalent,European Union - 27 countries (from 2020),2024-01-01,277570.543
Annual,Final consumption - transport sector - energy use,Total,Thousand tonnes of oil equivalent,Belgium,2013-01-01,8393.755
Annual,Final consumption - transport sector - energy use,Total,Thousand tonnes of oil equivalent,Belgium,2014-01-01,8526.894
Annual,Final consumption - transport sector - energy use,Total,Thousand tonnes of oil equivalent,Belgium,2015-01-01,8910.92
Annual,Final consumption - transport sector - energy use,Total,Thousand tonnes of oil equivalent,Belgium,2016-01-01,9005.12
Annual,Final consumption - transport sector - energy use,Total,Thousand tonnes of oil equivalent,Belgium,2017-01-01,8857.471
Annual,Final consumption - transport sector - energy use,Total,Thousand tonnes of oil equivalent,Belgium,2018-01-01,8901.812
Annual,Final consumption - transport sector - energy use,Total,Thousand tonnes of oil equivalent,Belgium,2019-01-01,8839.793
Annual,Final consumption - transport sector - energy use,Total,Thousand tonnes of oil equivalent,Belgium,2020-01-01,7745.474
Annual,Final consumption - transport sector - energy use,Total,Thousand tonnes of oil equivalent,Belgium,2021-01-01,8561.249
Annual,Final consumption - transport sector - energy use,Total,Thousand tonnes of oil equivalent,Belgium,2022-01-01,8694.924
Annual,Final consumption - transport sector - energy use,Total,Thousand tonnes of oil equivalent,Belgium,2023-01-01,8882.42
Annual,Final consumption - transport sector - energy use,Total,Thousand tonnes of oil equivalent,Belgium,2024-01-01,8920.858
Annual,Final consumption - transport sector - energy use,Total,Thousand tonnes of oil equivalent,Bulgaria,2013-01-01,2620.341
Annual,Final consumption - transport sector - energy use,Total,Thousand tonnes of oil equivalent,Bulgaria,2014-01-01,2916.487
Annual,Final consumption - transport sector - energy use,Total,Thousand tonnes of oil equivalent,Bulgaria,2015-01-01,3211.585
Annual,Final consumption - transport sector - energy use,Total,Thousand tonnes of oil equivalent,Bulgaria,2016-01-01,3268.077
Annual,Final consumption - transport sector - energy use,Total,Thousand tonnes of oil equivalent,Bulgaria,2017-01-01,3324.915
Annual,Final consumption - transport sector - energy use,Total,Thousand tonnes of oil equivalent,Bulgaria,2018-01-01,3374.736
Annual,Final consumption - transport sector - energy use,Total,Thousand tonnes of oil equivalent,Bulgaria,2019-01-01,3413.546
Annual,Final consumption - transport sector - energy use,Total,Thousand tonnes of oil equivalent,Bulgaria,2020-01-01,3209.758
Annual,Final consumption - transport sector - energy use,Total,Thousand tonnes of oil equivalent,Bulgaria,2021-01-01,3434.583
Annual,Final consumption - transport sector - energy use,Total,Thousand tonnes of oil equivalent,Bulgaria,2022-01-01,3468.082
Annual,Final consumption - transport sector - energy use,Total,Thousand tonnes of oil equivalent,Bulgaria,2023-01-01,3527.768
Annual,Final consumption - transport sector - energy use,Total,Thousand tonnes of oil equivalent,Bulgaria,2024-01-01,3748.692
Annual,Final consumption - transport sector - energy use,Total,Thousand tonnes of oil equivalent,Czechia,2013-01-01,5738.681
Annual,Final consumption - transport sector - energy use,Total,Thousand tonnes of oil equivalent,Czechia,2014-01-01,5948.768
Annual,Final consumption - transport sector - energy use,Total,Thousand tonnes of oil equivalent,Czechia,2015-01-01,6195.22
Annual,Final consumption - transport sector - energy use,Total,Thousand tonnes of oil equivalent,Czechia,2016-01-01,6417.093
Annual,Final consumption - transport sector - energy use,Total,Thousand tonnes of oil equivalent,Czechia,2017-01-01,6617.264
Annual,Final consumption - transport sector - energy use,Total,Thousand tonnes of oil equivalent,Czechia,2018-01-01,6659.891
Annual,Final consumption - transport sector - energy use,Total,Thousand tonnes of oil equivalent,Czechia,2019-01-01,6778.778
Annual,Final consumption - transport sector - energy use,Total,Thousand tonnes of oil equivalent,Czechia,2020-01-01,6377.501
Annual,Final consumption - transport sector - energy use,Total,Thousand tonnes of oil equivalent,Czechia,2021-01-01,6749.252
Annual,Final consumption - transport sector - energy use,Total,Thousand tonnes of oil equivalent,Czechia,2022-01-01,6888.929
Annual,Final consumption - transport sector - energy use,Total,Thousand tonnes of oil equivalent,Czechia,2023-01-01,7027.815
Annual,Final consumption - transport sector - energy use,Total,Thousand tonnes of oil equivalent,Czechia,2024-01-01,7313.13
Annual,Final consumption - transport sector - energy use,Total,Thousand tonnes of oil equivalent,Denmark,2013-01-01,4160.553
Annual,Final consumption - transport sector - energy use,Total,Thousand tonnes of oil equivalent,Denmark,2014-01-01,4202.481
Annual,Final consumption - transport sector - energy use,Total,Thousand tonnes of oil equivalent,Denmark,2015-01-01,4282.158
Annual,Final consumption - transport sector - energy use,Total,Thousand tonnes of oil equivalent,Denmark,2016-01-01,4379.51
Annual,Final consumption - transport sector - energy use,Total,Thousand tonnes of oil equivalent,Denmark,2017-01-01,4439.864
Annual,Final consumption - transport sector - energy use,Total,Thousand tonnes of oil equivalent,Denmark,2018-01-01,4482.557
Annual,Final consumption - transport sector - energy use,Total,Thousand tonnes of oil equivalent,Denmark,2019-01-01,4425.357
Annual,Final consumption - transport sector - energy use,Total,Thousand tonnes of oil equivalent,Denmark,2020-01-01,4115.267
Annual,Final consumption - transport sector - energy use,Total,Thousand tonnes of oil equivalent,Denmark,2021-01-01,4204.096
Annual,Final consumption - transport sector - energy use,Total,Thousand tonnes of oil equivalent,Denmark,2022-01-01,4137.566
Annual,Final consumption - transport sector - energy use,Total,Thousand tonnes of oil equivalent,Denmark,2023-01-01,4100.048
Annual,Final consumption - transport sector - energy use,Total,Thousand tonnes of oil equivalent,Denmark,2024-01-01,3794.339
Annual,Final consumption - transport sector - energy use,Total,Thousand tonnes of oil equivalent,Germany,2013-01-01,54240.042
Annual,Final consumption - transport sector - energy use,Total,Thousand tonnes of oil equivalent,Germany,2014-01-01,55445.775
Annual,Final consumption - transport sector - energy use,Total,Thousand tonnes of oil equivalent,Germany,2015-01-01,55144.756
Annual,Final consumption - transport sector - energy use,Total,Thousand tonnes of oil equivalent,Germany,2016-01-01,56556.589
Annual,Final consumption - transport sector - energy use,Total,Thousand tonnes of oil equivalent,Germany,2017-01-01,57247.225
Annual,Final consumption - transport sector - energy use,Total,Thousand tonnes of oil equivalent,Germany,2018-01-01,55470.398
Annual,Final consumption - transport sector - energy use,Total,Thousand tonnes of oil equivalent,Germany,2019-01-01,56220.462
Annual,Final consumption - transport sector - energy use,Total,Thousand tonnes of oil equivalent,Germany,2020-01-01,51000.996
Annual,Final consumption - transport sector - energy use,Total,Thousand tonnes of oil equivalent,Germany,2021-01-01,49902.777
Annual,Final consumption - transport sector - energy use,Total,Thousand tonnes of oil equivalent,Germany,2022-01-01,50725.775
Annual,Final consumption - transport sector - energy use,Total,Thousand tonnes of oil equivalent,Germany,2023-01-01,49303.809
Annual,Final consumption - transport sector - energy use,Total,Thousand tonnes of oil equivalent,Germany,2024-01-01,49522.114
Annual,Final consumption - transport sector - energy use,Total,Thousand tonnes of oil equivalent,Estonia,2013-01-01,739.198
Annual,Final consumption - transport sector - energy use,Total,Thousand tonnes of oil equivalent,Estonia,2014-01-01,741.51
Annual,Final consumption - transport sector - energy use,Total,Thousand tonnes of oil equivalent,Estonia,2015-01-01,760.004
Annual,Final consumption - transport sector - energy use,Total,Thousand tonnes of oil equivalent,Estonia,2016-01-01,776.895
Annual,Final consumption - transport sector - energy use,Total,Thousand tonnes of oil equivalent,Estonia,2017-01-01,803.862
Annual,Final consumption - transport sector - energy use,Total,Thousand tonnes of oil equivalent,Estonia,2018-01-01,834.796
Annual,Final consumption - transport sector - energy use,Total,Thousand tonnes of oil equivalent,Estonia,2019-01-01,839.841
Annual,Final consumption - transport sector - energy use,Total,Thousand tonnes of oil equivalent,Estonia,2020-01-01,795.628
Annual,Final consumption - transport sector - energy use,Total,Thousand tonnes of oil equivalent,Estonia,2021-01-01,840.249
Annual,Final consumption - transport sector - energy use,Total,Thousand tonnes of oil equivalent,Estonia,2022-01-01,845.746
Annual,Final consumption - transport sector - energy use,Total,Thousand tonnes of oil equivalent,Estonia,2023-01-01,845.792
Annual,Final consumption - transport sector - energy use,Total,Thousand tonnes of oil equivalent,Estonia,2024-01-01,993.989
Annual,Final consumption - transport sector - energy use,Total,Thousand tonnes of oil equivalent,Ireland,2013-01-01,3687.124
Annual,Final consumption - transport sector - energy use,Total,Thousand tonnes of oil equivalent,Ireland,2014-01-01,3837.801
Annual,Final consumption - transport sector - energy use,Total,Thousand tonnes of oil equivalent,Ireland,2015-01-01,3886.315
Annual,Final consumption - transport sector - energy use,Total,Thousand tonnes of oil equivalent,Ireland,2016-01-01,4098.28
Annual,Final consumption - transport sector - energy use,Total,Thousand tonnes of oil equivalent,Ireland,2017-01-01,4089.782
Annual,Final consumption - transport sector - energy use,Total,Thousand tonnes of oil equivalent,Ireland,2018-01-01,4135.463
Annual,Final consumption - transport sector - energy use,Total,Thousand tonnes of oil equivalent,Ireland,2019-01-01,4165.639
Annual,Final consumption - transport sector - energy use,Total,Thousand tonnes of oil equivalent,Ireland,2020-01-01,3520.769
Annual,Final consumption - transport sector - energy use,Total,Thousand tonnes of oil equivalent,Ireland,2021-01-01,3750.888
Annual,Final consumption - transport sector - energy use,Total,Thousand tonnes of oil equivalent,Ireland,2022-01-01,4020.029
Annual,Final consumption - transport sector - energy use,Total,Thousand tonnes of oil equivalent,Ireland,2023-01-01,4104.541
Annual,Final consumption - transport sector - energy use,Total,Thousand tonnes of oil equivalent,Ireland,2024-01-01,4112.536
Annual,Final consumption - transport sector - energy use,Total,Thousand tonnes of oil equivalent,Greece,2013-01-01,5608.77
Annual,Final consumption - transport sector - energy use,Total,Thousand tonnes of oil equivalent,Greece,2014-01-01,5635.497
Annual,Final consumption - transport sector - energy use,Total,Thousand tonnes of oil equivalent,Greece,2015-01-01,5753.399
Annual,Final consumption - transport sector - energy use,Total,Thousand tonnes of oil equivalent,Greece,2016-01-01,5897.048
Annual,Final consumption - transport sector - energy use,Total,Thousand tonnes of oil equivalent,Greece,2017-01-01,5815.313
Annual,Final consumption - transport sector - energy use,Total,Thousand tonnes of oil equivalent,Greece,2018-01-01,5897.204
Annual,Final consumption - transport sector - energy use,Total,Thousand tonnes of oil equivalent,Greece,2019-01-01,6045.183
Annual,Final consumption - transport sector - energy use,Total,Thousand tonnes of oil equivalent,Greece,2020-01-01,5141.857
Annual,Final consumption - transport sector - energy use,Total,Thousand tonnes of oil equivalent,Greece,2021-01-01,5530.448
Annual,Final consumption - transport sector - energy use,Total,Thousand tonnes of oil equivalent,Greece,2022-01-01,5866.033
Annual,Final consumption - transport sector - energy use,Total,Thousand tonnes of oil equivalent,Greece,2023-01-01,6128.632
Annual,Final consumption - transport sector - energy use,Total,Thousand tonnes of oil equivalent,Greece,2024-01-01,6351.373
Annual,Final consumption - transport sector - energy use,Total,Thousand tonnes of oil equivalent,Spain,2013-01-01,28203.413
Annual,Final consumption - transport sector - energy use,Total,Thousand tonnes of oil equivalent,Spain,2014-01-01,28427.13
Annual,Final consumption - transport sector - energy use,Total,Thousand tonnes of oil equivalent,Spain,2015-01-01,29439.41
Annual,Final consumption - transport sector - energy use,Total,Thousand tonnes of oil equivalent,Spain,2016-01-01,30631.963
Annual,Final consumption - transport sector - energy use,Total,Thousand tonnes of oil equivalent,Spain,2017-01-01,31749.555
Annual,Final consumption - transport sector - energy use,Total,Thousand tonnes of oil equivalent,Spain,2018-01-01,32513.6
Annual,Final consumption - transport sector - energy use,Total,Thousand tonnes of oil equivalent,Spain,2019-01-01,32915.106
Annual,Final consumption - transport sector - energy use,Total,Thousand tonnes of oil equivalent,Spain,2020-01-01,26059.067
Annual,Final consumption - transport sector - energy use,Total,Thousand tonnes of oil equivalent,Spain,2021-01-01,30350.056
Annual,Final consumption - transport sector - energy use,Total,Thousand tonnes of oil equivalent,Spain,2022-01-01,32477.593
Annual,Final consumption - transport sector - energy use,Total,Thousand tonnes of oil equivalent,Spain,2023-01-01,32202.67
Annual,Final consumption - transport sector - energy use,Total,Thousand tonnes of oil equivalent,Spain,2024-01-01,32870.13
Annual,Final consumption - transport sector - energy use,Total,Thousand tonnes of oil equivalent,France,2013-01-01,45952.726
Annual,Final consumption - transport sector - energy use,Total,Thousand tonnes of oil equivalent,France,2014-01-01,45917.605
Annual,Final consumption - transport sector - energy use,Total,Thousand tonnes of oil equivalent,France,2015-01-01,46491.623
Annual,Final consumption - transport sector - energy use,Total,Thousand tonnes of oil equivalent,France,2016-01-01,46744.528
Annual,Final consumption - transport sector - energy use,Total,Thousand tonnes of oil equivalent,France,2017-01-01,46943.875
Annual,Final consumption - transport sector - energy use,Total,Thousand tonnes of oil equivalent,France,2018-01-01,46176.166
Annual,Final consumption - transport sector - energy use,Total,Thousand tonnes of oil equivalent,France,2019-01-01,45890.949
Annual,Final consumption - transport sector - energy use,Total,Thousand tonnes of oil equivalent,France,2020-01-01,38586.384
Annual,Final consumption - transport sector - energy use,Total,Thousand tonnes of oil equivalent,France,2021-01-01,43830.653
Annual,Final consumption - transport sector - energy use,Total,Thousand tonnes of oil equivalent,France,2022-01-01,45238.229
Annual,Final consumption - transport sector - energy use,Total,Thousand tonnes of oil equivalent,France,2023-01-01,44181.249
Annual,Final consumption - transport sector - energy use,Total,Thousand tonnes of oil equivalent,France,2024-01-01,44509.078
Annual,Final consumption - transport sector - energy use,Total,Thousand tonnes of oil equivalent,Croatia,2013-01-01,1924.636
Annual,Final consumption - transport sector - energy use,Total,Thousand tonnes of oil equivalent,Croatia,2014-01-01,1900.924
Annual,Final consumption - transport sector - energy use,Total,Thousand tonnes of oil equivalent,Croatia,2015-01-01,1997.802
Annual,Final consumption - transport sector - energy use,Total,Thousand tonnes of oil equivalent,Croatia,2016-01-01,2045.099
Annual,Final consumption - transport sector - energy use,Total,Thousand tonnes of oil equivalent,Croatia,2017-01-01,2196.674
Annual,Final consumption - transport sector - energy use,Total,Thousand tonnes of oil equivalent,Croatia,2018-01-01,2146.863
Annual,Final consumption - transport sector - energy use,Total,Thousand tonnes of oil equivalent,Croatia,2019-01-01,2235.149
Annual,Final consumption - transport sector - energy use,Total,Thousand tonnes of oil equivalent,Croatia,2020-01-01,1968.591
Annual,Final consumption - transport sector - energy use,Total,Thousand tonnes of oil equivalent,Croatia,2021-01-01,2147.878
Annual,Final consumption - transport sector - energy use,Total,Thousand tonnes of oil equivalent,Croatia,2022-01-01,2234.877
Annual,Final consumption - transport sector - energy use,Total,Thousand tonnes of oil equivalent,Croatia,2023-01-01,2488.585
Annual,Final consumption - transport sector - energy use,Total,Thousand tonnes of oil equivalent,Croatia,2024-01-01,2747.48
Annual,Final consumption - transport sector - energy use,Total,Thousand tonnes of oil equivalent,Italy,2013-01-01,35701.272
Annual,Final consumption - transport sector - energy use,Total,Thousand tonnes of oil equivalent,Italy,2014-01-01,37009.372
Annual,Final consumption - transport sector - energy use,Total,Thousand tonnes of oil equivalent,Italy,2015-01-01,36374.374
Annual,Final consumption - transport sector - energy use,Total,Thousand tonnes of oil equivalent,Italy,2016-01-01,35814.501
Annual,Final consumption - transport sector - energy use,Total,Thousand tonnes of oil equivalent,Italy,2017-01-01,34525.408
Annual,Final consumption - transport sector - energy use,Total,Thousand tonnes of oil equivalent,Italy,2018-01-01,35579.484
Annual,Final consumption - transport sector - energy use,Total,Thousand tonnes of oil equivalent,Italy,2019-01-01,35861.202
Annual,Final consumption - transport sector - energy use,Total,Thousand tonnes of oil equivalent,Italy,2020-01-01,28976.458
Annual,Final consumption - transport sector - energy use,Total,Thousand tonnes of oil equivalent,Italy,2021-01-01,34801.761
Annual,Final consumption - transport sector - energy use,Total,Thousand tonnes of oil equivalent,Italy,2022-01-01,36684.754
Annual,Final consumption - transport sector - energy use,Total,Thousand tonnes of oil equivalent,Italy,2023-01-01,37105.49
Annual,Final consumption - transport sector - energy use,Total,Thousand tonnes of oil equivalent,Italy,2024-01-01,38137.662
Annual,Final consumption - transport sector - energy use,Total,Thousand tonnes of oil equivalent,Cyprus,2013-01-01,619.936
Annual,Final consumption - transport sector - energy use,Total,Thousand tonnes of oil equivalent,Cyprus,2014-01-01,599.542
Annual,Final consumption - transport sector - energy use,Total,Thousand tonnes of oil equivalent,Cyprus,2015-01-01,621.949
Annual,Final consumption - transport sector - energy use,Total,Thousand tonnes of oil equivalent,Cyprus,2016-01-01,658.147
Annual,Final consumption - transport sector - energy use,Total,Thousand tonnes of oil equivalent,Cyprus,2017-01-01,681.155
Annual,Final consumption - transport sector - energy use,Total,Thousand tonnes of oil equivalent,Cyprus,2018-01-01,684.771
Annual,Final consumption - transport sector - energy use,Total,Thousand tonnes of oil equivalent,Cyprus,2019-01-01,692.28
Annual,Final consumption - transport sector - energy use,Total,Thousand tonnes of oil equivalent,Cyprus,2020-01-01,617.554
Annual,Final consumption - transport sector - energy use,Total,Thousand tonnes of oil equivalent,Cyprus,2021-01-01,661.604
Annual,Final consumption - transport sector - energy use,Total,Thousand tonnes of oil equivalent,Cyprus,2022-01-01,654.346
Annual,Final consumption - transport sector - energy use,Total,Thousand tonnes of oil equivalent,Cyprus,2023-01-01,683.163
Annual,Final consumption - transport sector - energy use,Total,Thousand tonnes of oil equivalent,Cyprus,2024-01-01,697.338
Annual,Final consumption - transport sector - energy use,Total,Thousand tonnes of oil equivalent,Latvia,2013-01-01,939.54
Annual,Final consumption - transport sector - energy use,Total,Thousand tonnes of oil equivalent,Latvia,2014-01-01,982.367
Annual,Final consumption - transport sector - energy use,Total,Thousand tonnes of oil equivalent,Latvia,2015-01-01,1037.65
Annual,Final consumption - transport sector - energy use,Total,Thousand tonnes of oil equivalent,Latvia,2016-01-01,1033.562
Annual,Final consumption - transport sector - energy use,Total,Thousand tonnes of oil equivalent,Latvia,2017-01-01,1080.824
Annual,Final consumption - transport sector - energy use,Total,Thousand tonnes of oil equivalent,Latvia,2018-01-01,1108.725
Annual,Final consumption - transport sector - energy use,Total,Thousand tonnes of oil equivalent,Latvia,2019-01-01,1098.869
Annual,Final consumption - transport sector - energy use,Total,Thousand tonnes of oil equivalent,Latvia,2020-01-01,1045.5
Annual,Final consumption - transport sector - energy use,Total,Thousand tonnes of oil equivalent,Latvia,2021-01-01,1077.062
Annual,Final consumption - transport sector - energy use,Total,Thousand tonnes of oil equivalent,Latvia,2022-01-01,1022.107
Annual,Final consumption - transport sector - energy use,Total,Thousand tonnes of oil equivalent,Latvia,2023-01-01,1021.614
Annual,Final consumption - transport sector - energy use,Total,Thousand tonnes of oil equivalent,Latvia,2024-01-01,966.262
Annual,Final consumption - transport sector - energy use,Total,Thousand tonnes of oil equivalent,Lithuania,2013-01-01,1502.068
Annual,Final consumption - transport sector - energy use,Total,Thousand tonnes of oil equivalent,Lithuania,2014-01-01,1662.623
Annual,Final consumption - transport sector - energy use,Total,Thousand tonnes of oil equivalent,Lithuania,2015-01-01,1750.186
Annual,Final consumption - transport sector - energy use,Total,Thousand tonnes of oil equivalent,Lithuania,2016-01-01,1864.513
Annual,Final consumption - transport sector - energy use,Total,Thousand tonnes of oil equivalent,Lithuania,2017-01-01,1960.025
Annual,Final consumption - transport sector - energy use,Total,Thousand tonnes of oil equivalent,Lithuania,2018-01-01,2081.494
Annual,Final consumption - transport sector - energy use,Total,Thousand tonnes of oil equivalent,Lithuania,2019-01-01,2150.671
Annual,Final consumption - transport sector - energy use,Total,Thousand tonnes of oil equivalent,Lithuania,2020-01-01,2126.456
Annual,Final consumption - transport sector - energy use,Total,Thousand tonnes of oil equivalent,Lithuania,2021-01-01,2144.972
Annual,Final consumption - transport sector - energy use,Total,Thousand tonnes of oil equivalent,Lithuania,2022-01-01,2103.595
Annual,Final consumption - transport sector - energy use,Total,Thousand tonnes of oil equivalent,Lithuania,2023-01-01,2144.1
Annual,Final consumption - transport sector - energy use,Total,Thousand tonnes of oil equivalent,Lithuania,2024-01-01,2084.679
Annual,Final consumption - transport sector - energy use,Total,Thousand tonnes of oil equivalent,Luxembourg,2013-01-01,2166.737
Annual,Final consumption - transport sector - energy use,Total,Thousand tonnes of oil equivalent,Luxembourg,2014-01-01,2086.962
Annual,Final consumption - transport sector - energy use,Total,Thousand tonnes of oil equivalent,Luxembourg,2015-01-01,1958.228
Annual,Final consumption - transport sector - energy use,Total,Thousand tonnes of oil equivalent,Luxembourg,2016-01-01,1907.236
Annual,Final consumption - transport sector - energy use,Total,Thousand tonnes of oil equivalent,Luxembourg,2017-01-01,1966.428
Annual,Final consumption - transport sector - energy use,Total,Thousand tonnes of oil equivalent,Luxembourg,2018-01-01,2101.34
Annual,Final consumption - transport sector - energy use,Total,Thousand tonnes of oil equivalent,Luxembourg,2019-01-01,2153.407
Annual,Final consumption - transport sector - energy use,Total,Thousand tonnes of oil equivalent,Luxembourg,2020-01-01,1667.676
Annual,Final consumption - transport sector - energy use,Total,Thousand tonnes of oil equivalent,Luxembourg,2021-01-01,1771.034
Annual,Final consumption - transport sector - energy use,Total,Thousand tonnes of oil equivalent,Luxembourg,2022-01-01,1554.536
Annual,Final consumption - transport sector - energy use,Total,Thousand tonnes of oil equivalent,Luxembourg,2023-01-01,1509.857
Annual,Final consumption - transport sector - energy use,Total,Thousand tonnes of oil equivalent,Luxembourg,2024-01-01,1457.037
Annual,Final consumption - transport sector - energy use,Total,Thousand tonnes of oil equivalent,Hungary,2013-01-01,3459.986
Annual,Final consumption - transport sector - energy use,Total,Thousand tonnes of oil equivalent,Hungary,2014-01-01,3873.295
Annual,Final consumption - transport sector - energy use,Total,Thousand tonnes of oil equivalent,Hungary,2015-01-01,4181.253
Annual,Final consumption - transport sector - energy use,Total,Thousand tonnes of oil equivalent,Hungary,2016-01-01,4261.597
Annual,Final consumption - transport sector - energy use,Total,Thousand tonnes of oil equivalent,Hungary,2017-01-01,4496.778
Annual,Final consumption - transport sector - energy use,Total,Thousand tonnes of oil equivalent,Hungary,2018-01-01,4790.228
Annual,Final consumption - transport sector - energy use,Total,Thousand tonnes of oil equivalent,Hungary,2019-01-01,5070.454
Annual,Final consumption - transport sector - energy use,Total,Thousand tonnes of oil equivalent,Hungary,2020-01-01,4459.534
Annual,Final consumption - transport sector - energy use,Total,Thousand tonnes of oil equivalent,Hungary,2021-01-01,4897.618
Annual,Final consumption - transport sector - energy use,Total,Thousand tonnes of oil equivalent,Hungary,2022-01-01,5277.609
Annual,Final consumption - transport sector - energy use,Total,Thousand tonnes of oil equivalent,Hungary,2023-01-01,4932.683
Annual,Final consumption - transport sector - energy use,Total,Thousand tonnes of oil equivalent,Hungary,2024-01-01,4907.517
Annual,Final consumption - transport sector - energy use,Total,Thousand tonnes of oil equivalent,Malta,2013-01-01,183.709
Annual,Final consumption - transport sector - energy use,Total,Thousand tonnes of oil equivalent,Malta,2014-01-01,187.942
Annual,Final consumption - transport sector - energy use,Total,Thousand tonnes of oil equivalent,Malta,2015-01-01,199.764
Annual,Final consumption - transport sector - energy use,Total,Thousand tonnes of oil equivalent,Malta,2016-01-01,199.742
Annual,Final consumption - transport sector - energy use,Total,Thousand tonnes of oil equivalent,Malta,2017-01-01,207.327
Annual,Final consumption - transport sector - energy use,Total,Thousand tonnes of oil equivalent,Malta,2018-01-01,227.773
Annual,Final consumption - transport sector - energy use,Total,Thousand tonnes of oil equivalent,Malta,2019-01-01,241.714
Annual,Final consumption - transport sector - energy use,Total,Thousand tonnes of oil equivalent,Malta,2020-01-01,205.248
Annual,Final consumption - transport sector - energy use,Total,Thousand tonnes of oil equivalent,Malta,2021-01-01,215.149
Annual,Final consumption - transport sector - energy use,Total,Thousand tonnes of oil equivalent,Malta,2022-01-01,251.962
Annual,Final consumption - transport sector - energy use,Total,Thousand tonnes of oil equivalent,Malta,2023-01-01,266.233
Annual,Final consumption - transport sector - energy use,Total,Thousand tonnes of oil equivalent,Malta,2024-01-01,275.024
Annual,Final consumption - transport sector - energy use,Total,Thousand tonnes of oil equivalent,Netherlands,2013-01-01,10761.714
Annual,Final consumption - transport sector - energy use,Total,Thousand tonnes of oil equivalent,Netherlands,2014-01-01,9920.28
Annual,Final consumption - transport sector - energy use,Total,Thousand tonnes of oil equivalent,Netherlands,2015-01-01,9855.152
Annual,Final consumption - transport sector - energy use,Total,Thousand tonnes of oil equivalent,Netherlands,2016-01-01,9834.866
Annual,Final consumption - transport sector - energy use,Total,Thousand tonnes of oil equivalent,Netherlands,2017-01-01,10186.745
Annual,Final consumption - transport sector - energy use,Total,Thousand tonnes of oil equivalent,Netherlands,2018-01-01,10430.531
Annual,Final consumption - transport sector - energy use,Total,Thousand tonnes of oil equivalent,Netherlands,2019-01-01,10418.067
Annual,Final consumption - transport sector - energy use,Total,Thousand tonnes of oil equivalent,Netherlands,2020-01-01,8839.122
Annual,Final consumption - transport sector - energy use,Total,Thousand tonnes of oil equivalent,Netherlands,2021-01-01,9007.233
Annual,Final consumption - transport sector - energy use,Total,Thousand tonnes of oil equivalent,Netherlands,2022-01-01,8958.186
Annual,Final consumption - transport sector - energy use,Total,Thousand tonnes of oil equivalent,Netherlands,2023-01-01,9412.102
Annual,Final consumption - transport sector - energy use,Total,Thousand tonnes of oil equivalent,Netherlands,2024-01-01,9389.474
Annual,Final consumption - transport sector - energy use,Total,Thousand tonnes of oil equivalent,Austria,2013-01-01,8294.925
Annual,Final consumption - transport sector - energy use,Total,Thousand tonnes of oil equivalent,Austria,2014-01-01,8228.068
Annual,Final consumption - transport sector - energy use,Total,Thousand tonnes of oil equivalent,Austria,2015-01-01,8464.597
Annual,Final consumption - transport sector - energy use,Total,Thousand tonnes of oil equivalent,Austria,2016-01-01,8598.512
Annual,Final consumption - transport sector - energy use,Total,Thousand tonnes of oil equivalent,Austria,2017-01-01,8724.365
Annual,Final consumption - transport sector - energy use,Total,Thousand tonnes of oil equivalent,Austria,2018-01-01,8836.593
Annual,Final consumption - transport sector - energy use,Total,Thousand tonnes of oil equivalent,Austria,2019-01-01,8830.326
Annual,Final consumption - transport sector - energy use,Total,Thousand tonnes of oil equivalent,Austria,2020-01-01,7724.115
Annual,Final consumption - transport sector - energy use,Total,Thousand tonnes of oil equivalent,Austria,2021-01-01,7996.576
Annual,Final consumption - transport sector - energy use,Total,Thousand tonnes of oil equivalent,Austria,2022-01-01,7603.753
Annual,Final consumption - transport sector - energy use,Total,Thousand tonnes of oil equivalent,Austria,2023-01-01,7430.987
Annual,Final consumption - transport sector - energy use,Total,Thousand tonnes of oil equivalent,Austria,2024-01-01,7311.306
Annual,Final consumption - transport sector - energy use,Total,Thousand tonnes of oil equivalent,Poland,2013-01-01,15744.03
Annual,Final consumption - transport sector - energy use,Total,Thousand tonnes of oil equivalent,Poland,2014-01-01,15804.956
Annual,Final consumption - transport sector - energy use,Total,Thousand tonnes of oil equivalent,Poland,2015-01-01,16561.088
Annual,Final consumption - transport sector - energy use,Total,Thousand tonnes of oil equivalent,Poland,2016-01-01,18557.173
Annual,Final consumption - transport sector - energy use,Total,Thousand tonnes of oil equivalent,Poland,2017-01-01,21415.239
Annual,Final consumption - transport sector - energy use,Total,Thousand tonnes of oil equivalent,Poland,2018-01-01,22316.791
Annual,Final consumption - transport sector - energy use,Total,Thousand tonnes of oil equivalent,Poland,2019-01-01,22746.098
Annual,Final consumption - transport sector - energy use,Total,Thousand tonnes of oil equivalent,Poland,2020-01-01,21725.353
Annual,Final consumption - transport sector - energy use,Total,Thousand tonnes of oil equivalent,Poland,2021-01-01,23508.374
Annual,Final consumption - transport sector - energy use,Total,Thousand tonnes of oil equivalent,Poland,2022-01-01,23539.098
Annual,Final consumption - transport sector - energy use,Total,Thousand tonnes of oil equivalent,Poland,2023-01-01,23962.37
Annual,Final consumption - transport sector - energy use,Total,Thousand tonnes of oil equivalent,Poland,2024-01-01,24367.676
Annual,Final consumption - transport sector - energy use,Total,Thousand tonnes of oil equivalent,Portugal,2013-01-01,5435.469
Annual,Final consumption - transport sector - energy use,Total,Thousand tonnes of oil equivalent,Portugal,2014-01-01,5464.228
Annual,Final consumption - transport sector - energy use,Total,Thousand tonnes of oil equivalent,Portugal,2015-01-01,5555.183
Annual,Final consumption - transport sector - energy use,Total,Thousand tonnes of oil equivalent,Portugal,2016-01-01,5690.973
Annual,Final consumption - transport sector - energy use,Total,Thousand tonnes of oil equivalent,Portugal,2017-01-01,5788.829
Annual,Final consumption - transport sector - energy use,Total,Thousand tonnes of oil equivalent,Portugal,2018-01-01,5847.575
Annual,Final consumption - transport sector - energy use,Total,Thousand tonnes of oil equivalent,Portugal,2019-01-01,5982.658
Annual,Final consumption - transport sector - energy use,Total,Thousand tonnes of oil equivalent,Portugal,2020-01-01,5002.965
Annual,Final consumption - transport sector - energy use,Total,Thousand tonnes of oil equivalent,Portugal,2021-01-01,5468.095
Annual,Final consumption - transport sector - energy use,Total,Thousand tonnes of oil equivalent,Portugal,2022-01-01,5793.595
Annual,Final consumption - transport sector - energy use,Total,Thousand tonnes of oil equivalent,Portugal,2023-01-01,6173.905
Annual,Final consumption - transport sector - energy use,Total,Thousand tonnes of oil equivalent,Portugal,2024-01-01,6155.335
Annual,Final consumption - transport sector - energy use,Total,Thousand tonnes of oil equivalent,Romania,2013-01-01,5188.743
Annual,Final consumption - transport sector - energy use,Total,Thousand tonnes of oil equivalent,Romania,2014-01-01,5266.333
Annual,Final consumption - transport sector - energy use,Total,Thousand tonnes of oil equivalent,Romania,2015-01-01,5337.702
Annual,Final consumption - transport sector - energy use,Total,Thousand tonnes of oil equivalent,Romania,2016-01-01,5738.034
Annual,Final consumption - transport sector - energy use,Total,Thousand tonnes of oil equivalent,Romania,2017-01-01,6149.188
Annual,Final consumption - transport sector - energy use,Total,Thousand tonnes of oil equivalent,Romania,2018-01-01,6303.748
Annual,Final consumption - transport sector - energy use,Total,Thousand tonnes of oil equivalent,Romania,2019-01-01,6571.907
Annual,Final consumption - transport sector - energy use,Total,Thousand tonnes of oil equivalent,Romania,2020-01-01,6460.8
Annual,Final consumption - transport sector - energy use,Total,Thousand tonnes of oil equivalent,Romania,2021-01-01,6879.222
Annual,Final consumption - transport sector - energy use,Total,Thousand tonnes of oil equivalent,Romania,2022-01-01,7444.576
Annual,Final consumption - transport sector - energy use,Total,Thousand tonnes of oil equivalent,Romania,2023-01-01,7721.894
Annual,Final consumption - transport sector - energy use,Total,Thousand tonnes of oil equivalent,Romania,2024-01-01,7944.828
Annual,Final consumption - transport sector - energy use,Total,Thousand tonnes of oil equivalent,Slovenia,2013-01-01,1809.666
Annual,Final consumption - transport sector - energy use,Total,Thousand tonnes of oil equivalent,Slovenia,2014-01-01,1794.9
Annual,Final consumption - transport sector - energy use,Total,Thousand tonnes of oil equivalent,Slovenia,2015-01-01,1772.57
Annual,Final consumption - transport sector - energy use,Total,Thousand tonnes of oil equivalent,Slovenia,2016-01-01,1882.533
Annual,Final consumption - transport sector - energy use,Total,Thousand tonnes of oil equivalent,Slovenia,2017-01-01,1934.203
Annual,Final consumption - transport sector - energy use,Total,Thousand tonnes of oil equivalent,Slovenia,2018-01-01,1974.63
Annual,Final consumption - transport sector - energy use,Total,Thousand tonnes of oil equivalent,Slovenia,2019-01-01,1926.584
Annual,Final consumption - transport sector - energy use,Total,Thousand tonnes of oil equivalent,Slovenia,2020-01-01,1583.292
Annual,Final consumption - transport sector - energy use,Total,Thousand tonnes of oil equivalent,Slovenia,2021-01-01,1799.603
Annual,Final consumption - transport sector - energy use,Total,Thousand tonnes of oil equivalent,Slovenia,2022-01-01,1954.951
Annual,Final consumption - transport sector - energy use,Total,Thousand tonnes of oil equivalent,Slovenia,2023-01-01,1834.363
Annual,Final consumption - transport sector - energy use,Total,Thousand tonnes of oil equivalent,Slovenia,2024-01-01,1934.965
Annual,Final consumption - transport sector - energy use,Total,Thousand tonnes of oil equivalent,Slovakia,2013-01-01,2308.716
Annual,Final consumption - transport sector - energy use,Total,Thousand tonnes of oil equivalent,Slovakia,2014-01-01,2176.422
Annual,Final consumption - transport sector - energy use,Total,Thousand tonnes of oil equivalent,Slovakia,2015-01-01,2168.799
Annual,Final consumption - transport sector - energy use,Total,Thousand tonnes of oil equivalent,Slovakia,2016-01-01,2429.877
Annual,Final consumption - transport sector - energy use,Total,Thousand tonnes of oil equivalent,Slovakia,2017-01-01,2772.655
Annual,Final consumption - transport sector - energy use,Total,Thousand tonnes of oil equivalent,Slovakia,2018-01-01,2744.051
Annual,Final consumption - transport sector - energy use,Total,Thousand tonnes of oil equivalent,Slovakia,2019-01-01,2789.729
Annual,Final consumption - transport sector - energy use,Total,Thousand tonnes of oil equivalent,Slovakia,2020-01-01,2487.886
Annual,Final consumption - transport sector - energy use,Total,Thousand tonnes of oil equivalent,Slovakia,2021-01-01,2619.259
Annual,Final consumption - transport sector - energy use,Total,Thousand tonnes of oil equivalent,Slovakia,2022-01-01,2659.961
Annual,Final consumption - transport sector - energy use,Total,Thousand tonnes of oil equivalent,Slovakia,2023-01-01,2624.335
Annual,Final consumption - transport sector - energy use,Total,Thousand tonnes of oil equivalent,Slovakia,2024-01-01,2597.773
Annual,Final consumption - transport sector - energy use,Total,Thousand tonnes of oil equivalent,Finland,2013-01-01,4209.977
Annual,Final consumption - transport sector - energy use,Total,Thousand tonnes of oil equivalent,Finland,2014-01-01,4113.791
Annual,Final consumption - transport sector - energy use,Total,Thousand tonnes of oil equivalent,Finland,2015-01-01,4105.519
Annual,Final consumption - transport sector - energy use,Total,Thousand tonnes of oil equivalent,Finland,2016-01-01,4180.495
Annual,Final consumption - transport sector - energy use,Total,Thousand tonnes of oil equivalent,Finland,2017-01-01,4194.818
Annual,Final consumption - transport sector - energy use,Total,Thousand tonnes of oil equivalent,Finland,2018-01-01,4241.568
Annual,Final consumption - transport sector - energy use,Total,Thousand tonnes of oil equivalent,Finland,2019-01-01,4178.021
Annual,Final consumption - transport sector - energy use,Total,Thousand tonnes of oil equivalent,Finland,2020-01-01,3882.493
Annual,Final consumption - transport sector - energy use,Total,Thousand tonnes of oil equivalent,Finland,2021-01-01,4023.489
Annual,Final consumption - transport sector - energy use,Total,Thousand tonnes of oil equivalent,Finland,2022-01-01,3848.762
Annual,Final consumption - transport sector - energy use,Total,Thousand tonnes of oil equivalent,Finland,2023-01-01,3765.734
Annual,Final consumption - transport sector - energy use,Total,Thousand tonnes of oil equivalent,Finland,2024-01-01,3767.791
Annual,Final consumption - transport sector - energy use,Total,Thousand tonnes of oil equivalent,Sweden,2013-01-01,7148.502
Annual,Final consumption - transport sector - energy use,Total,Thousand tonnes of oil equivalent,Sweden,2014-01-01,7145.92
Annual,Final consumption - transport sector - energy use,Total,Thousand tonnes of oil equivalent,Sweden,2015-01-01,7295.5
Annual,Final consumption - transport sector - energy use,Total,Thousand tonnes of oil equivalent,Sweden,2016-01-01,7224.832
Annual,Final consumption - transport sector - energy use,Total,Thousand tonnes of oil equivalent,Sweden,2017-01-01,7307.861
Annual,Final consumption - transport sector - energy use,Total,Thousand tonnes of oil equivalent,Sweden,2018-01-01,7127.429
Annual,Final consumption - transport sector - energy use,Total,Thousand tonnes of oil equivalent,Sweden,2019-01-01,7026.905
Annual,Final consumption - transport sector - energy use,Total,Thousand tonnes of oil equivalent,Sweden,2020-01-01,6610.086
Annual,Final consumption - transport sector - energy use,Total,Thousand tonnes of oil equivalent,Sweden,2021-01-01,6824.465
Annual,Final consumption - transport sector - energy use,Total,Thousand tonnes of oil equivalent,Sweden,2022-01-01,6575.3
Annual,Final consumption - transport sector - energy use,Total,Thousand tonnes of oil equivalent,Sweden,2023-01-01,6494.967
Annual,Final consumption - transport sector - energy use,Total,Thousand tonnes of oil equivalent,Sweden,2024-01-01,6847.492
Annual,Final consumption - transport sector - energy use,Total,Thousand tonnes of oil equivalent,Iceland,2013-01-01,277.329
Annual,Final consumption - transport sector - energy use,Total,Thousand tonnes of oil equivalent,Iceland,2014-01-01,278.661
Annual,Final consumption - transport sector - energy use,Total,Thousand tonnes of oil equivalent,Iceland,2015-01-01,300.785
Annual,Final consumption - transport sector - energy use,Total,Thousand tonnes of oil equivalent,Iceland,2016-01-01,333.071
Annual,Final consumption - transport sector - energy use,Total,Thousand tonnes of oil equivalent,Iceland,2017-01-01,352.87
Annual,Final consumption - transport sector - energy use,Total,Thousand tonnes of oil equivalent,Iceland,2018-01-01,369.539
Annual,Final consumption - transport sector - energy use,Total,Thousand tonnes of oil equivalent,Iceland,2019-01-01,360.095
Annual,Final consumption - transport sector - energy use,Total,Thousand tonnes of oil equivalent,Iceland,2020-01-01,305.364
Annual,Final consumption - transport sector - energy use,Total,Thousand tonnes of oil equivalent,Iceland,2021-01-01,321.949
Annual,Final consumption - transport sector - energy use,Total,Thousand tonnes of oil equivalent,Iceland,2022-01-01,343.281
Annual,Final consumption - transport sector - energy use,Total,Thousand tonnes of oil equivalent,Iceland,2023-01-01,336.544
Annual,Final consumption - transport sector - energy use,Total,Thousand tonnes of oil equivalent,Iceland,2024-01-01,327.755
Annual,Final consumption - transport sector - energy use,Total,Thousand tonnes of oil equivalent,Norway,2013-01-01,4880.812
Annual,Final consumption - transport sector - energy use,Total,Thousand tonnes of oil equivalent,Norway,2014-01-01,4998.591
Annual,Final consumption - transport sector - energy use,Total,Thousand tonnes of oil equivalent,Norway,2015-01-01,4957.537
Annual,Final consumption - transport sector - energy use,Total,Thousand tonnes of oil equivalent,Norway,2016-01-01,4975.624
Annual,Final consumption - transport sector - energy use,Total,Thousand tonnes of oil equivalent,Norway,2017-01-01,4930.715
Annual,Final consumption - transport sector - energy use,Total,Thousand tonnes of oil equivalent,Norway,2018-01-01,4769.685
Annual,Final consumption - transport sector - energy use,Total,Thousand tonnes of oil equivalent,Norway,2019-01-01,4821.004
Annual,Final consumption - transport sector - energy use,Total,Thousand tonnes of oil equivalent,Norway,2020-01-01,4514.163
Annual,Final consumption - transport sector - energy use,Total,Thousand tonnes of oil equivalent,Norway,2021-01-01,4662.222
Annual,Final consumption - transport sector - energy use,Total,Thousand tonnes of oil equivalent,Norway,2022-01-01,4832.557
Annual,Final consumption - transport sector - energy use,Total,Thousand tonnes of oil equivalent,Norway,2023-01-01,4691.844
Annual,Final consumption - transport sector - energy use,Total,Thousand tonnes of oil equivalent,Norway,2024-01-01,4528.837
Annual,Final consumption - transport sector - energy use,Total,Thousand tonnes of oil equivalent,United Kingdom,2013-01-01,39491.557
Annual,Final consumption - transport sector - energy use,Total,Thousand tonnes of oil equivalent,United Kingdom,2014-01-01,40108.27
Annual,Final consumption - transport sector - energy use,Total,Thousand tonnes of oil equivalent,United Kingdom,2015-01-01,40889.253
Annual,Final consumption - transport sector - energy use,Total,Thousand tonnes of oil equivalent,United Kingdom,2016-01-01,41819.63
Annual,Final consumption - transport sector - energy use,Total,Thousand tonnes of oil equivalent,United Kingdom,2017-01-01,41928.904
Annual,Final consumption - transport sector - energy use,Total,Thousand tonnes of oil equivalent,United Kingdom,2018-01-01,41759.75
Annual,Final consumption - transport sector - energy use,Total,Thousand tonnes of oil equivalent,United Kingdom,2019-01-01,41463.198
Annual,Final consumption - transport sector - energy use,Total,Thousand tonnes of oil equivalent,Montenegro,2013-01-01,165.309
Annual,Final consumption - transport sector - energy use,Total,Thousand tonnes of oil equivalent,Montenegro,2014-01-01,162.866
Annual,Final consumption - transport sector - energy use,Total,Thousand tonnes of oil equivalent,Montenegro,2015-01-01,186.645
Annual,Final consumption - transport sector - energy use,Total,Thousand tonnes of oil equivalent,Montenegro,2016-01-01,219.419
Annual,Final consumption - transport sector - energy use,Total,Thousand tonnes of oil equivalent,Montenegro,2017-01-01,235.525
Annual,Final consumption - transport sector - energy use,Total,Thousand tonnes of oil equivalent,Montenegro,2018-01-01,252.719
Annual,Final consumption - transport sector - energy use,Total,Thousand tonnes of oil equivalent,Montenegro,2019-01-01,265.685
Annual,Final consumption - transport sector - energy use,Total,Thousand tonnes of oil equivalent,Montenegro,2020-01-01,225.951
Annual,Final consumption - transport sector - energy use,Total,Thousand tonnes of oil equivalent,Montenegro,2021-01-01,294.128
Annual,Final consumption - transport sector - energy use,Total,Thousand tonnes of oil equivalent,Montenegro,2022-01-01,299.369
Annual,Final consumption - transport sector - energy use,Total,Thousand tonnes of oil equivalent,Montenegro,2023-01-01,303.078
Annual,Final consumption - transport sector - energy use,Total,Thousand tonnes of oil equivalent,Montenegro,2024-01-01,318.077
Annual,Final consumption - transport sector - energy use,Total,Thousand tonnes of oil equivalent,North Macedonia,2013-01-01,514.739
Annual,Final consumption - transport sector - energy use,Total,Thousand tonnes of oil equivalent,North Macedonia,2014-01-01,537.47
Annual,Final consumption - transport sector - energy use,Total,Thousand tonnes of oil equivalent,North Macedonia,2015-01-01,596.422
Annual,Final consumption - transport sector - energy use,Total,Thousand tonnes of oil equivalent,North Macedonia,2016-01-01,680.028
Annual,Final consumption - transport sector - energy use,Total,Thousand tonnes of oil equivalent,North Macedonia,2017-01-01,705.826
Annual,Final consumption - transport sector - energy use,Total,Thousand tonnes of oil equivalent,North Macedonia,2018-01-01,705.508
Annual,Final consumption - transport sector - energy use,Total,Thousand tonnes of oil equivalent,North Macedonia,2019-01-01,762.57
Annual,Final consumption - transport sector - energy use,Total,Thousand tonnes of oil equivalent,North Macedonia,2020-01-01,643.59
Annual,Final consumption - transport sector - energy use,Total,Thousand tonnes of oil equivalent,North Macedonia,2021-01-01,738.716
Annual,Final consumption - transport sector - energy use,Total,Thousand tonnes of oil equivalent,North Macedonia,2022-01-01,745.678
Annual,Final consumption - transport sector - energy use,Total,Thousand tonnes of oil equivalent,North Macedonia,2023-01-01,797.55
Annual,Final consumption - transport sector - energy use,Total,Thousand tonnes of oil equivalent,North Macedonia,2024-01-01,859.495
Annual,Final consumption - transport sector - energy use,Total,Thousand tonnes of oil equivalent,Albania,2013-01-01,804.074
Annual,Final consumption - transport sector - energy use,Total,Thousand tonnes of oil equivalent,Albania,2014-01-01,833.978
Annual,Final consumption - transport sector - energy use,Total,Thousand tonnes of oil equivalent,Albania,2015-01-01,829.298
Annual,Final consumption - transport sector - energy use,Total,Thousand tonnes of oil equivalent,Albania,2016-01-01,832.543
Annual,Final consumption - transport sector - energy use,Total,Thousand tonnes of oil equivalent,Albania,2017-01-01,831.899
Annual,Final consumption - transport sector - energy use,Total,Thousand tonnes of oil equivalent,Albania,2018-01-01,832.167
Annual,Final consumption - transport sector - energy use,Total,Thousand tonnes of oil equivalent,Albania,2019-01-01,834.858
Annual,Final consumption - transport sector - energy use,Total,Thousand tonnes of oil equivalent,Albania,2020-01-01,603.439
Annual,Final consumption - transport sector - energy use,Total,Thousand tonnes of oil equivalent,Albania,2021-01-01,677.581
Annual,Final consumption - transport sector - energy use,Total,Thousand tonnes of oil equivalent,Albania,2022-01-01,674.858
Annual,Final consumption - transport sector - energy use,Total,Thousand tonnes of oil equivalent,Albania,2023-01-01,646.269
Annual,Final consumption - transport sector - energy use,Total,Thousand tonnes of oil equivalent,Albania,2024-01-01,614.547
Annual,Final consumption - transport sector - energy use,Total,Thousand tonnes of oil equivalent,Serbia,2013-01-01,1972.215
Annual,Final consumption - transport sector - energy use,Total,Thousand tonnes of oil equivalent,Serbia,2014-01-01,2041.409
Annual,Final consumption - transport sector - energy use,Total,Thousand tonnes of oil equivalent,Serbia,2015-01-01,1986.102
Annual,Final consumption - transport sector - energy use,Total,Thousand tonnes of oil equivalent,Serbia,2016-01-01,2029.445
Annual,Final consumption - transport sector - energy use,Total,Thousand tonnes of oil equivalent,Serbia,2017-01-01,2113.345
Annual,Final consumption - transport sector - energy use,Total,Thousand tonnes of oil equivalent,Serbia,2018-01-01,2136.951
Annual,Final consumption - transport sector - energy use,Total,Thousand tonnes of oil equivalent,Serbia,2019-01-01,2306.862
Annual,Final consumption - transport sector - energy use,Total,Thousand tonnes of oil equivalent,Serbia,2020-01-01,2196.88
Annual,Final consumption - transport sector - energy use,Total,Thousand tonnes of oil equivalent,Serbia,2021-01-01,2505.117
Annual,Final consumption - transport sector - energy use,Total,Thousand tonnes of oil equivalent,Serbia,2022-01-01,2673.208
Annual,Final consumption - transport sector - energy use,Total,Thousand tonnes of oil equivalent,Serbia,2023-01-01,2632.183
Annual,Final consumption - transport sector - energy use,Total,Thousand tonnes of oil equivalent,Serbia,2024-01-01,2688.165
Annual,Final consumption - transport sector - energy use,Total,Thousand tonnes of oil equivalent,Türkiye,2013-01-01,19638.094
Annual,Final consumption - transport sector - energy use,Total,Thousand tonnes of oil equivalent,Türkiye,2014-01-01,20972.194
Annual,Final consumption - transport sector - energy use,Total,Thousand tonnes of oil equivalent,Türkiye,2015-01-01,24502.533
Annual,Final consumption - transport sector - energy use,Total,Thousand tonnes of oil equivalent,Türkiye,2016-01-01,27030.056
Annual,Final consumption - transport sector - energy use,Total,Thousand tonnes of oil equivalent,Türkiye,2017-01-01,28305.848
Annual,Final consumption - transport sector - energy use,Total,Thousand tonnes of oil equivalent,Türkiye,2018-01-01,28607.306
Annual,Final consumption - transport sector - energy use,Total,Thousand tonnes of oil equivalent,Türkiye,2019-01-01,28388.778
Annual,Final consumption - transport sector - energy use,Total,Thousand tonnes of oil equivalent,Türkiye,2020-01-01,26664.835
Annual,Final consumption - transport sector - energy use,Total,Thousand tonnes of oil equivalent,Türkiye,2021-01-01,30144.077
Annual,Final consumption - transport sector - energy use,Total,Thousand tonnes of oil equivalent,Türkiye,2022-01-01,30489.327
Annual,Final consumption - transport sector - energy use,Total,Thousand tonnes of oil equivalent,Türkiye,2023-01-01,32940.562
Annual,Final consumption - transport sector - energy use,Total,Thousand tonnes of oil equivalent,Türkiye,2024-01-01,34025.963
Annual,Final consumption - transport sector - energy use,Total,Thousand tonnes of oil equivalent,Bosnia and Herzegovina,2014-01-01,988.905
Annual,Final consumption - transport sector - energy use,Total,Thousand tonnes of oil equivalent,Bosnia and Herzegovina,2015-01-01,1030.976
Annual,Final consumption - transport sector - energy use,Total,Thousand tonnes of oil equivalent,Bosnia and Herzegovina,2016-01-01,1196.912
Annual,Final consumption - transport sector - energy use,Total,Thousand tonnes of oil equivalent,Bosnia and Herzegovina,2017-01-01,1248.92
Annual,Final consumption - transport sector - energy use,Total,Thousand tonnes of oil equivalent,Bosnia and Herzegovina,2018-01-01,1238.269
Annual,Final consumption - transport sector - energy use,Total,Thousand tonnes of oil equivalent,Bosnia and Herzegovina,2019-01-01,1322.151
Annual,Final consumption - transport sector - energy use,Total,Thousand tonnes of oil equivalent,Bosnia and Herzegovina,2020-01-01,1199.146
Annual,Final consumption - transport sector - energy use,Total,Thousand tonnes of oil equivalent,Bosnia and Herzegovina,2021-01-01,1376.913
Annual,Final consumption - transport sector - energy use,Total,Thousand tonnes of oil equivalent,Bosnia and Herzegovina,2022-01-01,1322.062
Annual,Final consumption - transport sector - energy use,Total,Thousand tonnes of oil equivalent,Bosnia and Herzegovina,2023-01-01,1352.325
Annual,Final consumption - transport sector - energy use,Total,Thousand tonnes of oil equivalent,Bosnia and Herzegovina,2024-01-01,1439.95
Annual,Final consumption - transport sector - energy use,Total,Thousand tonnes of oil equivalent,Georgia,2013-01-01,1110.934
Annual,Final consumption - transport sector - energy use,Total,Thousand tonnes of oil equivalent,Georgia,2014-01-01,1256.162
Annual,Final consumption - transport sector - energy use,Total,Thousand tonnes of oil equivalent,Georgia,2015-01-01,1365.34
Annual,Final consumption - transport sector - energy use,Total,Thousand tonnes of oil equivalent,Georgia,2016-01-01,1524.342
Annual,Final consumption - transport sector - energy use,Total,Thousand tonnes of oil equivalent,Georgia,2017-01-01,1384.402
Annual,Final consumption - transport sector - energy use,Total,Thousand tonnes of oil equivalent,Georgia,2018-01-01,1352.728
Annual,Final consumption - transport sector - energy use,Total,Thousand tonnes of oil equivalent,Georgia,2019-01-01,1404.052
Annual,Final consumption - transport sector - energy use,Total,Thousand tonnes of oil equivalent,Georgia,2020-01-01,1340.38
Annual,Final consumption - transport sector - energy use,Total,Thousand tonnes of oil equivalent,Georgia,2021-01-01,1485.046
Annual,Final consumption - transport sector - energy use,Total,Thousand tonnes of oil equivalent,Georgia,2022-01-01,1592.962
Annual,Final consumption - transport sector - energy use,Total,Thousand tonnes of oil equivalent,Georgia,2023-01-01,1688.899
Annual,Final consumption - transport sector - energy use,Total,Thousand tonnes of oil equivalent,Georgia,2024-01-01,1775.723
Annual,Final consumption - transport sector - energy use,Total,Thousand tonnes of oil equivalent,Moldova,2013-01-01,573.806
Annual,Final consumption - transport sector - energy use,Total,Thousand tonnes of oil equivalent,Moldova,2014-01-01,593.361
Annual,Final consumption - transport sector - energy use,Total,Thousand tonnes of oil equivalent,Moldova,2015-01-01,648.6
Annual,Final consumption - transport sector - energy use,Total,Thousand tonnes of oil equivalent,Moldova,2016-01-01,682.37
Annual,Final consumption - transport sector - energy use,Total,Thousand tonnes of oil equivalent,Moldova,2017-01-01,687.658
Annual,Final consumption - transport sector - energy use,Total,Thousand tonnes of oil equivalent,Moldova,2018-01-01,700.196
Annual,Final consumption - transport sector - energy use,Total,Thousand tonnes of oil equivalent,Moldova,2019-01-01,717.605
Annual,Final consumption - transport sector - energy use,Total,Thousand tonnes of oil equivalent,Moldova,2020-01-01,667.422
Annual,Final consumption - transport sector - energy use,Total,Thousand tonnes of oil equivalent,Moldova,2021-01-01,743.177
Annual,Final consumption - transport sector - energy use,Total,Thousand tonnes of oil equivalent,Moldova,2022-01-01,743.419
Annual,Final consumption - transport sector - energy use,Total,Thousand tonnes of oil equivalent,Moldova,2023-01-01,724.981
Annual,Final consumption - transport sector - energy use,Total,Thousand tonnes of oil equivalent,Moldova,2024-01-01,805.983
Annual,Final consumption - transport sector - energy use,Total,Thousand tonnes of oil equivalent,Ukraine,2013-01-01,11848.904
Annual,Final consumption - transport sector - energy use,Total,Thousand tonnes of oil equivalent,Ukraine,2014-01-01,10299.778
Annual,Final consumption - transport sector - energy use,Total,Thousand tonnes of oil equivalent,Ukraine,2015-01-01,8721.254
Annual,Final consumption - transport sector - energy use,Total,Thousand tonnes of oil equivalent,Ukraine,2016-01-01,9133.661
Annual,Final consumption - transport sector - energy use,Total,Thousand tonnes of oil equivalent,Ukraine,2017-01-01,9590.778
Annual,Final consumption - transport sector - energy use,Total,Thousand tonnes of oil equivalent,Ukraine,2018-01-01,9417.827
Annual,Final consumption - transport sector - energy use,Total,Thousand tonnes of oil equivalent,Ukraine,2019-01-01,10029.097
Annual,Final consumption - transport sector - energy use,Total,Thousand tonnes of oil equivalent,Ukraine,2020-01-01,8017.678
Annual,Final consumption - transport sector - energy use,Total,Thousand tonnes of oil equivalent,Kosovo*,2013-01-01,270.401
Annual,Final consumption - transport sector - energy use,Total,Thousand tonnes of oil equivalent,Kosovo*,2014-01-01,344.017
Annual,Final consumption - transport sector - energy use,Total,Thousand tonnes of oil equivalent,Kosovo*,2015-01-01,380.384
Annual,Final consumption - transport sector - energy use,Total,Thousand tonnes of oil equivalent,Kosovo*,2016-01-01,395.981
Annual,Final consumption - transport sector - energy use,Total,Thousand tonnes of oil equivalent,Kosovo*,2017-01-01,410.191
Annual,Final consumption - transport sector - energy use,Total,Thousand tonnes of oil equivalent,Kosovo*,2018-01-01,429.875
Annual,Final consumption - transport sector - energy use,Total,Thousand tonnes of oil equivalent,Kosovo*,2019-01-01,428.184
Annual,Final consumption - transport sector - energy use,Total,Thousand tonnes of oil equivalent,Kosovo*,2020-01-01,421.572
Annual,Final consumption - transport sector - energy use,Total,Thousand tonnes of oil equivalent,Kosovo*,2021-01-01,464.108
Annual,Final consumption - transport sector - energy use,Total,Thousand tonnes of oil equivalent,Kosovo*,2022-01-01,430.051
Annual,Final consumption - transport sector - energy use,Total,Thousand tonnes of oil equivalent,Kosovo*,2023-01-01,463.353
Annual,Final consumption - transport sector - energy use,Total,Thousand tonnes of oil equivalent,Kosovo*,2024-01-01,514.038
Annual,Final consumption - other sectors - commercial and public services - energy use,Total,Thousand tonnes of oil equivalent,European Union - 27 countries (from 2020),2013-01-01,129351.828
Annual,Final consumption - other sectors - commercial and public services - energy use,Total,Thousand tonnes of oil equivalent,European Union - 27 countries (from 2020),2014-01-01,119932.721
Annual,Final consumption - other sectors - commercial and public services - energy use,Total,Thousand tonnes of oil equivalent,European Union - 27 countries (from 2020),2015-01-01,125024.521
Annual,Final consumption - other sectors - commercial and public services - energy use,Total,Thousand tonnes of oil equivalent,European Union - 27 countries (from 2020),2016-01-01,126581.436
Annual,Final consumption - other sectors - commercial and public services - energy use,Total,Thousand tonnes of oil equivalent,European Union - 27 countries (from 2020),2017-01-01,130118.721
Annual,Final consumption - other sectors - commercial and public services - energy use,Total,Thousand tonnes of oil equivalent,European Union - 27 countries (from 2020),2018-01-01,128060.453
Annual,Final consumption - other sectors - commercial and public services - energy use,Total,Thousand tonnes of oil equivalent,European Union - 27 countries (from 2020),2019-01-01,124708.571
Annual,Final consumption - other sectors - commercial and public services - energy use,Total,Thousand tonnes of oil equivalent,European Union - 27 countries (from 2020),2020-01-01,117657.294
Annual,Final consumption - other sectors - commercial and public services - energy use,Total,Thousand tonnes of oil equivalent,European Union - 27 countries (from 2020),2021-01-01,126541.96
Annual,Final consumption - other sectors - commercial and public services - energy use,Total,Thousand tonnes of oil equivalent,European Union - 27 countries (from 2020),2022-01-01,117525.159
Annual,Final consumption - other sectors - commercial and public services - energy use,Total,Thousand tonnes of oil equivalent,European Union - 27 countries (from 2020),2023-01-01,114267.598
Annual,Final consumption - other sectors - commercial and public services - energy use,Total,Thousand tonnes of oil equivalent,European Union - 27 countries (from 2020),2024-01-01,116373.556
Annual,Final consumption - other sectors - commercial and public services - energy use,Total,Thousand tonnes of oil equivalent,Belgium,2013-01-01,4890.366
Annual,Final consumption - other sectors - commercial and public services - energy use,Total,Thousand tonnes of oil equivalent,Belgium,2014-01-01,4232.488
Annual,Final consumption - other sectors - commercial and public services - energy use,Total,Thousand tonnes of oil equivalent,Belgium,2015-01-01,4610.152
Annual,Final consumption - other sectors - commercial and public services - energy use,Total,Thousand tonnes of oil equivalent,Belgium,2016-01-01,4622.974
Annual,Final consumption - other sectors - commercial and public services - energy use,Total,Thousand tonnes of oil equivalent,Belgium,2017-01-01,4605.875
Annual,Final consumption - other sectors - commercial and public services - energy use,Total,Thousand tonnes of oil equivalent,Belgium,2018-01-01,4619.277
Annual,Final consumption - other sectors - commercial and public services - energy use,Total,Thousand tonnes of oil equivalent,Belgium,2019-01-01,4443.163
Annual,Final consumption - other sectors - commercial and public services - energy use,Total,Thousand tonnes of oil equivalent,Belgium,2020-01-01,4302.286
Annual,Final consumption - other sectors - commercial and public services - energy use,Total,Thousand tonnes of oil equivalent,Belgium,2021-01-01,4508.002
Annual,Final consumption - other sectors - commercial and public services - energy use,Total,Thousand tonnes of oil equivalent,Belgium,2022-01-01,3990.835
Annual,Final consumption - other sectors - commercial and public services - energy use,Total,Thousand tonnes of oil equivalent,Belgium,2023-01-01,3845.278
Annual,Final consumption - other sectors - commercial and public services - energy use,Total,Thousand tonnes of oil equivalent,Belgium,2024-01-01,3933.346
Annual,Final consumption - other sectors - commercial and public services - energy use,Total,Thousand tonnes of oil equivalent,Bulgaria,2013-01-01,1029.822
Annual,Final consumption - other sectors - commercial and public services - energy use,Total,Thousand tonnes of oil equivalent,Bulgaria,2014-01-01,992.002
Annual,Final consumption - other sectors - commercial and public services - energy use,Total,Thousand tonnes of oil equivalent,Bulgaria,2015-01-01,1078.658
Annual,Final consumption - other sectors - commercial and public services - energy use,Total,Thousand tonnes of oil equivalent,Bulgaria,2016-01-01,1157.041
Annual,Final consumption - other sectors - commercial and public services - energy use,Total,Thousand tonnes of oil equivalent,Bulgaria,2017-01-01,1167.156
Annual,Final consumption - other sectors - commercial and public services - energy use,Total,Thousand tonnes of oil equivalent,Bulgaria,2018-01-01,1231.216
Annual,Final consumption - other sectors - commercial and public services - energy use,Total,Thousand tonnes of oil equivalent,Bulgaria,2019-01-01,1268.032
Annual,Final consumption - other sectors - commercial and public services - energy use,Total,Thousand tonnes of oil equivalent,Bulgaria,2020-01-01,1066.112
Annual,Final consumption - other sectors - commercial and public services - energy use,Total,Thousand tonnes of oil equivalent,Bulgaria,2021-01-01,1299.855
Annual,Final consumption - other sectors - commercial and public services - energy use,Total,Thousand tonnes of oil equivalent,Bulgaria,2022-01-01,1343.364
Annual,Final consumption - other sectors - commercial and public services - energy use,Total,Thousand tonnes of oil equivalent,Bulgaria,2023-01-01,1264.733
Annual,Final consumption - other sectors - commercial and public services - energy use,Total,Thousand tonnes of oil equivalent,Bulgaria,2024-01-01,1320.059
Annual,Final consumption - other sectors - commercial and public services - energy use,Total,Thousand tonnes of oil equivalent,Czechia,2013-01-01,3010.066
Annual,Final consumption - other sectors - commercial and public services - energy use,Total,Thousand tonnes of oil equivalent,Czechia,2014-01-01,2922.578
Annual,Final consumption - other sectors - commercial and public services - energy use,Total,Thousand tonnes of oil equivalent,Czechia,2015-01-01,2977.367
Annual,Final consumption - other sectors - commercial and public services - energy use,Total,Thousand tonnes of oil equivalent,Czechia,2016-01-01,3091.444
Annual,Final consumption - other sectors - commercial and public services - energy use,Total,Thousand tonnes of oil equivalent,Czechia,2017-01-01,3180.772
Annual,Final consumption - other sectors - commercial and public services - energy use,Total,Thousand tonnes of oil equivalent,Czechia,2018-01-01,3127.767
Annual,Final consumption - other sectors - commercial and public services - energy use,Total,Thousand tonnes of oil equivalent,Czechia,2019-01-01,3191.895
Annual,Final consumption - other sectors - commercial and public services - energy use,Total,Thousand tonnes of oil equivalent,Czechia,2020-01-01,2987.13
Annual,Final consumption - other sectors - commercial and public services - energy use,Total,Thousand tonnes of oil equivalent,Czechia,2021-01-01,2966.844
Annual,Final consumption - other sectors - commercial and public services - energy use,Total,Thousand tonnes of oil equivalent,Czechia,2022-01-01,2889.892
Annual,Final consumption - other sectors - commercial and public services - energy use,Total,Thousand tonnes of oil equivalent,Czechia,2023-01-01,2693.4
Annual,Final consumption - other sectors - commercial and public services - energy use,Total,Thousand tonnes of oil equivalent,Czechia,2024-01-01,2746.66
Annual,Final consumption - other sectors - commercial and public services - energy use,Total,Thousand tonnes of oil equivalent,Denmark,2013-01-01,1985.862
Annual,Final consumption - other sectors - commercial and public services - energy use,Total,Thousand tonnes of oil equivalent,Denmark,2014-01-01,1868.206
Annual,Final consumption - other sectors - commercial and public services - energy use,Total,Thousand tonnes of oil equivalent,Denmark,2015-01-01,1917.091
Annual,Final consumption - other sectors - commercial and public services - energy use,Total,Thousand tonnes of oil equivalent,Denmark,2016-01-01,1968.055
Annual,Final consumption - other sectors - commercial and public services - energy use,Total,Thousand tonnes of oil equivalent,Denmark,2017-01-01,2002.267
Annual,Final consumption - other sectors - commercial and public services - energy use,Total,Thousand tonnes of oil equivalent,Denmark,2018-01-01,1972.969
Annual,Final consumption - other sectors - commercial and public services - energy use,Total,Thousand tonnes of oil equivalent,Denmark,2019-01-01,1908.308
Annual,Final consumption - other sectors - commercial and public services - energy use,Total,Thousand tonnes of oil equivalent,Denmark,2020-01-01,1793.418
Annual,Final consumption - other sectors - commercial and public services - energy use,Total,Thousand tonnes of oil equivalent,Denmark,2021-01-01,1982.613
Annual,Final consumption - other sectors - commercial and public services - energy use,Total,Thousand tonnes of oil equivalent,Denmark,2022-01-01,1895.789
Annual,Final consumption - other sectors - commercial and public services - energy use,Total,Thousand tonnes of oil equivalent,Denmark,2023-01-01,1879.707
Annual,Final consumption - other sectors - commercial and public services - energy use,Total,Thousand tonnes of oil equivalent,Denmark,2024-01-01,1938.118
Annual,Final consumption - other sectors - commercial and public services - energy use,Total,Thousand tonnes of oil equivalent,Germany,2013-01-01,33549.528
Annual,Final consumption - other sectors - commercial and public services - energy use,Total,Thousand tonnes of oil equivalent,Germany,2014-01-01,30766.034
Annual,Final consumption - other sectors - commercial and public services - energy use,Total,Thousand tonnes of oil equivalent,Germany,2015-01-01,32289.872
Annual,Final consumption - other sectors - commercial and public services - energy use,Total,Thousand tonnes of oil equivalent,Germany,2016-01-01,31865.517
Annual,Final consumption - other sectors - commercial and public services - energy use,Total,Thousand tonnes of oil equivalent,Germany,2017-01-01,31837.801
Annual,Final consumption - other sectors - commercial and public services - energy use,Total,Thousand tonnes of oil equivalent,Germany,2018-01-01,28892.812
Annual,Final consumption - other sectors - commercial and public services - energy use,Total,Thousand tonnes of oil equivalent,Germany,2019-01-01,27533.764
Annual,Final consumption - other sectors - commercial and public services - energy use,Total,Thousand tonnes of oil equivalent,Germany,2020-01-01,26842.069
Annual,Final consumption - other sectors - commercial and public services - energy use,Total,Thousand tonnes of oil equivalent,Germany,2021-01-01,30013.224
Annual,Final consumption - other sectors - commercial and public services - energy use,Total,Thousand tonnes of oil equivalent,Germany,2022-01-01,24742.311
Annual,Final consumption - other sectors - commercial and public services - energy use,Total,Thousand tonnes of oil equivalent,Germany,2023-01-01,23917.116
Annual,Final consumption - other sectors - commercial and public services - energy use,Total,Thousand tonnes of oil equivalent,Germany,2024-01-01,23800.773
Annual,Final consumption - other sectors - commercial and public services - energy use,Total,Thousand tonnes of oil equivalent,Estonia,2013-01-01,417.892
Annual,Final consumption - other sectors - commercial and public services - energy use,Total,Thousand tonnes of oil equivalent,Estonia,2014-01-01,457.642
Annual,Final consumption - other sectors - commercial and public services - energy use,Total,Thousand tonnes of oil equivalent,Estonia,2015-01-01,465.395
Annual,Final consumption - other sectors - commercial and public services - energy use,Total,Thousand tonnes of oil equivalent,Estonia,2016-01-01,498.236
Annual,Final consumption - other sectors - commercial and public services - energy use,Total,Thousand tonnes of oil equivalent,Estonia,2017-01-01,466.591
Annual,Final consumption - other sectors - commercial and public services - energy use,Total,Thousand tonnes of oil equivalent,Estonia,2018-01-01,490.285
Annual,Final consumption - other sectors - commercial and public services - energy use,Total,Thousand tonnes of oil equivalent,Estonia,2019-01-01,462.14
Annual,Final consumption - other sectors - commercial and public services - energy use,Total,Thousand tonnes of oil equivalent,Estonia,2020-01-01,467.154
Annual,Final consumption - other sectors - commercial and public services - energy use,Total,Thousand tonnes of oil equivalent,Estonia,2021-01-01,511.934
Annual,Final consumption - other sectors - commercial and public services - energy use,Total,Thousand tonnes of oil equivalent,Estonia,2022-01-01,455.451
Annual,Final consumption - other sectors - commercial and public services - energy use,Total,Thousand tonnes of oil equivalent,Estonia,2023-01-01,361.21
Annual,Final consumption - other sectors - commercial and public services - energy use,Total,Thousand tonnes of oil equivalent,Estonia,2024-01-01,483.237
Annual,Final consumption - other sectors - commercial and public services - energy use,Total,Thousand tonnes of oil equivalent,Ireland,2013-01-01,1445.343
Annual,Final consumption - other sectors - commercial and public services - energy use,Total,Thousand tonnes of oil equivalent,Ireland,2014-01-01,1434.864
Annual,Final consumption - other sectors - commercial and public services - energy use,Total,Thousand tonnes of oil equivalent,Ireland,2015-01-01,1521.144
Annual,Final consumption - other sectors - commercial and public services - energy use,Total,Thousand tonnes of oil equivalent,Ireland,2016-01-01,1544.653
Annual,Final consumption - other sectors - commercial and public services - energy use,Total,Thousand tonnes of oil equivalent,Ireland,2017-01-01,1537.548
Annual,Final consumption - other sectors - commercial and public services - energy use,Total,Thousand tonnes of oil equivalent,Ireland,2018-01-01,1701.461
Annual,Final consumption - other sectors - commercial and public services - energy use,Total,Thousand tonnes of oil equivalent,Ireland,2019-01-01,1736.599
Annual,Final consumption - other sectors - commercial and public services - energy use,Total,Thousand tonnes of oil equivalent,Ireland,2020-01-01,1636.774
Annual,Final consumption - other sectors - commercial and public services - energy use,Total,Thousand tonnes of oil equivalent,Ireland,2021-01-01,1760.914
Annual,Final consumption - other sectors - commercial and public services - energy use,Total,Thousand tonnes of oil equivalent,Ireland,2022-01-01,1836.283
Annual,Final consumption - other sectors - commercial and public services - energy use,Total,Thousand tonnes of oil equivalent,Ireland,2023-01-01,1918.591
Annual,Final consumption - other sectors - commercial and public services - energy use,Total,Thousand tonnes of oil equivalent,Ireland,2024-01-01,2031.138
Annual,Final consumption - other sectors - commercial and public services - energy use,Total,Thousand tonnes of oil equivalent,Greece,2013-01-01,1820.639
Annual,Final consumption - other sectors - commercial and public services - energy use,Total,Thousand tonnes of oil equivalent,Greece,2014-01-01,1714.028
Annual,Final consumption - other sectors - commercial and public services - energy use,Total,Thousand tonnes of oil equivalent,Greece,2015-01-01,1874.935
Annual,Final consumption - other sectors - commercial and public services - energy use,Total,Thousand tonnes of oil equivalent,Greece,2016-01-01,2037.527
Annual,Final consumption - other sectors - commercial and public services - energy use,Total,Thousand tonnes of oil equivalent,Greece,2017-01-01,2191.693
Annual,Final consumption - other sectors - commercial and public services - energy use,Total,Thousand tonnes of oil equivalent,Greece,2018-01-01,2093.373
Annual,Final consumption - other sectors - commercial and public services - energy use,Total,Thousand tonnes of oil equivalent,Greece,2019-01-01,2135.469
Annual,Final consumption - other sectors - commercial and public services - energy use,Total,Thousand tonnes of oil equivalent,Greece,2020-01-01,1903.485
Annual,Final consumption - other sectors - commercial and public services - energy use,Total,Thousand tonnes of oil equivalent,Greece,2021-01-01,2045.466
Annual,Final consumption - other sectors - commercial and public services - energy use,Total,Thousand tonnes of oil equivalent,Greece,2022-01-01,2107.524
Annual,Final consumption - other sectors - commercial and public services - energy use,Total,Thousand tonnes of oil equivalent,Greece,2023-01-01,2139.227
Annual,Final consumption - other sectors - commercial and public services - energy use,Total,Thousand tonnes of oil equivalent,Greece,2024-01-01,2311.334
Annual,Final consumption - other sectors - commercial and public services - energy use,Total,Thousand tonnes of oil equivalent,Spain,2013-01-01,9667.769
Annual,Final consumption - other sectors - commercial and public services - energy use,Total,Thousand tonnes of oil equivalent,Spain,2014-01-01,8933.937
Annual,Final consumption - other sectors - commercial and public services - energy use,Total,Thousand tonnes of oil equivalent,Spain,2015-01-01,9511.993
Annual,Final consumption - other sectors - commercial and public services - energy use,Total,Thousand tonnes of oil equivalent,Spain,2016-01-01,9830.589
Annual,Final consumption - other sectors - commercial and public services - energy use,Total,Thousand tonnes of oil equivalent,Spain,2017-01-01,10132.767
Annual,Final consumption - other sectors - commercial and public services - energy use,Total,Thousand tonnes of oil equivalent,Spain,2018-01-01,10287.346
Annual,Final consumption - other sectors - commercial and public services - energy use,Total,Thousand tonnes of oil equivalent,Spain,2019-01-01,10346.442
Annual,Final consumption - other sectors - commercial and public services - energy use,Total,Thousand tonnes of oil equivalent,Spain,2020-01-01,9558.346
Annual,Final consumption - other sectors - commercial and public services - energy use,Total,Thousand tonnes of oil equivalent,Spain,2021-01-01,10185.375
Annual,Final consumption - other sectors - commercial and public services - energy use,Total,Thousand tonnes of oil equivalent,Spain,2022-01-01,10190.443
Annual,Final consumption - other sectors - commercial and public services - energy use,Total,Thousand tonnes of oil equivalent,Spain,2023-01-01,10333.038
Annual,Final consumption - other sectors - commercial and public services - energy use,Total,Thousand tonnes of oil equivalent,Spain,2024-01-01,11081.821
Annual,Final consumption - other sectors - commercial and public services - energy use,Total,Thousand tonnes of oil equivalent,France,2013-01-01,21890.101
Annual,Final consumption - other sectors - commercial and public services - energy use,Total,Thousand tonnes of oil equivalent,France,2014-01-01,20279.472
Annual,Final consumption - other sectors - commercial and public services - energy use,Total,Thousand tonnes of oil equivalent,France,2015-01-01,21001.628
Annual,Final consumption - other sectors - commercial and public services - energy use,Total,Thousand tonnes of oil equivalent,France,2016-01-01,21031.736
Annual,Final consumption - other sectors - commercial and public services - energy use,Total,Thousand tonnes of oil equivalent,France,2017-01-01,21271.658
Annual,Final consumption - other sectors - commercial and public services - energy use,Total,Thousand tonnes of oil equivalent,France,2018-01-01,21132.815
Annual,Final consumption - other sectors - commercial and public services - energy use,Total,Thousand tonnes of oil equivalent,France,2019-01-01,20554.193
Annual,Final consumption - other sectors - commercial and public services - energy use,Total,Thousand tonnes of oil equivalent,France,2020-01-01,19182.269
Annual,Final consumption - other sectors - commercial and public services - energy use,Total,Thousand tonnes of oil equivalent,France,2021-01-01,20566.923
Annual,Final consumption - other sectors - commercial and public services - energy use,Total,Thousand tonnes of oil equivalent,France,2022-01-01,19362.864
Annual,Final consumption - other sectors - commercial and public services - energy use,Total,Thousand tonnes of oil equivalent,France,2023-01-01,18244.251
Annual,Final consumption - other sectors - commercial and public services - energy use,Total,Thousand tonnes of oil equivalent,France,2024-01-01,18466.726
Annual,Final consumption - other sectors - commercial and public services - energy use,Total,Thousand tonnes of oil equivalent,Croatia,2013-01-01,740.881
Annual,Final consumption - other sectors - commercial and public services - energy use,Total,Thousand tonnes of oil equivalent,Croatia,2014-01-01,693.717
Annual,Final consumption - other sectors - commercial and public services - energy use,Total,Thousand tonnes of oil equivalent,Croatia,2015-01-01,763.679
Annual,Final consumption - other sectors - commercial and public services - energy use,Total,Thousand tonnes of oil equivalent,Croatia,2016-01-01,780.992
Annual,Final consumption - other sectors - commercial and public services - energy use,Total,Thousand tonnes of oil equivalent,Croatia,2017-01-01,818.061
Annual,Final consumption - other sectors - commercial and public services - energy use,Total,Thousand tonnes of oil equivalent,Croatia,2018-01-01,832.935
Annual,Final consumption - other sectors - commercial and public services - energy use,Total,Thousand tonnes of oil equivalent,Croatia,2019-01-01,835.886
Annual,Final consumption - other sectors - commercial and public services - energy use,Total,Thousand tonnes of oil equivalent,Croatia,2020-01-01,757.788
Annual,Final consumption - other sectors - commercial and public services - energy use,Total,Thousand tonnes of oil equivalent,Croatia,2021-01-01,848.096
Annual,Final consumption - other sectors - commercial and public services - energy use,Total,Thousand tonnes of oil equivalent,Croatia,2022-01-01,808.947
Annual,Final consumption - other sectors - commercial and public services - energy use,Total,Thousand tonnes of oil equivalent,Croatia,2023-01-01,780.95
Annual,Final consumption - other sectors - commercial and public services - energy use,Total,Thousand tonnes of oil equivalent,Croatia,2024-01-01,787.559
Annual,Final consumption - other sectors - commercial and public services - energy use,Total,Thousand tonnes of oil equivalent,Italy,2013-01-01,15846.527
Annual,Final consumption - other sectors - commercial and public services - energy use,Total,Thousand tonnes of oil equivalent,Italy,2014-01-01,14666.679
Annual,Final consumption - other sectors - commercial and public services - energy use,Total,Thousand tonnes of oil equivalent,Italy,2015-01-01,15391.466
Annual,Final consumption - other sectors - commercial and public services - energy use,Total,Thousand tonnes of oil equivalent,Italy,2016-01-01,15439.966
Annual,Final consumption - other sectors - commercial and public services - energy use,Total,Thousand tonnes of oil equivalent,Italy,2017-01-01,18242.166
Annual,Final consumption - other sectors - commercial and public services - energy use,Total,Thousand tonnes of oil equivalent,Italy,2018-01-01,19002.194
Annual,Final consumption - other sectors - commercial and public services - energy use,Total,Thousand tonnes of oil equivalent,Italy,2019-01-01,18192.3
Annual,Final consumption - other sectors - commercial and public services - energy use,Total,Thousand tonnes of oil equivalent,Italy,2020-01-01,16557.57
Annual,Final consumption - other sectors - commercial and public services - energy use,Total,Thousand tonnes of oil equivalent,Italy,2021-01-01,16805.552
Annual,Final consumption - other sectors - commercial and public services - energy use,Total,Thousand tonnes of oil equivalent,Italy,2022-01-01,16137.505
Annual,Final consumption - other sectors - commercial and public services - energy use,Total,Thousand tonnes of oil equivalent,Italy,2023-01-01,16603.149
Annual,Final consumption - other sectors - commercial and public services - energy use,Total,Thousand tonnes of oil equivalent,Italy,2024-01-01,16977.244
Annual,Final consumption - other sectors - commercial and public services - energy use,Total,Thousand tonnes of oil equivalent,Cyprus,2013-01-01,204.729
Annual,Final consumption - other sectors - commercial and public services - energy use,Total,Thousand tonnes of oil equivalent,Cyprus,2014-01-01,202.013
Annual,Final consumption - other sectors - commercial and public services - energy use,Total,Thousand tonnes of oil equivalent,Cyprus,2015-01-01,209.278
Annual,Final consumption - other sectors - commercial and public services - energy use,Total,Thousand tonnes of oil equivalent,Cyprus,2016-01-01,223.134
Annual,Final consumption - other sectors - commercial and public services - energy use,Total,Thousand tonnes of oil equivalent,Cyprus,2017-01-01,231.734
Annual,Final consumption - other sectors - commercial and public services - energy use,Total,Thousand tonnes of oil equivalent,Cyprus,2018-01-01,272.279
Annual,Final consumption - other sectors - commercial and public services - energy use,Total,Thousand tonnes of oil equivalent,Cyprus,2019-01-01,284.275
Annual,Final consumption - other sectors - commercial and public services - energy use,Total,Thousand tonnes of oil equivalent,Cyprus,2020-01-01,238.034
Annual,Final consumption - other sectors - commercial and public services - energy use,Total,Thousand tonnes of oil equivalent,Cyprus,2021-01-01,261.095
Annual,Final consumption - other sectors - commercial and public services - energy use,Total,Thousand tonnes of oil equivalent,Cyprus,2022-01-01,286.497
Annual,Final consumption - other sectors - commercial and public services - energy use,Total,Thousand tonnes of oil equivalent,Cyprus,2023-01-01,292.293
Annual,Final consumption - other sectors - commercial and public services - energy use,Total,Thousand tonnes of oil equivalent,Cyprus,2024-01-01,310.819
Annual,Final consumption - other sectors - commercial and public services - energy use,Total,Thousand tonnes of oil equivalent,Latvia,2013-01-01,600.446
Annual,Final consumption - other sectors - commercial and public services - energy use,Total,Thousand tonnes of oil equivalent,Latvia,2014-01-01,608.772
Annual,Final consumption - other sectors - commercial and public services - energy use,Total,Thousand tonnes of oil equivalent,Latvia,2015-01-01,586.308
Annual,Final consumption - other sectors - commercial and public services - energy use,Total,Thousand tonnes of oil equivalent,Latvia,2016-01-01,592.494
Annual,Final consumption - other sectors - commercial and public services - energy use,Total,Thousand tonnes of oil equivalent,Latvia,2017-01-01,606.778
Annual,Final consumption - other sectors - commercial and public services - energy use,Total,Thousand tonnes of oil equivalent,Latvia,2018-01-01,591.751
Annual,Final consumption - other sectors - commercial and public services - energy use,Total,Thousand tonnes of oil equivalent,Latvia,2019-01-01,568.472
Annual,Final consumption - other sectors - commercial and public services - energy use,Total,Thousand tonnes of oil equivalent,Latvia,2020-01-01,549.954
Annual,Final consumption - other sectors - commercial and public services - energy use,Total,Thousand tonnes of oil equivalent,Latvia,2021-01-01,600.656
Annual,Final consumption - other sectors - commercial and public services - energy use,Total,Thousand tonnes of oil equivalent,Latvia,2022-01-01,569.985
Annual,Final consumption - other sectors - commercial and public services - energy use,Total,Thousand tonnes of oil equivalent,Latvia,2023-01-01,540.609
Annual,Final consumption - other sectors - commercial and public services - energy use,Total,Thousand tonnes of oil equivalent,Latvia,2024-01-01,535.456
Annual,Final consumption - other sectors - commercial and public services - energy use,Total,Thousand tonnes of oil equivalent,Lithuania,2013-01-01,593.023
Annual,Final consumption - other sectors - commercial and public services - energy use,Total,Thousand tonnes of oil equivalent,Lithuania,2014-01-01,585.668
Annual,Final consumption - other sectors - commercial and public services - energy use,Total,Thousand tonnes of oil equivalent,Lithuania,2015-01-01,574.923
Annual,Final consumption - other sectors - commercial and public services - energy use,Total,Thousand tonnes of oil equivalent,Lithuania,2016-01-01,602.552
Annual,Final consumption - other sectors - commercial and public services - energy use,Total,Thousand tonnes of oil equivalent,Lithuania,2017-01-01,633.867
Annual,Final consumption - other sectors - commercial and public services - energy use,Total,Thousand tonnes of oil equivalent,Lithuania,2018-01-01,651.177
Annual,Final consumption - other sectors - commercial and public services - energy use,Total,Thousand tonnes of oil equivalent,Lithuania,2019-01-01,626.707
Annual,Final consumption - other sectors - commercial and public services - energy use,Total,Thousand tonnes of oil equivalent,Lithuania,2020-01-01,576.205
Annual,Final consumption - other sectors - commercial and public services - energy use,Total,Thousand tonnes of oil equivalent,Lithuania,2021-01-01,646.668
Annual,Final consumption - other sectors - commercial and public services - energy use,Total,Thousand tonnes of oil equivalent,Lithuania,2022-01-01,623.744
Annual,Final consumption - other sectors - commercial and public services - energy use,Total,Thousand tonnes of oil equivalent,Lithuania,2023-01-01,620.897
Annual,Final consumption - other sectors - commercial and public services - energy use,Total,Thousand tonnes of oil equivalent,Lithuania,2024-01-01,639.231
Annual,Final consumption - other sectors - commercial and public services - energy use,Total,Thousand tonnes of oil equivalent,Luxembourg,2013-01-01,399.689
Annual,Final consumption - other sectors - commercial and public services - energy use,Total,Thousand tonnes of oil equivalent,Luxembourg,2014-01-01,353.432
Annual,Final consumption - other sectors - commercial and public services - energy use,Total,Thousand tonnes of oil equivalent,Luxembourg,2015-01-01,396.759
Annual,Final consumption - other sectors - commercial and public services - energy use,Total,Thousand tonnes of oil equivalent,Luxembourg,2016-01-01,399.966
Annual,Final consumption - other sectors - commercial and public services - energy use,Total,Thousand tonnes of oil equivalent,Luxembourg,2017-01-01,449.066
Annual,Final consumption - other sectors - commercial and public services - energy use,Total,Thousand tonnes of oil equivalent,Luxembourg,2018-01-01,460.683
Annual,Final consumption - other sectors - commercial and public services - energy use,Total,Thousand tonnes of oil equivalent,Luxembourg,2019-01-01,519.37
Annual,Final consumption - other sectors - commercial and public services - energy use,Total,Thousand tonnes of oil equivalent,Luxembourg,2020-01-01,496.04
Annual,Final consumption - other sectors - commercial and public services - energy use,Total,Thousand tonnes of oil equivalent,Luxembourg,2021-01-01,554.895
Annual,Final consumption - other sectors - commercial and public services - energy use,Total,Thousand tonnes of oil equivalent,Luxembourg,2022-01-01,449.494
Annual,Final consumption - other sectors - commercial and public services - energy use,Total,Thousand tonnes of oil equivalent,Luxembourg,2023-01-01,449.749
Annual,Final consumption - other sectors - commercial and public services - energy use,Total,Thousand tonnes of oil equivalent,Luxembourg,2024-01-01,449.361
Annual,Final consumption - other sectors - commercial and public services - energy use,Total,Thousand tonnes of oil equivalent,Hungary,2013-01-01,2337.107
Annual,Final consumption - other sectors - commercial and public services - energy use,Total,Thousand tonnes of oil equivalent,Hungary,2014-01-01,2114.78
Annual,Final consumption - other sectors - commercial and public services - energy use,Total,Thousand tonnes of oil equivalent,Hungary,2015-01-01,2203.657
Annual,Final consumption - other sectors - commercial and public services - energy use,Total,Thousand tonnes of oil equivalent,Hungary,2016-01-01,2183.456
Annual,Final consumption - other sectors - commercial and public services - energy use,Total,Thousand tonnes of oil equivalent,Hungary,2017-01-01,2154.189
Annual,Final consumption - other sectors - commercial and public services - energy use,Total,Thousand tonnes of oil equivalent,Hungary,2018-01-01,2098.672
Annual,Final consumption - other sectors - commercial and public services - energy use,Total,Thousand tonnes of oil equivalent,Hungary,2019-01-01,2050.439
Annual,Final consumption - other sectors - commercial and public services - energy use,Total,Thousand tonnes of oil equivalent,Hungary,2020-01-01,2000.195
Annual,Final consumption - other sectors - commercial and public services - energy use,Total,Thousand tonnes of oil equivalent,Hungary,2021-01-01,2074.148
Annual,Final consumption - other sectors - commercial and public services - energy use,Total,Thousand tonnes of oil equivalent,Hungary,2022-01-01,1905.638
Annual,Final consumption - other sectors - commercial and public services - energy use,Total,Thousand tonnes of oil equivalent,Hungary,2023-01-01,1642.105
Annual,Final consumption - other sectors - commercial and public services - energy use,Total,Thousand tonnes of oil equivalent,Hungary,2024-01-01,1633.818
Annual,Final consumption - other sectors - commercial and public services - energy use,Total,Thousand tonnes of oil equivalent,Malta,2013-01-01,103.516
Annual,Final consumption - other sectors - commercial and public services - energy use,Total,Thousand tonnes of oil equivalent,Malta,2014-01-01,110.711
Annual,Final consumption - other sectors - commercial and public services - energy use,Total,Thousand tonnes of oil equivalent,Malta,2015-01-01,120.944
Annual,Final consumption - other sectors - commercial and public services - energy use,Total,Thousand tonnes of oil equivalent,Malta,2016-01-01,118.292
Annual,Final consumption - other sectors - commercial and public services - energy use,Total,Thousand tonnes of oil equivalent,Malta,2017-01-01,128.355
Annual,Final consumption - other sectors - commercial and public services - energy use,Total,Thousand tonnes of oil equivalent,Malta,2018-01-01,119.646
Annual,Final consumption - other sectors - commercial and public services - energy use,Total,Thousand tonnes of oil equivalent,Malta,2019-01-01,122.568
Annual,Final consumption - other sectors - commercial and public services - energy use,Total,Thousand tonnes of oil equivalent,Malta,2020-01-01,106.366
Annual,Final consumption - other sectors - commercial and public services - energy use,Total,Thousand tonnes of oil equivalent,Malta,2021-01-01,112.613
Annual,Final consumption - other sectors - commercial and public services - energy use,Total,Thousand tonnes of oil equivalent,Malta,2022-01-01,128.775
Annual,Final consumption - other sectors - commercial and public services - energy use,Total,Thousand tonnes of oil equivalent,Malta,2023-01-01,126.202
Annual,Final consumption - other sectors - commercial and public services - energy use,Total,Thousand tonnes of oil equivalent,Malta,2024-01-01,133.366
Annual,Final consumption - other sectors - commercial and public services - energy use,Total,Thousand tonnes of oil equivalent,Netherlands,2013-01-01,7357.526
Annual,Final consumption - other sectors - commercial and public services - energy use,Total,Thousand tonnes of oil equivalent,Netherlands,2014-01-01,6502.125
Annual,Final consumption - other sectors - commercial and public services - energy use,Total,Thousand tonnes of oil equivalent,Netherlands,2015-01-01,6930.84
Annual,Final consumption - other sectors - commercial and public services - energy use,Total,Thousand tonnes of oil equivalent,Netherlands,2016-01-01,6948.355
Annual,Final consumption - other sectors - commercial and public services - energy use,Total,Thousand tonnes of oil equivalent,Netherlands,2017-01-01,7058.353
Annual,Final consumption - other sectors - commercial and public services - energy use,Total,Thousand tonnes of oil equivalent,Netherlands,2018-01-01,7007.136
Annual,Final consumption - other sectors - commercial and public services - energy use,Total,Thousand tonnes of oil equivalent,Netherlands,2019-01-01,6804.41
Annual,Final consumption - other sectors - commercial and public services - energy use,Total,Thousand tonnes of oil equivalent,Netherlands,2020-01-01,6479.542
Annual,Final consumption - other sectors - commercial and public services - energy use,Total,Thousand tonnes of oil equivalent,Netherlands,2021-01-01,6767.069
Annual,Final consumption - other sectors - commercial and public services - energy use,Total,Thousand tonnes of oil equivalent,Netherlands,2022-01-01,6388.196
Annual,Final consumption - other sectors - commercial and public services - energy use,Total,Thousand tonnes of oil equivalent,Netherlands,2023-01-01,6194.705
Annual,Final consumption - other sectors - commercial and public services - energy use,Total,Thousand tonnes of oil equivalent,Netherlands,2024-01-01,6171.357
Annual,Final consumption - other sectors - commercial and public services - energy use,Total,Thousand tonnes of oil equivalent,Austria,2013-01-01,2551.659
Annual,Final consumption - other sectors - commercial and public services - energy use,Total,Thousand tonnes of oil equivalent,Austria,2014-01-01,2423.488
Annual,Final consumption - other sectors - commercial and public services - energy use,Total,Thousand tonnes of oil equivalent,Austria,2015-01-01,2478.518
Annual,Final consumption - other sectors - commercial and public services - energy use,Total,Thousand tonnes of oil equivalent,Austria,2016-01-01,2425.01
Annual,Final consumption - other sectors - commercial and public services - energy use,Total,Thousand tonnes of oil equivalent,Austria,2017-01-01,2638.262
Annual,Final consumption - other sectors - commercial and public services - energy use,Total,Thousand tonnes of oil equivalent,Austria,2018-01-01,2579.022
Annual,Final consumption - other sectors - commercial and public services - energy use,Total,Thousand tonnes of oil equivalent,Austria,2019-01-01,2637.368
Annual,Final consumption - other sectors - commercial and public services - energy use,Total,Thousand tonnes of oil equivalent,Austria,2020-01-01,2449.225
Annual,Final consumption - other sectors - commercial and public services - energy use,Total,Thousand tonnes of oil equivalent,Austria,2021-01-01,2606.369
Annual,Final consumption - other sectors - commercial and public services - energy use,Total,Thousand tonnes of oil equivalent,Austria,2022-01-01,2449.573
Annual,Final consumption - other sectors - commercial and public services - energy use,Total,Thousand tonnes of oil equivalent,Austria,2023-01-01,2242.702
Annual,Final consumption - other sectors - commercial and public services - energy use,Total,Thousand tonnes of oil equivalent,Austria,2024-01-01,2324.662
Annual,Final consumption - other sectors - commercial and public services - energy use,Total,Thousand tonnes of oil equivalent,Poland,2013-01-01,8078.718
Annual,Final consumption - other sectors - commercial and public services - energy use,Total,Thousand tonnes of oil equivalent,Poland,2014-01-01,7788.276
Annual,Final consumption - other sectors - commercial and public services - energy use,Total,Thousand tonnes of oil equivalent,Poland,2015-01-01,7842.349
Annual,Final consumption - other sectors - commercial and public services - energy use,Total,Thousand tonnes of oil equivalent,Poland,2016-01-01,8502.804
Annual,Final consumption - other sectors - commercial and public services - energy use,Total,Thousand tonnes of oil equivalent,Poland,2017-01-01,8044.539
Annual,Final consumption - other sectors - commercial and public services - energy use,Total,Thousand tonnes of oil equivalent,Poland,2018-01-01,7928.559
Annual,Final consumption - other sectors - commercial and public services - energy use,Total,Thousand tonnes of oil equivalent,Poland,2019-01-01,7808.047
Annual,Final consumption - other sectors - commercial and public services - energy use,Total,Thousand tonnes of oil equivalent,Poland,2020-01-01,7561.151
Annual,Final consumption - other sectors - commercial and public services - energy use,Total,Thousand tonnes of oil equivalent,Poland,2021-01-01,8393.796
Annual,Final consumption - other sectors - commercial and public services - energy use,Total,Thousand tonnes of oil equivalent,Poland,2022-01-01,8136.768
Annual,Final consumption - other sectors - commercial and public services - energy use,Total,Thousand tonnes of oil equivalent,Poland,2023-01-01,7450.394
Annual,Final consumption - other sectors - commercial and public services - energy use,Total,Thousand tonnes of oil equivalent,Poland,2024-01-01,7554.953
Annual,Final consumption - other sectors - commercial and public services - energy use,Total,Thousand tonnes of oil equivalent,Portugal,2013-01-01,1786.725
Annual,Final consumption - other sectors - commercial and public services - energy use,Total,Thousand tonnes of oil equivalent,Portugal,2014-01-01,2284.617
Annual,Final consumption - other sectors - commercial and public services - energy use,Total,Thousand tonnes of oil equivalent,Portugal,2015-01-01,2356.381
Annual,Final consumption - other sectors - commercial and public services - energy use,Total,Thousand tonnes of oil equivalent,Portugal,2016-01-01,2289.624
Annual,Final consumption - other sectors - commercial and public services - energy use,Total,Thousand tonnes of oil equivalent,Portugal,2017-01-01,2301.406
Annual,Final consumption - other sectors - commercial and public services - energy use,Total,Thousand tonnes of oil equivalent,Portugal,2018-01-01,2380.554
Annual,Final consumption - other sectors - commercial and public services - energy use,Total,Thousand tonnes of oil equivalent,Portugal,2019-01-01,2359.195
Annual,Final consumption - other sectors - commercial and public services - energy use,Total,Thousand tonnes of oil equivalent,Portugal,2020-01-01,2161.553
Annual,Final consumption - other sectors - commercial and public services - energy use,Total,Thousand tonnes of oil equivalent,Portugal,2021-01-01,2191.033
Annual,Final consumption - other sectors - commercial and public services - energy use,Total,Thousand tonnes of oil equivalent,Portugal,2022-01-01,2383.392
Annual,Final consumption - other sectors - commercial and public services - energy use,Total,Thousand tonnes of oil equivalent,Portugal,2023-01-01,2424.569
Annual,Final consumption - other sectors - commercial and public services - energy use,Total,Thousand tonnes of oil equivalent,Portugal,2024-01-01,2348.267
Annual,Final consumption - other sectors - commercial and public services - energy use,Total,Thousand tonnes of oil equivalent,Romania,2013-01-01,1784.9
Annual,Final consumption - other sectors - commercial and public services - energy use,Total,Thousand tonnes of oil equivalent,Romania,2014-01-01,1768.388
Annual,Final consumption - other sectors - commercial and public services - energy use,Total,Thousand tonnes of oil equivalent,Romania,2015-01-01,1761.969
Annual,Final consumption - other sectors - commercial and public services - energy use,Total,Thousand tonnes of oil equivalent,Romania,2016-01-01,1806.394
Annual,Final consumption - other sectors - commercial and public services - energy use,Total,Thousand tonnes of oil equivalent,Romania,2017-01-01,1858.427
Annual,Final consumption - other sectors - commercial and public services - energy use,Total,Thousand tonnes of oil equivalent,Romania,2018-01-01,1976.15
Annual,Final consumption - other sectors - commercial and public services - energy use,Total,Thousand tonnes of oil equivalent,Romania,2019-01-01,1962.137
Annual,Final consumption - other sectors - commercial and public services - energy use,Total,Thousand tonnes of oil equivalent,Romania,2020-01-01,1834.29
Annual,Final consumption - other sectors - commercial and public services - energy use,Total,Thousand tonnes of oil equivalent,Romania,2021-01-01,1854.128
Annual,Final consumption - other sectors - commercial and public services - energy use,Total,Thousand tonnes of oil equivalent,Romania,2022-01-01,1908.08
Annual,Final consumption - other sectors - commercial and public services - energy use,Total,Thousand tonnes of oil equivalent,Romania,2023-01-01,2050.182
Annual,Final consumption - other sectors - commercial and public services - energy use,Total,Thousand tonnes of oil equivalent,Romania,2024-01-01,1933.88
Annual,Final consumption - other sectors - commercial and public services - energy use,Total,Thousand tonnes of oil equivalent,Slovenia,2013-01-01,467.775
Annual,Final consumption - other sectors - commercial and public services - energy use,Total,Thousand tonnes of oil equivalent,Slovenia,2014-01-01,427.211
Annual,Final consumption - other sectors - commercial and public services - energy use,Total,Thousand tonnes of oil equivalent,Slovenia,2015-01-01,454.503
Annual,Final consumption - other sectors - commercial and public services - energy use,Total,Thousand tonnes of oil equivalent,Slovenia,2016-01-01,492.427
Annual,Final consumption - other sectors - commercial and public services - energy use,Total,Thousand tonnes of oil equivalent,Slovenia,2017-01-01,480.68
Annual,Final consumption - other sectors - commercial and public services - energy use,Total,Thousand tonnes of oil equivalent,Slovenia,2018-01-01,474.453
Annual,Final consumption - other sectors - commercial and public services - energy use,Total,Thousand tonnes of oil equivalent,Slovenia,2019-01-01,451.994
Annual,Final consumption - other sectors - commercial and public services - energy use,Total,Thousand tonnes of oil equivalent,Slovenia,2020-01-01,418.343
Annual,Final consumption - other sectors - commercial and public services - energy use,Total,Thousand tonnes of oil equivalent,Slovenia,2021-01-01,421.099
Annual,Final consumption - other sectors - commercial and public services - energy use,Total,Thousand tonnes of oil equivalent,Slovenia,2022-01-01,429.899
Annual,Final consumption - other sectors - commercial and public services - energy use,Total,Thousand tonnes of oil equivalent,Slovenia,2023-01-01,437.184
Annual,Final consumption - other sectors - commercial and public services - energy use,Total,Thousand tonnes of oil equivalent,Slovenia,2024-01-01,441.653
Annual,Final consumption - other sectors - commercial and public services - energy use,Total,Thousand tonnes of oil equivalent,Slovakia,2013-01-01,1710.558
Annual,Final consumption - other sectors - commercial and public services - energy use,Total,Thousand tonnes of oil equivalent,Slovakia,2014-01-01,1233.318
Annual,Final consumption - other sectors - commercial and public services - energy use,Total,Thousand tonnes of oil equivalent,Slovakia,2015-01-01,1299.549
Annual,Final consumption - other sectors - commercial and public services - energy use,Total,Thousand tonnes of oil equivalent,Slovakia,2016-01-01,1308.325
Annual,Final consumption - other sectors - commercial and public services - energy use,Total,Thousand tonnes of oil equivalent,Slovakia,2017-01-01,1426.737
Annual,Final consumption - other sectors - commercial and public services - energy use,Total,Thousand tonnes of oil equivalent,Slovakia,2018-01-01,1314.726
Annual,Final consumption - other sectors - commercial and public services - energy use,Total,Thousand tonnes of oil equivalent,Slovakia,2019-01-01,1222.506
Annual,Final consumption - other sectors - commercial and public services - energy use,Total,Thousand tonnes of oil equivalent,Slovakia,2020-01-01,1108.698
Annual,Final consumption - other sectors - commercial and public services - energy use,Total,Thousand tonnes of oil equivalent,Slovakia,2021-01-01,1408.624
Annual,Final consumption - other sectors - commercial and public services - energy use,Total,Thousand tonnes of oil equivalent,Slovakia,2022-01-01,1285.219
Annual,Final consumption - other sectors - commercial and public services - energy use,Total,Thousand tonnes of oil equivalent,Slovakia,2023-01-01,1146.792
Annual,Final consumption - other sectors - commercial and public services - energy use,Total,Thousand tonnes of oil equivalent,Slovakia,2024-01-01,1162.061
Annual,Final consumption - other sectors - commercial and public services - energy use,Total,Thousand tonnes of oil equivalent,Finland,2013-01-01,2908.404
Annual,Final consumption - other sectors - commercial and public services - energy use,Total,Thousand tonnes of oil equivalent,Finland,2014-01-01,2892.419
Annual,Final consumption - other sectors - commercial and public services - energy use,Total,Thousand tonnes of oil equivalent,Finland,2015-01-01,2739.31
Annual,Final consumption - other sectors - commercial and public services - energy use,Total,Thousand tonnes of oil equivalent,Finland,2016-01-01,2892.622
Annual,Final consumption - other sectors - commercial and public services - energy use,Total,Thousand tonnes of oil equivalent,Finland,2017-01-01,2962.161
Annual,Final consumption - other sectors - commercial and public services - energy use,Total,Thousand tonnes of oil equivalent,Finland,2018-01-01,3080.921
Annual,Final consumption - other sectors - commercial and public services - energy use,Total,Thousand tonnes of oil equivalent,Finland,2019-01-01,3017.291
Annual,Final consumption - other sectors - commercial and public services - energy use,Total,Thousand tonnes of oil equivalent,Finland,2020-01-01,2777.294
Annual,Final consumption - other sectors - commercial and public services - energy use,Total,Thousand tonnes of oil equivalent,Finland,2021-01-01,3082.529
Annual,Final consumption - other sectors - commercial and public services - energy use,Total,Thousand tonnes of oil equivalent,Finland,2022-01-01,2987.054
Annual,Final consumption - other sectors - commercial and public services - energy use,Total,Thousand tonnes of oil equivalent,Finland,2023-01-01,2927.389
Annual,Final consumption - other sectors - commercial and public services - energy use,Total,Thousand tonnes of oil equivalent,Finland,2024-01-01,3023.943
Annual,Final consumption - other sectors - commercial and public services - energy use,Total,Thousand tonnes of oil equivalent,Sweden,2013-01-01,3958.982
Annual,Final consumption - other sectors - commercial and public services - energy use,Total,Thousand tonnes of oil equivalent,Sweden,2014-01-01,3960.473
Annual,Final consumption - other sectors - commercial and public services - energy use,Total,Thousand tonnes of oil equivalent,Sweden,2015-01-01,4022.234
Annual,Final consumption - other sectors - commercial and public services - energy use,Total,Thousand tonnes of oil equivalent,Sweden,2016-01-01,4216.875
Annual,Final consumption - other sectors - commercial and public services - energy use,Total,Thousand tonnes of oil equivalent,Sweden,2017-01-01,3991.218
Annual,Final consumption - other sectors - commercial and public services - energy use,Total,Thousand tonnes of oil equivalent,Sweden,2018-01-01,4120.828
Annual,Final consumption - other sectors - commercial and public services - energy use,Total,Thousand tonnes of oil equivalent,Sweden,2019-01-01,4024.796
Annual,Final consumption - other sectors - commercial and public services - energy use,Total,Thousand tonnes of oil equivalent,Sweden,2020-01-01,4007.556
Annual,Final consumption - other sectors - commercial and public services - energy use,Total,Thousand tonnes of oil equivalent,Sweden,2021-01-01,4263.473
Annual,Final consumption - other sectors - commercial and public services - energy use,Total,Thousand tonnes of oil equivalent,Sweden,2022-01-01,4215.029
Annual,Final consumption - other sectors - commercial and public services - energy use,Total,Thousand tonnes of oil equivalent,Sweden,2023-01-01,4165.745
Annual,Final consumption - other sectors - commercial and public services - energy use,Total,Thousand tonnes of oil equivalent,Sweden,2024-01-01,4180.981
Annual,Final consumption - other sectors - commercial and public services - energy use,Total,Thousand tonnes of oil equivalent,Iceland,2013-01-01,333.381
Annual,Final consumption - other sectors - commercial and public services - energy use,Total,Thousand tonnes of oil equivalent,Iceland,2014-01-01,363.777
Annual,Final consumption - other sectors - commercial and public services - energy use,Total,Thousand tonnes of oil equivalent,Iceland,2015-01-01,396.585
Annual,Final consumption - other sectors - commercial and public services - energy use,Total,Thousand tonnes of oil equivalent,Iceland,2016-01-01,422.665
Annual,Final consumption - other sectors - commercial and public services - energy use,Total,Thousand tonnes of oil equivalent,Iceland,2017-01-01,399.349
Annual,Final consumption - other sectors - commercial and public services - energy use,Total,Thousand tonnes of oil equivalent,Iceland,2018-01-01,511.896
Annual,Final consumption - other sectors - commercial and public services - energy use,Total,Thousand tonnes of oil equivalent,Iceland,2019-01-01,529.921
Annual,Final consumption - other sectors - commercial and public services - energy use,Total,Thousand tonnes of oil equivalent,Iceland,2020-01-01,490.332
Annual,Final consumption - other sectors - commercial and public services - energy use,Total,Thousand tonnes of oil equivalent,Iceland,2021-01-01,499.583
Annual,Final consumption - other sectors - commercial and public services - energy use,Total,Thousand tonnes of oil equivalent,Iceland,2022-01-01,480.023
Annual,Final consumption - other sectors - commercial and public services - energy use,Total,Thousand tonnes of oil equivalent,Iceland,2023-01-01,493.79
Annual,Final consumption - other sectors - commercial and public services - energy use,Total,Thousand tonnes of oil equivalent,Iceland,2024-01-01,564.969
Annual,Final consumption - other sectors - commercial and public services - energy use,Total,Thousand tonnes of oil equivalent,Norway,2013-01-01,3041.012
Annual,Final consumption - other sectors - commercial and public services - energy use,Total,Thousand tonnes of oil equivalent,Norway,2014-01-01,2887.615
Annual,Final consumption - other sectors - commercial and public services - energy use,Total,Thousand tonnes of oil equivalent,Norway,2015-01-01,2935.019
Annual,Final consumption - other sectors - commercial and public services - energy use,Total,Thousand tonnes of oil equivalent,Norway,2016-01-01,3081.356
Annual,Final consumption - other sectors - commercial and public services - energy use,Total,Thousand tonnes of oil equivalent,Norway,2017-01-01,3092.877
Annual,Final consumption - other sectors - commercial and public services - energy use,Total,Thousand tonnes of oil equivalent,Norway,2018-01-01,3208.884
Annual,Final consumption - other sectors - commercial and public services - energy use,Total,Thousand tonnes of oil equivalent,Norway,2019-01-01,3169.128
Annual,Final consumption - other sectors - commercial and public services - energy use,Total,Thousand tonnes of oil equivalent,Norway,2020-01-01,3073.117
Annual,Final consumption - other sectors - commercial and public services - energy use,Total,Thousand tonnes of oil equivalent,Norway,2021-01-01,3273.537
Annual,Final consumption - other sectors - commercial and public services - energy use,Total,Thousand tonnes of oil equivalent,Norway,2022-01-01,3143.33
Annual,Final consumption - other sectors - commercial and public services - energy use,Total,Thousand tonnes of oil equivalent,Norway,2023-01-01,3225.029
Annual,Final consumption - other sectors - commercial and public services - energy use,Total,Thousand tonnes of oil equivalent,Norway,2024-01-01,3206.336
Annual,Final consumption - other sectors - commercial and public services - energy use,Total,Thousand tonnes of oil equivalent,United Kingdom,2013-01-01,16585.582
Annual,Final consumption - other sectors - commercial and public services - energy use,Total,Thousand tonnes of oil equivalent,United Kingdom,2014-01-01,15523.581
Annual,Final consumption - other sectors - commercial and public services - energy use,Total,Thousand tonnes of oil equivalent,United Kingdom,2015-01-01,16841.958
Annual,Final consumption - other sectors - commercial and public services - energy use,Total,Thousand tonnes of oil equivalent,United Kingdom,2016-01-01,18092.42
Annual,Final consumption - other sectors - commercial and public services - energy use,Total,Thousand tonnes of oil equivalent,United Kingdom,2017-01-01,17938.94
Annual,Final consumption - other sectors - commercial and public services - energy use,Total,Thousand tonnes of oil equivalent,United Kingdom,2018-01-01,18222.399
Annual,Final consumption - other sectors - commercial and public services - energy use,Total,Thousand tonnes of oil equivalent,United Kingdom,2019-01-01,18084.583
Annual,Final consumption - other sectors - commercial and public services - energy use,Total,Thousand tonnes of oil equivalent,Montenegro,2013-01-01,13.741
Annual,Final consumption - other sectors - commercial and public services - energy use,Total,Thousand tonnes of oil equivalent,Montenegro,2014-01-01,68.962
Annual,Final consumption - other sectors - commercial and public services - energy use,Total,Thousand tonnes of oil equivalent,Montenegro,2015-01-01,70.372
Annual,Final consumption - other sectors - commercial and public services - energy use,Total,Thousand tonnes of oil equivalent,Montenegro,2016-01-01,79.372
Annual,Final consumption - other sectors - commercial and public services - energy use,Total,Thousand tonnes of oil equivalent,Montenegro,2017-01-01,86.454
Annual,Final consumption - other sectors - commercial and public services - energy use,Total,Thousand tonnes of oil equivalent,Montenegro,2018-01-01,87.81
Annual,Final consumption - other sectors - commercial and public services - energy use,Total,Thousand tonnes of oil equivalent,Montenegro,2019-01-01,108.855
Annual,Final consumption - other sectors - commercial and public services - energy use,Total,Thousand tonnes of oil equivalent,Montenegro,2020-01-01,89.757
Annual,Final consumption - other sectors - commercial and public services - energy use,Total,Thousand tonnes of oil equivalent,Montenegro,2021-01-01,101.082
Annual,Final consumption - other sectors - commercial and public services - energy use,Total,Thousand tonnes of oil equivalent,Montenegro,2022-01-01,109.635
Annual,Final consumption - other sectors - commercial and public services - energy use,Total,Thousand tonnes of oil equivalent,Montenegro,2023-01-01,112.183
Annual,Final consumption - other sectors - commercial and public services - energy use,Total,Thousand tonnes of oil equivalent,Montenegro,2024-01-01,114.723
Annual,Final consumption - other sectors - commercial and public services - energy use,Total,Thousand tonnes of oil equivalent,North Macedonia,2013-01-01,201.851
Annual,Final consumption - other sectors - commercial and public services - energy use,Total,Thousand tonnes of oil equivalent,North Macedonia,2014-01-01,196.034
Annual,Final consumption - other sectors - commercial and public services - energy use,Total,Thousand tonnes of oil equivalent,North Macedonia,2015-01-01,211.872
Annual,Final consumption - other sectors - commercial and public services - energy use,Total,Thousand tonnes of oil equivalent,North Macedonia,2016-01-01,212.935
Annual,Final consumption - other sectors - commercial and public services - energy use,Total,Thousand tonnes of oil equivalent,North Macedonia,2017-01-01,214.63
Annual,Final consumption - other sectors - commercial and public services - energy use,Total,Thousand tonnes of oil equivalent,North Macedonia,2018-01-01,210.231
Annual,Final consumption - other sectors - commercial and public services - energy use,Total,Thousand tonnes of oil equivalent,North Macedonia,2019-01-01,211.521
Annual,Final consumption - other sectors - commercial and public services - energy use,Total,Thousand tonnes of oil equivalent,North Macedonia,2020-01-01,181.429
Annual,Final consumption - other sectors - commercial and public services - energy use,Total,Thousand tonnes of oil equivalent,North Macedonia,2021-01-01,197.955
Annual,Final consumption - other sectors - commercial and public services - energy use,Total,Thousand tonnes of oil equivalent,North Macedonia,2022-01-01,173.59
Annual,Final consumption - other sectors - commercial and public services - energy use,Total,Thousand tonnes of oil equivalent,North Macedonia,2023-01-01,173.237
Annual,Final consumption - other sectors - commercial and public services - energy use,Total,Thousand tonnes of oil equivalent,North Macedonia,2024-01-01,170.861
Annual,Final consumption - other sectors - commercial and public services - energy use,Total,Thousand tonnes of oil equivalent,Albania,2013-01-01,190.984
Annual,Final consumption - other sectors - commercial and public services - energy use,Total,Thousand tonnes of oil equivalent,Albania,2014-01-01,179.239
Annual,Final consumption - other sectors - commercial and public services - energy use,Total,Thousand tonnes of oil equivalent,Albania,2015-01-01,196.853
Annual,Final consumption - other sectors - commercial and public services - energy use,Total,Thousand tonnes of oil equivalent,Albania,2016-01-01,179.284
Annual,Final consumption - other sectors - commercial and public services - energy use,Total,Thousand tonnes of oil equivalent,Albania,2017-01-01,213.604
Annual,Final consumption - other sectors - commercial and public services - energy use,Total,Thousand tonnes of oil equivalent,Albania,2018-01-01,215.22
Annual,Final consumption - other sectors - commercial and public services - energy use,Total,Thousand tonnes of oil equivalent,Albania,2019-01-01,228.317
Annual,Final consumption - other sectors - commercial and public services - energy use,Total,Thousand tonnes of oil equivalent,Albania,2020-01-01,194.243
Annual,Final consumption - other sectors - commercial and public services - energy use,Total,Thousand tonnes of oil equivalent,Albania,2021-01-01,218.788
Annual,Final consumption - other sectors - commercial and public services - energy use,Total,Thousand tonnes of oil equivalent,Albania,2022-01-01,215.183
Annual,Final consumption - other sectors - commercial and public services - energy use,Total,Thousand tonnes of oil equivalent,Albania,2023-01-01,214.114
Annual,Final consumption - other sectors - commercial and public services - energy use,Total,Thousand tonnes of oil equivalent,Albania,2024-01-01,245.75
Annual,Final consumption - other sectors - commercial and public services - energy use,Total,Thousand tonnes of oil equivalent,Serbia,2013-01-01,803.644
Annual,Final consumption - other sectors - commercial and public services - energy use,Total,Thousand tonnes of oil equivalent,Serbia,2014-01-01,772.362
Annual,Final consumption - other sectors - commercial and public services - energy use,Total,Thousand tonnes of oil equivalent,Serbia,2015-01-01,874.646
Annual,Final consumption - other sectors - commercial and public services - energy use,Total,Thousand tonnes of oil equivalent,Serbia,2016-01-01,886.372
Annual,Final consumption - other sectors - commercial and public services - energy use,Total,Thousand tonnes of oil equivalent,Serbia,2017-01-01,939.812
Annual,Final consumption - other sectors - commercial and public services - energy use,Total,Thousand tonnes of oil equivalent,Serbia,2018-01-01,891.441
Annual,Final consumption - other sectors - commercial and public services - energy use,Total,Thousand tonnes of oil equivalent,Serbia,2019-01-01,863.097
Annual,Final consumption - other sectors - commercial and public services - energy use,Total,Thousand tonnes of oil equivalent,Serbia,2020-01-01,855.941
Annual,Final consumption - other sectors - commercial and public services - energy use,Total,Thousand tonnes of oil equivalent,Serbia,2021-01-01,950.025
Annual,Final consumption - other sectors - commercial and public services - energy use,Total,Thousand tonnes of oil equivalent,Serbia,2022-01-01,1001.664
Annual,Final consumption - other sectors - commercial and public services - energy use,Total,Thousand tonnes of oil equivalent,Serbia,2023-01-01,905.441
Annual,Final consumption - other sectors - commercial and public services - energy use,Total,Thousand tonnes of oil equivalent,Serbia,2024-01-01,892.292
Annual,Final consumption - other sectors - commercial and public services - energy use,Total,Thousand tonnes of oil equivalent,Türkiye,2013-01-01,10611.925
Annual,Final consumption - other sectors - commercial and public services - energy use,Total,Thousand tonnes of oil equivalent,Türkiye,2014-01-01,11021.419
Annual,Final consumption - other sectors - commercial and public services - energy use,Total,Thousand tonnes of oil equivalent,Türkiye,2015-01-01,12194.776
Annual,Final consumption - other sectors - commercial and public services - energy use,Total,Thousand tonnes of oil equivalent,Türkiye,2016-01-01,12415.869
Annual,Final consumption - other sectors - commercial and public services - energy use,Total,Thousand tonnes of oil equivalent,Türkiye,2017-01-01,12314.281
Annual,Final consumption - other sectors - commercial and public services - energy use,Total,Thousand tonnes of oil equivalent,Türkiye,2018-01-01,11415.342
Annual,Final consumption - other sectors - commercial and public services - energy use,Total,Thousand tonnes of oil equivalent,Türkiye,2019-01-01,11866.245
Annual,Final consumption - other sectors - commercial and public services - energy use,Total,Thousand tonnes of oil equivalent,Türkiye,2020-01-01,10878.407
Annual,Final consumption - other sectors - commercial and public services - energy use,Total,Thousand tonnes of oil equivalent,Türkiye,2021-01-01,11386.206
Annual,Final consumption - other sectors - commercial and public services - energy use,Total,Thousand tonnes of oil equivalent,Türkiye,2022-01-01,12345.51
Annual,Final consumption - other sectors - commercial and public services - energy use,Total,Thousand tonnes of oil equivalent,Türkiye,2023-01-01,13592.33
Annual,Final consumption - other sectors - commercial and public services - energy use,Total,Thousand tonnes of oil equivalent,Türkiye,2024-01-01,12900.843
Annual,Final consumption - other sectors - commercial and public services - energy use,Total,Thousand tonnes of oil equivalent,Bosnia and Herzegovina,2014-01-01,163.649
Annual,Final consumption - other sectors - commercial and public services - energy use,Total,Thousand tonnes of oil equivalent,Bosnia and Herzegovina,2015-01-01,357.703
Annual,Final consumption - other sectors - commercial and public services - energy use,Total,Thousand tonnes of oil equivalent,Bosnia and Herzegovina,2016-01-01,435.411
Annual,Final consumption - other sectors - commercial and public services - energy use,Total,Thousand tonnes of oil equivalent,Bosnia and Herzegovina,2017-01-01,355.631
Annual,Final consumption - other sectors - commercial and public services - energy use,Total,Thousand tonnes of oil equivalent,Bosnia and Herzegovina,2018-01-01,348.522
Annual,Final consumption - other sectors - commercial and public services - energy use,Total,Thousand tonnes of oil equivalent,Bosnia and Herzegovina,2019-01-01,407.073
Annual,Final consumption - other sectors - commercial and public services - energy use,Total,Thousand tonnes of oil equivalent,Bosnia and Herzegovina,2020-01-01,377.628
Annual,Final consumption - other sectors - commercial and public services - energy use,Total,Thousand tonnes of oil equivalent,Bosnia and Herzegovina,2021-01-01,386.339
Annual,Final consumption - other sectors - commercial and public services - energy use,Total,Thousand tonnes of oil equivalent,Bosnia and Herzegovina,2022-01-01,408.693
Annual,Final consumption - other sectors - commercial and public services - energy use,Total,Thousand tonnes of oil equivalent,Bosnia and Herzegovina,2023-01-01,393.857
Annual,Final consumption - other sectors - commercial and public services - energy use,Total,Thousand tonnes of oil equivalent,Bosnia and Herzegovina,2024-01-01,407.803
Annual,Final consumption - other sectors - commercial and public services - energy use,Total,Thousand tonnes of oil equivalent,Georgia,2013-01-01,351.85
Annual,Final consumption - other sectors - commercial and public services - energy use,Total,Thousand tonnes of oil equivalent,Georgia,2014-01-01,433.077
Annual,Final consumption - other sectors - commercial and public services - energy use,Total,Thousand tonnes of oil equivalent,Georgia,2015-01-01,402.614
Annual,Final consumption - other sectors - commercial and public services - energy use,Total,Thousand tonnes of oil equivalent,Georgia,2016-01-01,433.638
Annual,Final consumption - other sectors - commercial and public services - energy use,Total,Thousand tonnes of oil equivalent,Georgia,2017-01-01,452.855
Annual,Final consumption - other sectors - commercial and public services - energy use,Total,Thousand tonnes of oil equivalent,Georgia,2018-01-01,514.751
Annual,Final consumption - other sectors - commercial and public services - energy use,Total,Thousand tonnes of oil equivalent,Georgia,2019-01-01,535.532
Annual,Final consumption - other sectors - commercial and public services - energy use,Total,Thousand tonnes of oil equivalent,Georgia,2020-01-01,412.919
Annual,Final consumption - other sectors - commercial and public services - energy use,Total,Thousand tonnes of oil equivalent,Georgia,2021-01-01,544.518
Annual,Final consumption - other sectors - commercial and public services - energy use,Total,Thousand tonnes of oil equivalent,Georgia,2022-01-01,550.99
Annual,Final consumption - other sectors - commercial and public services - energy use,Total,Thousand tonnes of oil equivalent,Georgia,2023-01-01,520.226
Annual,Final consumption - other sectors - commercial and public services - energy use,Total,Thousand tonnes of oil equivalent,Georgia,2024-01-01,594.556
Annual,Final consumption - other sectors - commercial and public services - energy use,Total,Thousand tonnes of oil equivalent,Moldova,2013-01-01,258.252
Annual,Final consumption - other sectors - commercial and public services - energy use,Total,Thousand tonnes of oil equivalent,Moldova,2014-01-01,237.402
Annual,Final consumption - other sectors - commercial and public services - energy use,Total,Thousand tonnes of oil equivalent,Moldova,2015-01-01,246.475
Annual,Final consumption - other sectors - commercial and public services - energy use,Total,Thousand tonnes of oil equivalent,Moldova,2016-01-01,258.611
Annual,Final consumption - other sectors - commercial and public services - energy use,Total,Thousand tonnes of oil equivalent,Moldova,2017-01-01,256.417
Annual,Final consumption - other sectors - commercial and public services - energy use,Total,Thousand tonnes of oil equivalent,Moldova,2018-01-01,273.302
Annual,Final consumption - other sectors - commercial and public services - energy use,Total,Thousand tonnes of oil equivalent,Moldova,2019-01-01,263.068
Annual,Final consumption - other sectors - commercial and public services - energy use,Total,Thousand tonnes of oil equivalent,Moldova,2020-01-01,245.099
Annual,Final consumption - other sectors - commercial and public services - energy use,Total,Thousand tonnes of oil equivalent,Moldova,2021-01-01,281.123
Annual,Final consumption - other sectors - commercial and public services - energy use,Total,Thousand tonnes of oil equivalent,Moldova,2022-01-01,256.361
Annual,Final consumption - other sectors - commercial and public services - energy use,Total,Thousand tonnes of oil equivalent,Moldova,2023-01-01,238.421
Annual,Final consumption - other sectors - commercial and public services - energy use,Total,Thousand tonnes of oil equivalent,Moldova,2024-01-01,258.438
Annual,Final consumption - other sectors - commercial and public services - energy use,Total,Thousand tonnes of oil equivalent,Ukraine,2013-01-01,5767.651
Annual,Final consumption - other sectors - commercial and public services - energy use,Total,Thousand tonnes of oil equivalent,Ukraine,2014-01-01,4664.962
Annual,Final consumption - other sectors - commercial and public services - energy use,Total,Thousand tonnes of oil equivalent,Ukraine,2015-01-01,3888.355
Annual,Final consumption - other sectors - commercial and public services - energy use,Total,Thousand tonnes of oil equivalent,Ukraine,2016-01-01,4671.814
Annual,Final consumption - other sectors - commercial and public services - energy use,Total,Thousand tonnes of oil equivalent,Ukraine,2017-01-01,4336.853
Annual,Final consumption - other sectors - commercial and public services - energy use,Total,Thousand tonnes of oil equivalent,Ukraine,2018-01-01,4720.627
Annual,Final consumption - other sectors - commercial and public services - energy use,Total,Thousand tonnes of oil equivalent,Ukraine,2019-01-01,4832.831
Annual,Final consumption - other sectors - commercial and public services - energy use,Total,Thousand tonnes of oil equivalent,Ukraine,2020-01-01,4869.916
Annual,Final consumption - other sectors - commercial and public services - energy use,Total,Thousand tonnes of oil equivalent,Kosovo*,2013-01-01,115.457
Annual,Final consumption - other sectors - commercial and public services - energy use,Total,Thousand tonnes of oil equivalent,Kosovo*,2014-01-01,139.135
Annual,Final consumption - other sectors - commercial and public services - energy use,Total,Thousand tonnes of oil equivalent,Kosovo*,2015-01-01,148.344
Annual,Final consumption - other sectors - commercial and public services - energy use,Total,Thousand tonnes of oil equivalent,Kosovo*,2016-01-01,177.055
Annual,Final consumption - other sectors - commercial and public services - energy use,Total,Thousand tonnes of oil equivalent,Kosovo*,2017-01-01,191.548
Annual,Final consumption - other sectors - commercial and public services - energy use,Total,Thousand tonnes of oil equivalent,Kosovo*,2018-01-01,154.605
Annual,Final consumption - other sectors - commercial and public services - energy use,Total,Thousand tonnes of oil equivalent,Kosovo*,2019-01-01,163.882
Annual,Final consumption - other sectors - commercial and public services - energy use,Total,Thousand tonnes of oil equivalent,Kosovo*,2020-01-01,158.241
Annual,Final consumption - other sectors - commercial and public services - energy use,Total,Thousand tonnes of oil equivalent,Kosovo*,2021-01-01,172.957
Annual,Final consumption - other sectors - commercial and public services - energy use,Total,Thousand tonnes of oil equivalent,Kosovo*,2022-01-01,166.031
Annual,Final consumption - other sectors - commercial and public services - energy use,Total,Thousand tonnes of oil equivalent,Kosovo*,2023-01-01,177.168
Annual,Final consumption - other sectors - commercial and public services - energy use,Total,Thousand tonnes of oil equivalent,Kosovo*,2024-01-01,172.815
Annual,Final consumption - other sectors - households - energy use,Total,Thousand tonnes of oil equivalent,European Union - 27 countries (from 2020),2013-01-01,265128.012
Annual,Final consumption - other sectors - households - energy use,Total,Thousand tonnes of oil equivalent,European Union - 27 countries (from 2020),2014-01-01,232684.569
Annual,Final consumption - other sectors - households - energy use,Total,Thousand tonnes of oil equivalent,European Union - 27 countries (from 2020),2015-01-01,243660.275
Annual,Final consumption - other sectors - households - energy use,Total,Thousand tonnes of oil equivalent,European Union - 27 countries (from 2020),2016-01-01,249966.701
Annual,Final consumption - other sectors - households - energy use,Total,Thousand tonnes of oil equivalent,European Union - 27 countries (from 2020),2017-01-01,250766.543
Annual,Final consumption - other sectors - households - energy use,Total,Thousand tonnes of oil equivalent,European Union - 27 countries (from 2020),2018-01-01,248525.824
Annual,Final consumption - other sectors - households - energy use,Total,Thousand tonnes of oil equivalent,European Union - 27 countries (from 2020),2019-01-01,245986.067
Annual,Final consumption - other sectors - households - energy use,Total,Thousand tonnes of oil equivalent,European Union - 27 countries (from 2020),2020-01-01,246245.204
Annual,Final consumption - other sectors - households - energy use,Total,Thousand tonnes of oil equivalent,European Union - 27 countries (from 2020),2021-01-01,259342.743
Annual,Final consumption - other sectors - households - energy use,Total,Thousand tonnes of oil equivalent,European Union - 27 countries (from 2020),2022-01-01,238839.699
Annual,Final consumption - other sectors - households - energy use,Total,Thousand tonnes of oil equivalent,European Union - 27 countries (from 2020),2023-01-01,225493.692
Annual,Final consumption - other sectors - households - energy use,Total,Thousand tonnes of oil equivalent,European Union - 27 countries (from 2020),2024-01-01,225191.138
Annual,Final consumption - other sectors - households - energy use,Total,Thousand tonnes of oil equivalent,Belgium,2013-01-01,9085.395
Annual,Final consumption - other sectors - households - energy use,Total,Thousand tonnes of oil equivalent,Belgium,2014-01-01,7442.63
Annual,Final consumption - other sectors - households - energy use,Total,Thousand tonnes of oil equivalent,Belgium,2015-01-01,8229.602
Annual,Final consumption - other sectors - households - energy use,Total,Thousand tonnes of oil equivalent,Belgium,2016-01-01,8255.911
Annual,Final consumption - other sectors - households - energy use,Total,Thousand tonnes of oil equivalent,Belgium,2017-01-01,8131.16
Annual,Final consumption - other sectors - households - energy use,Total,Thousand tonnes of oil equivalent,Belgium,2018-01-01,8039.139
Annual,Final consumption - other sectors - households - energy use,Total,Thousand tonnes of oil equivalent,Belgium,2019-01-01,7503.961
Annual,Final consumption - other sectors - households - energy use,Total,Thousand tonnes of oil equivalent,Belgium,2020-01-01,7581.389
Annual,Final consumption - other sectors - households - energy use,Total,Thousand tonnes of oil equivalent,Belgium,2021-01-01,8228.015
Annual,Final consumption - other sectors - households - energy use,Total,Thousand tonnes of oil equivalent,Belgium,2022-01-01,7036.456
Annual,Final consumption - other sectors - households - energy use,Total,Thousand tonnes of oil equivalent,Belgium,2023-01-01,6947.24
Annual,Final consumption - other sectors - households - energy use,Total,Thousand tonnes of oil equivalent,Belgium,2024-01-01,7099.329
Annual,Final consumption - other sectors - households - energy use,Total,Thousand tonnes of oil equivalent,Bulgaria,2013-01-01,2241.036
Annual,Final consumption - other sectors - households - energy use,Total,Thousand tonnes of oil equivalent,Bulgaria,2014-01-01,2164.991
Annual,Final consumption - other sectors - households - energy use,Total,Thousand tonnes of oil equivalent,Bulgaria,2015-01-01,2192.912
Annual,Final consumption - other sectors - households - energy use,Total,Thousand tonnes of oil equivalent,Bulgaria,2016-01-01,2252.111
Annual,Final consumption - other sectors - households - energy use,Total,Thousand tonnes of oil equivalent,Bulgaria,2017-01-01,2318.715
Annual,Final consumption - other sectors - households - energy use,Total,Thousand tonnes of oil equivalent,Bulgaria,2018-01-01,2229.672
Annual,Final consumption - other sectors - households - energy use,Total,Thousand tonnes of oil equivalent,Bulgaria,2019-01-01,2162.252
Annual,Final consumption - other sectors - households - energy use,Total,Thousand tonnes of oil equivalent,Bulgaria,2020-01-01,2382.245
Annual,Final consumption - other sectors - households - energy use,Total,Thousand tonnes of oil equivalent,Bulgaria,2021-01-01,2403.893
Annual,Final consumption - other sectors - households - energy use,Total,Thousand tonnes of oil equivalent,Bulgaria,2022-01-01,2137.397
Annual,Final consumption - other sectors - households - energy use,Total,Thousand tonnes of oil equivalent,Bulgaria,2023-01-01,2046.582
Annual,Final consumption - other sectors - households - energy use,Total,Thousand tonnes of oil equivalent,Bulgaria,2024-01-01,1961.546
Annual,Final consumption - other sectors - households - energy use,Total,Thousand tonnes of oil equivalent,Czechia,2013-01-01,7269.133
Annual,Final consumption - other sectors - households - energy use,Total,Thousand tonnes of oil equivalent,Czechia,2014-01-01,6554.173
Annual,Final consumption - other sectors - households - energy use,Total,Thousand tonnes of oil equivalent,Czechia,2015-01-01,6769.51
Annual,Final consumption - other sectors - households - energy use,Total,Thousand tonnes of oil equivalent,Czechia,2016-01-01,7090.172
Annual,Final consumption - other sectors - households - energy use,Total,Thousand tonnes of oil equivalent,Czechia,2017-01-01,7202.965
Annual,Final consumption - other sectors - households - energy use,Total,Thousand tonnes of oil equivalent,Czechia,2018-01-01,7042.708
Annual,Final consumption - other sectors - households - energy use,Total,Thousand tonnes of oil equivalent,Czechia,2019-01-01,6963.387
Annual,Final consumption - other sectors - households - energy use,Total,Thousand tonnes of oil equivalent,Czechia,2020-01-01,7148.052
Annual,Final consumption - other sectors - households - energy use,Total,Thousand tonnes of oil equivalent,Czechia,2021-01-01,7864.166
Annual,Final consumption - other sectors - households - energy use,Total,Thousand tonnes of oil equivalent,Czechia,2022-01-01,7157.766
Annual,Final consumption - other sectors - households - energy use,Total,Thousand tonnes of oil equivalent,Czechia,2023-01-01,6416.158
Annual,Final consumption - other sectors - households - energy use,Total,Thousand tonnes of oil equivalent,Czechia,2024-01-01,6229.411
Annual,Final consumption - other sectors - households - energy use,Total,Thousand tonnes of oil equivalent,Denmark,2013-01-01,4484.143
Annual,Final consumption - other sectors - households - energy use,Total,Thousand tonnes of oil equivalent,Denmark,2014-01-01,4143.762
Annual,Final consumption - other sectors - households - energy use,Total,Thousand tonnes of oil equivalent,Denmark,2015-01-01,4445.518
Annual,Final consumption - other sectors - households - energy use,Total,Thousand tonnes of oil equivalent,Denmark,2016-01-01,4601.363
Annual,Final consumption - other sectors - households - energy use,Total,Thousand tonnes of oil equivalent,Denmark,2017-01-01,4498.219
Annual,Final consumption - other sectors - households - energy use,Total,Thousand tonnes of oil equivalent,Denmark,2018-01-01,4450.344
Annual,Final consumption - other sectors - households - energy use,Total,Thousand tonnes of oil equivalent,Denmark,2019-01-01,4389.392
Annual,Final consumption - other sectors - households - energy use,Total,Thousand tonnes of oil equivalent,Denmark,2020-01-01,4273.399
Annual,Final consumption - other sectors - households - energy use,Total,Thousand tonnes of oil equivalent,Denmark,2021-01-01,4519.97
Annual,Final consumption - other sectors - households - energy use,Total,Thousand tonnes of oil equivalent,Denmark,2022-01-01,3998.544
Annual,Final consumption - other sectors - households - energy use,Total,Thousand tonnes of oil equivalent,Denmark,2023-01-01,4096.01
Annual,Final consumption - other sectors - households - energy use,Total,Thousand tonnes of oil equivalent,Denmark,2024-01-01,4135.652
Annual,Final consumption - other sectors - households - energy use,Total,Thousand tonnes of oil equivalent,Germany,2013-01-01,62517.628
Annual,Final consumption - other sectors - households - energy use,Total,Thousand tonnes of oil equivalent,Germany,2014-01-01,53648.149
Annual,Final consumption - other sectors - households - energy use,Total,Thousand tonnes of oil equivalent,Germany,2015-01-01,54959.824
Annual,Final consumption - other sectors - households - energy use,Total,Thousand tonnes of oil equivalent,Germany,2016-01-01,56963.58
Annual,Final consumption - other sectors - households - energy use,Total,Thousand tonnes of oil equivalent,Germany,2017-01-01,56777.115
Annual,Final consumption - other sectors - households - energy use,Total,Thousand tonnes of oil equivalent,Germany,2018-01-01,55822.36
Annual,Final consumption - other sectors - households - energy use,Total,Thousand tonnes of oil equivalent,Germany,2019-01-01,57743.03
Annual,Final consumption - other sectors - households - energy use,Total,Thousand tonnes of oil equivalent,Germany,2020-01-01,57979.779
Annual,Final consumption - other sectors - households - energy use,Total,Thousand tonnes of oil equivalent,Germany,2021-01-01,57672.167
Annual,Final consumption - other sectors - households - energy use,Total,Thousand tonnes of oil equivalent,Germany,2022-01-01,57434.806
Annual,Final consumption - other sectors - households - energy use,Total,Thousand tonnes of oil equivalent,Germany,2023-01-01,52434.691
Annual,Final consumption - other sectors - households - energy use,Total,Thousand tonnes of oil equivalent,Germany,2024-01-01,52455.834
Annual,Final consumption - other sectors - households - energy use,Total,Thousand tonnes of oil equivalent,Estonia,2013-01-01,933.506
Annual,Final consumption - other sectors - households - energy use,Total,Thousand tonnes of oil equivalent,Estonia,2014-01-01,888.143
Annual,Final consumption - other sectors - households - energy use,Total,Thousand tonnes of oil equivalent,Estonia,2015-01-01,857.435
Annual,Final consumption - other sectors - households - energy use,Total,Thousand tonnes of oil equivalent,Estonia,2016-01-01,930.578
Annual,Final consumption - other sectors - households - energy use,Total,Thousand tonnes of oil equivalent,Estonia,2017-01-01,940.914
Annual,Final consumption - other sectors - households - energy use,Total,Thousand tonnes of oil equivalent,Estonia,2018-01-01,941.042
Annual,Final consumption - other sectors - households - energy use,Total,Thousand tonnes of oil equivalent,Estonia,2019-01-01,951.351
Annual,Final consumption - other sectors - households - energy use,Total,Thousand tonnes of oil equivalent,Estonia,2020-01-01,944.704
Annual,Final consumption - other sectors - households - energy use,Total,Thousand tonnes of oil equivalent,Estonia,2021-01-01,965.256
Annual,Final consumption - other sectors - households - energy use,Total,Thousand tonnes of oil equivalent,Estonia,2022-01-01,963.88
Annual,Final consumption - other sectors - households - energy use,Total,Thousand tonnes of oil equivalent,Estonia,2023-01-01,935.976
Annual,Final consumption - other sectors - households - energy use,Total,Thousand tonnes of oil equivalent,Estonia,2024-01-01,978.233
Annual,Final consumption - other sectors - households - energy use,Total,Thousand tonnes of oil equivalent,Ireland,2013-01-01,2920.575
Annual,Final consumption - other sectors - households - energy use,Total,Thousand tonnes of oil equivalent,Ireland,2014-01-01,2671.878
Annual,Final consumption - other sectors - households - energy use,Total,Thousand tonnes of oil equivalent,Ireland,2015-01-01,2829.165
Annual,Final consumption - other sectors - households - energy use,Total,Thousand tonnes of oil equivalent,Ireland,2016-01-01,2918.087
Annual,Final consumption - other sectors - households - energy use,Total,Thousand tonnes of oil equivalent,Ireland,2017-01-01,2768.312
Annual,Final consumption - other sectors - households - energy use,Total,Thousand tonnes of oil equivalent,Ireland,2018-01-01,2950.805
Annual,Final consumption - other sectors - households - energy use,Total,Thousand tonnes of oil equivalent,Ireland,2019-01-01,2868.37
Annual,Final consumption - other sectors - households - energy use,Total,Thousand tonnes of oil equivalent,Ireland,2020-01-01,3132.847
Annual,Final consumption - other sectors - households - energy use,Total,Thousand tonnes of oil equivalent,Ireland,2021-01-01,2983.656
Annual,Final consumption - other sectors - households - energy use,Total,Thousand tonnes of oil equivalent,Ireland,2022-01-01,2615.339
Annual,Final consumption - other sectors - households - energy use,Total,Thousand tonnes of oil equivalent,Ireland,2023-01-01,2497.658
Annual,Final consumption - other sectors - households - energy use,Total,Thousand tonnes of oil equivalent,Ireland,2024-01-01,2627.755
Annual,Final consumption - other sectors - households - energy use,Total,Thousand tonnes of oil equivalent,Greece,2013-01-01,3821.337
Annual,Final consumption - other sectors - households - energy use,Total,Thousand tonnes of oil equivalent,Greece,2014-01-01,3844.875
Annual,Final consumption - other sectors - households - energy use,Total,Thousand tonnes of oil equivalent,Greece,2015-01-01,4460.625
Annual,Final consumption - other sectors - households - energy use,Total,Thousand tonnes of oil equivalent,Greece,2016-01-01,4337.452
Annual,Final consumption - other sectors - households - energy use,Total,Thousand tonnes of oil equivalent,Greece,2017-01-01,4401.052
Annual,Final consumption - other sectors - households - energy use,Total,Thousand tonnes of oil equivalent,Greece,2018-01-01,3903.48
Annual,Final consumption - other sectors - households - energy use,Total,Thousand tonnes of oil equivalent,Greece,2019-01-01,4099.875
Annual,Final consumption - other sectors - households - energy use,Total,Thousand tonnes of oil equivalent,Greece,2020-01-01,4277.83
Annual,Final consumption - other sectors - households - energy use,Total,Thousand tonnes of oil equivalent,Greece,2021-01-01,4278.524
Annual,Final consumption - other sectors - households - energy use,Total,Thousand tonnes of oil equivalent,Greece,2022-01-01,4325.475
Annual,Final consumption - other sectors - households - energy use,Total,Thousand tonnes of oil equivalent,Greece,2023-01-01,3773.874
Annual,Final consumption - other sectors - households - energy use,Total,Thousand tonnes of oil equivalent,Greece,2024-01-01,3862.774
Annual,Final consumption - other sectors - households - energy use,Total,Thousand tonnes of oil equivalent,Spain,2013-01-01,14888.925
Annual,Final consumption - other sectors - households - energy use,Total,Thousand tonnes of oil equivalent,Spain,2014-01-01,14787.31
Annual,Final consumption - other sectors - households - energy use,Total,Thousand tonnes of oil equivalent,Spain,2015-01-01,15269.842
Annual,Final consumption - other sectors - households - energy use,Total,Thousand tonnes of oil equivalent,Spain,2016-01-01,14331.695
Annual,Final consumption - other sectors - households - energy use,Total,Thousand tonnes of oil equivalent,Spain,2017-01-01,14392.022
Annual,Final consumption - other sectors - households - energy use,Total,Thousand tonnes of oil equivalent,Spain,2018-01-01,15178.832
Annual,Final consumption - other sectors - households - energy use,Total,Thousand tonnes of oil equivalent,Spain,2019-01-01,14445.322
Annual,Final consumption - other sectors - households - energy use,Total,Thousand tonnes of oil equivalent,Spain,2020-01-01,14555.763
Annual,Final consumption - other sectors - households - energy use,Total,Thousand tonnes of oil equivalent,Spain,2021-01-01,14513.752
Annual,Final consumption - other sectors - households - energy use,Total,Thousand tonnes of oil equivalent,Spain,2022-01-01,14016.209
Annual,Final consumption - other sectors - households - energy use,Total,Thousand tonnes of oil equivalent,Spain,2023-01-01,13671.209
Annual,Final consumption - other sectors - households - energy use,Total,Thousand tonnes of oil equivalent,Spain,2024-01-01,13879.984
Annual,Final consumption - other sectors - households - energy use,Total,Thousand tonnes of oil equivalent,France,2013-01-01,46934.921
Annual,Final consumption - other sectors - households - energy use,Total,Thousand tonnes of oil equivalent,France,2014-01-01,38260.942
Annual,Final consumption - other sectors - households - energy use,Total,Thousand tonnes of oil equivalent,France,2015-01-01,40692.404
Annual,Final consumption - other sectors - households - energy use,Total,Thousand tonnes of oil equivalent,France,2016-01-01,43102.268
Annual,Final consumption - other sectors - households - energy use,Total,Thousand tonnes of oil equivalent,France,2017-01-01,42420.967
Annual,Final consumption - other sectors - households - energy use,Total,Thousand tonnes of oil equivalent,France,2018-01-01,41029.548
Annual,Final consumption - other sectors - households - energy use,Total,Thousand tonnes of oil equivalent,France,2019-01-01,40771.075
Annual,Final consumption - other sectors - households - energy use,Total,Thousand tonnes of oil equivalent,France,2020-01-01,39984.582
Annual,Final consumption - other sectors - households - energy use,Total,Thousand tonnes of oil equivalent,France,2021-01-01,43310.438
Annual,Final consumption - other sectors - households - energy use,Total,Thousand tonnes of oil equivalent,France,2022-01-01,37920.921
Annual,Final consumption - other sectors - households - energy use,Total,Thousand tonnes of oil equivalent,France,2023-01-01,36640.154
Annual,Final consumption - other sectors - households - energy use,Total,Thousand tonnes of oil equivalent,France,2024-01-01,36623.464
Annual,Final consumption - other sectors - households - energy use,Total,Thousand tonnes of oil equivalent,Croatia,2013-01-01,2493.453
Annual,Final consumption - other sectors - households - energy use,Total,Thousand tonnes of oil equivalent,Croatia,2014-01-01,2228.532
Annual,Final consumption - other sectors - households - energy use,Total,Thousand tonnes of oil equivalent,Croatia,2015-01-01,2429.916
Annual,Final consumption - other sectors - households - energy use,Total,Thousand tonnes of oil equivalent,Croatia,2016-01-01,2409.158
Annual,Final consumption - other sectors - households - energy use,Total,Thousand tonnes of oil equivalent,Croatia,2017-01-01,2392.72
Annual,Final consumption - other sectors - households - energy use,Total,Thousand tonnes of oil equivalent,Croatia,2018-01-01,2298.895
Annual,Final consumption - other sectors - households - energy use,Total,Thousand tonnes of oil equivalent,Croatia,2019-01-01,2238.586
Annual,Final consumption - other sectors - households - energy use,Total,Thousand tonnes of oil equivalent,Croatia,2020-01-01,2277.143
Annual,Final consumption - other sectors - households - energy use,Total,Thousand tonnes of oil equivalent,Croatia,2021-01-01,2441.87
Annual,Final consumption - other sectors - households - energy use,Total,Thousand tonnes of oil equivalent,Croatia,2022-01-01,2286.359
Annual,Final consumption - other sectors - households - energy use,Total,Thousand tonnes of oil equivalent,Croatia,2023-01-01,2224.526
Annual,Final consumption - other sectors - households - energy use,Total,Thousand tonnes of oil equivalent,Croatia,2024-01-01,2213.975
Annual,Final consumption - other sectors - households - energy use,Total,Thousand tonnes of oil equivalent,Italy,2013-01-01,34230.62
Annual,Final consumption - other sectors - households - energy use,Total,Thousand tonnes of oil equivalent,Italy,2014-01-01,29545.98
Annual,Final consumption - other sectors - households - energy use,Total,Thousand tonnes of oil equivalent,Italy,2015-01-01,32494.483
Annual,Final consumption - other sectors - households - energy use,Total,Thousand tonnes of oil equivalent,Italy,2016-01-01,32185.101
Annual,Final consumption - other sectors - households - energy use,Total,Thousand tonnes of oil equivalent,Italy,2017-01-01,32898.639
Annual,Final consumption - other sectors - households - energy use,Total,Thousand tonnes of oil equivalent,Italy,2018-01-01,31905.559
Annual,Final consumption - other sectors - households - energy use,Total,Thousand tonnes of oil equivalent,Italy,2019-01-01,31138.335
Annual,Final consumption - other sectors - households - energy use,Total,Thousand tonnes of oil equivalent,Italy,2020-01-01,30655.992
Annual,Final consumption - other sectors - households - energy use,Total,Thousand tonnes of oil equivalent,Italy,2021-01-01,33244.961
Annual,Final consumption - other sectors - households - energy use,Total,Thousand tonnes of oil equivalent,Italy,2022-01-01,29426.979
Annual,Final consumption - other sectors - households - energy use,Total,Thousand tonnes of oil equivalent,Italy,2023-01-01,26546.617
Annual,Final consumption - other sectors - households - energy use,Total,Thousand tonnes of oil equivalent,Italy,2024-01-01,26782.433
Annual,Final consumption - other sectors - households - energy use,Total,Thousand tonnes of oil equivalent,Cyprus,2013-01-01,304.971
Annual,Final consumption - other sectors - households - energy use,Total,Thousand tonnes of oil equivalent,Cyprus,2014-01-01,292.183
Annual,Final consumption - other sectors - households - energy use,Total,Thousand tonnes of oil equivalent,Cyprus,2015-01-01,323.916
Annual,Final consumption - other sectors - households - energy use,Total,Thousand tonnes of oil equivalent,Cyprus,2016-01-01,333.642
Annual,Final consumption - other sectors - households - energy use,Total,Thousand tonnes of oil equivalent,Cyprus,2017-01-01,342.362
Annual,Final consumption - other sectors - households - energy use,Total,Thousand tonnes of oil equivalent,Cyprus,2018-01-01,334.957
Annual,Final consumption - other sectors - households - energy use,Total,Thousand tonnes of oil equivalent,Cyprus,2019-01-01,359.703
Annual,Final consumption - other sectors - households - energy use,Total,Thousand tonnes of oil equivalent,Cyprus,2020-01-01,363.552
Annual,Final consumption - other sectors - households - energy use,Total,Thousand tonnes of oil equivalent,Cyprus,2021-01-01,355.143
Annual,Final consumption - other sectors - households - energy use,Total,Thousand tonnes of oil equivalent,Cyprus,2022-01-01,360.543
Annual,Final consumption - other sectors - households - energy use,Total,Thousand tonnes of oil equivalent,Cyprus,2023-01-01,336.459
Annual,Final consumption - other sectors - households - energy use,Total,Thousand tonnes of oil equivalent,Cyprus,2024-01-01,347.807
Annual,Final consumption - other sectors - households - energy use,Total,Thousand tonnes of oil equivalent,Latvia,2013-01-01,1267.242
Annual,Final consumption - other sectors - households - energy use,Total,Thousand tonnes of oil equivalent,Latvia,2014-01-01,1238.471
Annual,Final consumption - other sectors - households - energy use,Total,Thousand tonnes of oil equivalent,Latvia,2015-01-01,1105.582
Annual,Final consumption - other sectors - households - energy use,Total,Thousand tonnes of oil equivalent,Latvia,2016-01-01,1143.483
Annual,Final consumption - other sectors - households - energy use,Total,Thousand tonnes of oil equivalent,Latvia,2017-01-01,1195.604
Annual,Final consumption - other sectors - households - energy use,Total,Thousand tonnes of oil equivalent,Latvia,2018-01-01,1231.009
Annual,Final consumption - other sectors - households - energy use,Total,Thousand tonnes of oil equivalent,Latvia,2019-01-01,1187.967
Annual,Final consumption - other sectors - households - energy use,Total,Thousand tonnes of oil equivalent,Latvia,2020-01-01,1115.366
Annual,Final consumption - other sectors - households - energy use,Total,Thousand tonnes of oil equivalent,Latvia,2021-01-01,1202.993
Annual,Final consumption - other sectors - households - energy use,Total,Thousand tonnes of oil equivalent,Latvia,2022-01-01,1115.069
Annual,Final consumption - other sectors - households - energy use,Total,Thousand tonnes of oil equivalent,Latvia,2023-01-01,1079.133
Annual,Final consumption - other sectors - households - energy use,Total,Thousand tonnes of oil equivalent,Latvia,2024-01-01,1099.341
Annual,Final consumption - other sectors - households - energy use,Total,Thousand tonnes of oil equivalent,Lithuania,2013-01-01,1467.198
Annual,Final consumption - other sectors - households - energy use,Total,Thousand tonnes of oil equivalent,Lithuania,2014-01-01,1400.9
Annual,Final consumption - other sectors - households - energy use,Total,Thousand tonnes of oil equivalent,Lithuania,2015-01-01,1359.131
Annual,Final consumption - other sectors - households - energy use,Total,Thousand tonnes of oil equivalent,Lithuania,2016-01-01,1433.211
Annual,Final consumption - other sectors - households - energy use,Total,Thousand tonnes of oil equivalent,Lithuania,2017-01-01,1455.374
Annual,Final consumption - other sectors - households - energy use,Total,Thousand tonnes of oil equivalent,Lithuania,2018-01-01,1511.606
Annual,Final consumption - other sectors - households - energy use,Total,Thousand tonnes of oil equivalent,Lithuania,2019-01-01,1447.177
Annual,Final consumption - other sectors - households - energy use,Total,Thousand tonnes of oil equivalent,Lithuania,2020-01-01,1433.361
Annual,Final consumption - other sectors - households - energy use,Total,Thousand tonnes of oil equivalent,Lithuania,2021-01-01,1629.694
Annual,Final consumption - other sectors - households - energy use,Total,Thousand tonnes of oil equivalent,Lithuania,2022-01-01,1558.114
Annual,Final consumption - other sectors - households - energy use,Total,Thousand tonnes of oil equivalent,Lithuania,2023-01-01,1530.945
Annual,Final consumption - other sectors - households - energy use,Total,Thousand tonnes of oil equivalent,Lithuania,2024-01-01,1616.951
Annual,Final consumption - other sectors - households - energy use,Total,Thousand tonnes of oil equivalent,Luxembourg,2013-01-01,498.056
Annual,Final consumption - other sectors - households - energy use,Total,Thousand tonnes of oil equivalent,Luxembourg,2014-01-01,468.025
Annual,Final consumption - other sectors - households - energy use,Total,Thousand tonnes of oil equivalent,Luxembourg,2015-01-01,508.946
Annual,Final consumption - other sectors - households - energy use,Total,Thousand tonnes of oil equivalent,Luxembourg,2016-01-01,525.178
Annual,Final consumption - other sectors - households - energy use,Total,Thousand tonnes of oil equivalent,Luxembourg,2017-01-01,535.579
Annual,Final consumption - other sectors - households - energy use,Total,Thousand tonnes of oil equivalent,Luxembourg,2018-01-01,500.518
Annual,Final consumption - other sectors - households - energy use,Total,Thousand tonnes of oil equivalent,Luxembourg,2019-01-01,463.194
Annual,Final consumption - other sectors - households - energy use,Total,Thousand tonnes of oil equivalent,Luxembourg,2020-01-01,497.737
Annual,Final consumption - other sectors - households - energy use,Total,Thousand tonnes of oil equivalent,Luxembourg,2021-01-01,479.175
Annual,Final consumption - other sectors - households - energy use,Total,Thousand tonnes of oil equivalent,Luxembourg,2022-01-01,454.444
Annual,Final consumption - other sectors - households - energy use,Total,Thousand tonnes of oil equivalent,Luxembourg,2023-01-01,438.685
Annual,Final consumption - other sectors - households - energy use,Total,Thousand tonnes of oil equivalent,Luxembourg,2024-01-01,443.037
Annual,Final consumption - other sectors - households - energy use,Total,Thousand tonnes of oil equivalent,Hungary,2013-01-01,6209.747
Annual,Final consumption - other sectors - households - energy use,Total,Thousand tonnes of oil equivalent,Hungary,2014-01-01,5487.452
Annual,Final consumption - other sectors - households - energy use,Total,Thousand tonnes of oil equivalent,Hungary,2015-01-01,5969.813
Annual,Final consumption - other sectors - households - energy use,Total,Thousand tonnes of oil equivalent,Hungary,2016-01-01,6156.505
Annual,Final consumption - other sectors - households - energy use,Total,Thousand tonnes of oil equivalent,Hungary,2017-01-01,6294.138
Annual,Final consumption - other sectors - households - energy use,Total,Thousand tonnes of oil equivalent,Hungary,2018-01-01,5818.115
Annual,Final consumption - other sectors - households - energy use,Total,Thousand tonnes of oil equivalent,Hungary,2019-01-01,5676.869
Annual,Final consumption - other sectors - households - energy use,Total,Thousand tonnes of oil equivalent,Hungary,2020-01-01,5980.487
Annual,Final consumption - other sectors - households - energy use,Total,Thousand tonnes of oil equivalent,Hungary,2021-01-01,6374.4
Annual,Final consumption - other sectors - households - energy use,Total,Thousand tonnes of oil equivalent,Hungary,2022-01-01,5821.192
Annual,Final consumption - other sectors - households - energy use,Total,Thousand tonnes of oil equivalent,Hungary,2023-01-01,5367.117
Annual,Final consumption - other sectors - households - energy use,Total,Thousand tonnes of oil equivalent,Hungary,2024-01-01,5327.465
Annual,Final consumption - other sectors - households - energy use,Total,Thousand tonnes of oil equivalent,Malta,2013-01-01,73.999
Annual,Final consumption - other sectors - households - energy use,Total,Thousand tonnes of oil equivalent,Malta,2014-01-01,73.904
Annual,Final consumption - other sectors - households - energy use,Total,Thousand tonnes of oil equivalent,Malta,2015-01-01,79.865
Annual,Final consumption - other sectors - households - energy use,Total,Thousand tonnes of oil equivalent,Malta,2016-01-01,77.575
Annual,Final consumption - other sectors - households - energy use,Total,Thousand tonnes of oil equivalent,Malta,2017-01-01,91.096
Annual,Final consumption - other sectors - households - energy use,Total,Thousand tonnes of oil equivalent,Malta,2018-01-01,93.033
Annual,Final consumption - other sectors - households - energy use,Total,Thousand tonnes of oil equivalent,Malta,2019-01-01,101.528
Annual,Final consumption - other sectors - households - energy use,Total,Thousand tonnes of oil equivalent,Malta,2020-01-01,105.933
Annual,Final consumption - other sectors - households - energy use,Total,Thousand tonnes of oil equivalent,Malta,2021-01-01,110.244
Annual,Final consumption - other sectors - households - energy use,Total,Thousand tonnes of oil equivalent,Malta,2022-01-01,117.719
Annual,Final consumption - other sectors - households - energy use,Total,Thousand tonnes of oil equivalent,Malta,2023-01-01,116.023
Annual,Final consumption - other sectors - households - energy use,Total,Thousand tonnes of oil equivalent,Malta,2024-01-01,121.621
Annual,Final consumption - other sectors - households - energy use,Total,Thousand tonnes of oil equivalent,Netherlands,2013-01-01,11412.549
Annual,Final consumption - other sectors - households - energy use,Total,Thousand tonnes of oil equivalent,Netherlands,2014-01-01,9116.954
Annual,Final consumption - other sectors - households - energy use,Total,Thousand tonnes of oil equivalent,Netherlands,2015-01-01,9534.29
Annual,Final consumption - other sectors - households - energy use,Total,Thousand tonnes of oil equivalent,Netherlands,2016-01-01,9812.913
Annual,Final consumption - other sectors - households - energy use,Total,Thousand tonnes of oil equivalent,Netherlands,2017-01-01,9584.967
Annual,Final consumption - other sectors - households - energy use,Total,Thousand tonnes of oil equivalent,Netherlands,2018-01-01,9551.684
Annual,Final consumption - other sectors - households - energy use,Total,Thousand tonnes of oil equivalent,Netherlands,2019-01-01,9330.173
Annual,Final consumption - other sectors - households - energy use,Total,Thousand tonnes of oil equivalent,Netherlands,2020-01-01,9110.154
Annual,Final consumption - other sectors - households - energy use,Total,Thousand tonnes of oil equivalent,Netherlands,2021-01-01,10087.558
Annual,Final consumption - other sectors - households - energy use,Total,Thousand tonnes of oil equivalent,Netherlands,2022-01-01,8201.73
Annual,Final consumption - other sectors - households - energy use,Total,Thousand tonnes of oil equivalent,Netherlands,2023-01-01,7673.371
Annual,Final consumption - other sectors - households - energy use,Total,Thousand tonnes of oil equivalent,Netherlands,2024-01-01,7689.932
Annual,Final consumption - other sectors - households - energy use,Total,Thousand tonnes of oil equivalent,Austria,2013-01-01,6911.132
Annual,Final consumption - other sectors - households - energy use,Total,Thousand tonnes of oil equivalent,Austria,2014-01-01,6239.87
Annual,Final consumption - other sectors - households - energy use,Total,Thousand tonnes of oil equivalent,Austria,2015-01-01,6631.937
Annual,Final consumption - other sectors - households - energy use,Total,Thousand tonnes of oil equivalent,Austria,2016-01-01,6919.098
Annual,Final consumption - other sectors - households - energy use,Total,Thousand tonnes of oil equivalent,Austria,2017-01-01,6955.601
Annual,Final consumption - other sectors - households - energy use,Total,Thousand tonnes of oil equivalent,Austria,2018-01-01,6531.091
Annual,Final consumption - other sectors - households - energy use,Total,Thousand tonnes of oil equivalent,Austria,2019-01-01,6687.86
Annual,Final consumption - other sectors - households - energy use,Total,Thousand tonnes of oil equivalent,Austria,2020-01-01,7033.251
Annual,Final consumption - other sectors - households - energy use,Total,Thousand tonnes of oil equivalent,Austria,2021-01-01,7811.649
Annual,Final consumption - other sectors - households - energy use,Total,Thousand tonnes of oil equivalent,Austria,2022-01-01,7108.457
Annual,Final consumption - other sectors - households - energy use,Total,Thousand tonnes of oil equivalent,Austria,2023-01-01,7270.904
Annual,Final consumption - other sectors - households - energy use,Total,Thousand tonnes of oil equivalent,Austria,2024-01-01,6932.267
Annual,Final consumption - other sectors - households - energy use,Total,Thousand tonnes of oil equivalent,Poland,2013-01-01,20492.305
Annual,Final consumption - other sectors - households - energy use,Total,Thousand tonnes of oil equivalent,Poland,2014-01-01,19034.846
Annual,Final consumption - other sectors - households - energy use,Total,Thousand tonnes of oil equivalent,Poland,2015-01-01,19032.461
Annual,Final consumption - other sectors - households - energy use,Total,Thousand tonnes of oil equivalent,Poland,2016-01-01,19886.302
Annual,Final consumption - other sectors - households - energy use,Total,Thousand tonnes of oil equivalent,Poland,2017-01-01,20063.177
Annual,Final consumption - other sectors - households - energy use,Total,Thousand tonnes of oil equivalent,Poland,2018-01-01,22557.493
Annual,Final consumption - other sectors - households - energy use,Total,Thousand tonnes of oil equivalent,Poland,2019-01-01,20993.899
Annual,Final consumption - other sectors - households - energy use,Total,Thousand tonnes of oil equivalent,Poland,2020-01-01,21101.347
Annual,Final consumption - other sectors - households - energy use,Total,Thousand tonnes of oil equivalent,Poland,2021-01-01,22130.789
Annual,Final consumption - other sectors - households - energy use,Total,Thousand tonnes of oil equivalent,Poland,2022-01-01,20492.124
Annual,Final consumption - other sectors - households - energy use,Total,Thousand tonnes of oil equivalent,Poland,2023-01-01,19916.392
Annual,Final consumption - other sectors - households - energy use,Total,Thousand tonnes of oil equivalent,Poland,2024-01-01,19636.596
Annual,Final consumption - other sectors - households - energy use,Total,Thousand tonnes of oil equivalent,Portugal,2013-01-01,2634.808
Annual,Final consumption - other sectors - households - energy use,Total,Thousand tonnes of oil equivalent,Portugal,2014-01-01,2776.692
Annual,Final consumption - other sectors - households - energy use,Total,Thousand tonnes of oil equivalent,Portugal,2015-01-01,2751.749
Annual,Final consumption - other sectors - households - energy use,Total,Thousand tonnes of oil equivalent,Portugal,2016-01-01,2819.484
Annual,Final consumption - other sectors - households - energy use,Total,Thousand tonnes of oil equivalent,Portugal,2017-01-01,2801.785
Annual,Final consumption - other sectors - households - energy use,Total,Thousand tonnes of oil equivalent,Portugal,2018-01-01,2877.758
Annual,Final consumption - other sectors - households - energy use,Total,Thousand tonnes of oil equivalent,Portugal,2019-01-01,2891.348
Annual,Final consumption - other sectors - households - energy use,Total,Thousand tonnes of oil equivalent,Portugal,2020-01-01,3014.19
Annual,Final consumption - other sectors - households - energy use,Total,Thousand tonnes of oil equivalent,Portugal,2021-01-01,3022.524
Annual,Final consumption - other sectors - households - energy use,Total,Thousand tonnes of oil equivalent,Portugal,2022-01-01,2965.934
Annual,Final consumption - other sectors - households - energy use,Total,Thousand tonnes of oil equivalent,Portugal,2023-01-01,3019.665
Annual,Final consumption - other sectors - households - energy use,Total,Thousand tonnes of oil equivalent,Portugal,2024-01-01,2939.639
Annual,Final consumption - other sectors - households - energy use,Total,Thousand tonnes of oil equivalent,Romania,2013-01-01,7721.97
Annual,Final consumption - other sectors - households - energy use,Total,Thousand tonnes of oil equivalent,Romania,2014-01-01,7409.681
Annual,Final consumption - other sectors - households - energy use,Total,Thousand tonnes of oil equivalent,Romania,2015-01-01,7375.183
Annual,Final consumption - other sectors - households - energy use,Total,Thousand tonnes of oil equivalent,Romania,2016-01-01,7414.92
Annual,Final consumption - other sectors - households - energy use,Total,Thousand tonnes of oil equivalent,Romania,2017-01-01,7732.038
Annual,Final consumption - other sectors - households - energy use,Total,Thousand tonnes of oil equivalent,Romania,2018-01-01,7775.08
Annual,Final consumption - other sectors - households - energy use,Total,Thousand tonnes of oil equivalent,Romania,2019-01-01,7753.283
Annual,Final consumption - other sectors - households - energy use,Total,Thousand tonnes of oil equivalent,Romania,2020-01-01,8007.426
Annual,Final consumption - other sectors - households - energy use,Total,Thousand tonnes of oil equivalent,Romania,2021-01-01,8764.871
Annual,Final consumption - other sectors - households - energy use,Total,Thousand tonnes of oil equivalent,Romania,2022-01-01,7894.699
Annual,Final consumption - other sectors - households - energy use,Total,Thousand tonnes of oil equivalent,Romania,2023-01-01,7552.174
Annual,Final consumption - other sectors - households - energy use,Total,Thousand tonnes of oil equivalent,Romania,2024-01-01,7434.117
Annual,Final consumption - other sectors - households - energy use,Total,Thousand tonnes of oil equivalent,Slovenia,2013-01-01,1238.44
Annual,Final consumption - other sectors - households - energy use,Total,Thousand tonnes of oil equivalent,Slovenia,2014-01-01,1060.348
Annual,Final consumption - other sectors - households - energy use,Total,Thousand tonnes of oil equivalent,Slovenia,2015-01-01,1172.476
Annual,Final consumption - other sectors - households - energy use,Total,Thousand tonnes of oil equivalent,Slovenia,2016-01-01,1196.324
Annual,Final consumption - other sectors - households - energy use,Total,Thousand tonnes of oil equivalent,Slovenia,2017-01-01,1171.381
Annual,Final consumption - other sectors - households - energy use,Total,Thousand tonnes of oil equivalent,Slovenia,2018-01-01,1101.397
Annual,Final consumption - other sectors - households - energy use,Total,Thousand tonnes of oil equivalent,Slovenia,2019-01-01,1076.85
Annual,Final consumption - other sectors - households - energy use,Total,Thousand tonnes of oil equivalent,Slovenia,2020-01-01,1091.333
Annual,Final consumption - other sectors - households - energy use,Total,Thousand tonnes of oil equivalent,Slovenia,2021-01-01,1162.089
Annual,Final consumption - other sectors - households - energy use,Total,Thousand tonnes of oil equivalent,Slovenia,2022-01-01,1052.349
Annual,Final consumption - other sectors - households - energy use,Total,Thousand tonnes of oil equivalent,Slovenia,2023-01-01,1040.915
Annual,Final consumption - other sectors - households - energy use,Total,Thousand tonnes of oil equivalent,Slovenia,2024-01-01,1033.167
Annual,Final consumption - other sectors - households - energy use,Total,Thousand tonnes of oil equivalent,Slovakia,2013-01-01,2842.735
Annual,Final consumption - other sectors - households - energy use,Total,Thousand tonnes of oil equivalent,Slovakia,2014-01-01,2325.037
Annual,Final consumption - other sectors - households - energy use,Total,Thousand tonnes of oil equivalent,Slovakia,2015-01-01,2573.288
Annual,Final consumption - other sectors - households - energy use,Total,Thousand tonnes of oil equivalent,Slovakia,2016-01-01,2688.692
Annual,Final consumption - other sectors - households - energy use,Total,Thousand tonnes of oil equivalent,Slovakia,2017-01-01,2744.162
Annual,Final consumption - other sectors - households - energy use,Total,Thousand tonnes of oil equivalent,Slovakia,2018-01-01,2546.007
Annual,Final consumption - other sectors - households - energy use,Total,Thousand tonnes of oil equivalent,Slovakia,2019-01-01,2637.679
Annual,Final consumption - other sectors - households - energy use,Total,Thousand tonnes of oil equivalent,Slovakia,2020-01-01,2744.571
Annual,Final consumption - other sectors - households - energy use,Total,Thousand tonnes of oil equivalent,Slovakia,2021-01-01,2966.314
Annual,Final consumption - other sectors - households - energy use,Total,Thousand tonnes of oil equivalent,Slovakia,2022-01-01,2686.513
Annual,Final consumption - other sectors - households - energy use,Total,Thousand tonnes of oil equivalent,Slovakia,2023-01-01,2425.468
Annual,Final consumption - other sectors - households - energy use,Total,Thousand tonnes of oil equivalent,Slovakia,2024-01-01,2299.882
Annual,Final consumption - other sectors - households - energy use,Total,Thousand tonnes of oil equivalent,Finland,2013-01-01,5172.734
Annual,Final consumption - other sectors - households - energy use,Total,Thousand tonnes of oil equivalent,Finland,2014-01-01,5126.2
Annual,Final consumption - other sectors - households - energy use,Total,Thousand tonnes of oil equivalent,Finland,2015-01-01,4950.975
Annual,Final consumption - other sectors - households - energy use,Total,Thousand tonnes of oil equivalent,Finland,2016-01-01,5342.235
Annual,Final consumption - other sectors - households - energy use,Total,Thousand tonnes of oil equivalent,Finland,2017-01-01,5761.435
Annual,Final consumption - other sectors - households - energy use,Total,Thousand tonnes of oil equivalent,Finland,2018-01-01,5691.11
Annual,Final consumption - other sectors - households - energy use,Total,Thousand tonnes of oil equivalent,Finland,2019-01-01,5631.035
Annual,Final consumption - other sectors - households - energy use,Total,Thousand tonnes of oil equivalent,Finland,2020-01-01,5284.813
Annual,Final consumption - other sectors - households - energy use,Total,Thousand tonnes of oil equivalent,Finland,2021-01-01,5962.385
Annual,Final consumption - other sectors - households - energy use,Total,Thousand tonnes of oil equivalent,Finland,2022-01-01,5594.322
Annual,Final consumption - other sectors - households - energy use,Total,Thousand tonnes of oil equivalent,Finland,2023-01-01,5465.387
Annual,Final consumption - other sectors - households - energy use,Total,Thousand tonnes of oil equivalent,Finland,2024-01-01,5362.842
Annual,Final consumption - other sectors - households - energy use,Total,Thousand tonnes of oil equivalent,Sweden,2013-01-01,7694.262
Annual,Final consumption - other sectors - households - energy use,Total,Thousand tonnes of oil equivalent,Sweden,2014-01-01,7229.333
Annual,Final consumption - other sectors - households - energy use,Total,Thousand tonnes of oil equivalent,Sweden,2015-01-01,7411.176
Annual,Final consumption - other sectors - households - energy use,Total,Thousand tonnes of oil equivalent,Sweden,2016-01-01,7659.147
Annual,Final consumption - other sectors - households - energy use,Total,Thousand tonnes of oil equivalent,Sweden,2017-01-01,7696.829
Annual,Final consumption - other sectors - households - energy use,Total,Thousand tonnes of oil equivalent,Sweden,2018-01-01,7490.34
Annual,Final consumption - other sectors - households - energy use,Total,Thousand tonnes of oil equivalent,Sweden,2019-01-01,7363.914
Annual,Final consumption - other sectors - households - energy use,Total,Thousand tonnes of oil equivalent,Sweden,2020-01-01,7182.148
Annual,Final consumption - other sectors - households - energy use,Total,Thousand tonnes of oil equivalent,Sweden,2021-01-01,7878.771
Annual,Final consumption - other sectors - households - energy use,Total,Thousand tonnes of oil equivalent,Sweden,2022-01-01,7062.293
Annual,Final consumption - other sectors - households - energy use,Total,Thousand tonnes of oil equivalent,Sweden,2023-01-01,7050.024
Annual,Final consumption - other sectors - households - energy use,Total,Thousand tonnes of oil equivalent,Sweden,2024-01-01,6995.723
Annual,Final consumption - other sectors - households - energy use,Total,Thousand tonnes of oil equivalent,Iceland,2013-01-01,399.164
Annual,Final consumption - other sectors - households - energy use,Total,Thousand tonnes of oil equivalent,Iceland,2014-01-01,384.692
Annual,Final consumption - other sectors - households - energy use,Total,Thousand tonnes of oil equivalent,Iceland,2015-01-01,392.234
Annual,Final consumption - other sectors - households - energy use,Total,Thousand tonnes of oil equivalent,Iceland,2016-01-01,423.296
Annual,Final consumption - other sectors - households - energy use,Total,Thousand tonnes of oil equivalent,Iceland,2017-01-01,422.526
Annual,Final consumption - other sectors - households - energy use,Total,Thousand tonnes of oil equivalent,Iceland,2018-01-01,505.489
Annual,Final consumption - other sectors - households - energy use,Total,Thousand tonnes of oil equivalent,Iceland,2019-01-01,454.055
Annual,Final consumption - other sectors - households - energy use,Total,Thousand tonnes of oil equivalent,Iceland,2020-01-01,482.238
Annual,Final consumption - other sectors - households - energy use,Total,Thousand tonnes of oil equivalent,Iceland,2021-01-01,500.795
Annual,Final consumption - other sectors - households - energy use,Total,Thousand tonnes of oil equivalent,Iceland,2022-01-01,443.212
Annual,Final consumption - other sectors - households - energy use,Total,Thousand tonnes of oil equivalent,Iceland,2023-01-01,453.257
Annual,Final consumption - other sectors - households - energy use,Total,Thousand tonnes of oil equivalent,Iceland,2024-01-01,494.519
Annual,Final consumption - other sectors - households - energy use,Total,Thousand tonnes of oil equivalent,Norway,2013-01-01,4451.032
Annual,Final consumption - other sectors - households - energy use,Total,Thousand tonnes of oil equivalent,Norway,2014-01-01,4188.006
Annual,Final consumption - other sectors - households - energy use,Total,Thousand tonnes of oil equivalent,Norway,2015-01-01,4352.562
Annual,Final consumption - other sectors - households - energy use,Total,Thousand tonnes of oil equivalent,Norway,2016-01-01,4485.674
Annual,Final consumption - other sectors - households - energy use,Total,Thousand tonnes of oil equivalent,Norway,2017-01-01,4549.023
Annual,Final consumption - other sectors - households - energy use,Total,Thousand tonnes of oil equivalent,Norway,2018-01-01,4573.027
Annual,Final consumption - other sectors - households - energy use,Total,Thousand tonnes of oil equivalent,Norway,2019-01-01,4499.666
Annual,Final consumption - other sectors - households - energy use,Total,Thousand tonnes of oil equivalent,Norway,2020-01-01,4527.554
Annual,Final consumption - other sectors - households - energy use,Total,Thousand tonnes of oil equivalent,Norway,2021-01-01,4774.72
Annual,Final consumption - other sectors - households - energy use,Total,Thousand tonnes of oil equivalent,Norway,2022-01-01,4390.55
Annual,Final consumption - other sectors - households - energy use,Total,Thousand tonnes of oil equivalent,Norway,2023-01-01,4635.938
Annual,Final consumption - other sectors - households - energy use,Total,Thousand tonnes of oil equivalent,Norway,2024-01-01,4664.267
Annual,Final consumption - other sectors - households - energy use,Total,Thousand tonnes of oil equivalent,United Kingdom,2013-01-01,41458.259
Annual,Final consumption - other sectors - households - energy use,Total,Thousand tonnes of oil equivalent,United Kingdom,2014-01-01,35813.099
Annual,Final consumption - other sectors - households - energy use,Total,Thousand tonnes of oil equivalent,United Kingdom,2015-01-01,37257.018
Annual,Final consumption - other sectors - households - energy use,Total,Thousand tonnes of oil equivalent,United Kingdom,2016-01-01,37970.686
Annual,Final consumption - other sectors - households - energy use,Total,Thousand tonnes of oil equivalent,United Kingdom,2017-01-01,36772.29
Annual,Final consumption - other sectors - households - energy use,Total,Thousand tonnes of oil equivalent,United Kingdom,2018-01-01,38307.568
Annual,Final consumption - other sectors - households - energy use,Total,Thousand tonnes of oil equivalent,United Kingdom,2019-01-01,38134.984
Annual,Final consumption - other sectors - households - energy use,Total,Thousand tonnes of oil equivalent,Montenegro,2013-01-01,269.251
Annual,Final consumption - other sectors - households - energy use,Total,Thousand tonnes of oil equivalent,Montenegro,2014-01-01,256.273
Annual,Final consumption - other sectors - households - energy use,Total,Thousand tonnes of oil equivalent,Montenegro,2015-01-01,265.421
Annual,Final consumption - other sectors - households - energy use,Total,Thousand tonnes of oil equivalent,Montenegro,2016-01-01,264.617
Annual,Final consumption - other sectors - households - energy use,Total,Thousand tonnes of oil equivalent,Montenegro,2017-01-01,263.151
Annual,Final consumption - other sectors - households - energy use,Total,Thousand tonnes of oil equivalent,Montenegro,2018-01-01,248.017
Annual,Final consumption - other sectors - households - energy use,Total,Thousand tonnes of oil equivalent,Montenegro,2019-01-01,243.959
Annual,Final consumption - other sectors - households - energy use,Total,Thousand tonnes of oil equivalent,Montenegro,2020-01-01,243.169
Annual,Final consumption - other sectors - households - energy use,Total,Thousand tonnes of oil equivalent,Montenegro,2021-01-01,257.803
Annual,Final consumption - other sectors - households - energy use,Total,Thousand tonnes of oil equivalent,Montenegro,2022-01-01,248.872
Annual,Final consumption - other sectors - households - energy use,Total,Thousand tonnes of oil equivalent,Montenegro,2023-01-01,256.235
Annual,Final consumption - other sectors - households - energy use,Total,Thousand tonnes of oil equivalent,Montenegro,2024-01-01,294.534
Annual,Final consumption - other sectors - households - energy use,Total,Thousand tonnes of oil equivalent,North Macedonia,2013-01-01,519.019
Annual,Final consumption - other sectors - households - energy use,Total,Thousand tonnes of oil equivalent,North Macedonia,2014-01-01,523.579
Annual,Final consumption - other sectors - households - energy use,Total,Thousand tonnes of oil equivalent,North Macedonia,2015-01-01,531.06
Annual,Final consumption - other sectors - households - energy use,Total,Thousand tonnes of oil equivalent,North Macedonia,2016-01-01,491.613
Annual,Final consumption - other sectors - households - energy use,Total,Thousand tonnes of oil equivalent,North Macedonia,2017-01-01,529.132
Annual,Final consumption - other sectors - households - energy use,Total,Thousand tonnes of oil equivalent,North Macedonia,2018-01-01,483.576
Annual,Final consumption - other sectors - households - energy use,Total,Thousand tonnes of oil equivalent,North Macedonia,2019-01-01,492.266
Annual,Final consumption - other sectors - households - energy use,Total,Thousand tonnes of oil equivalent,North Macedonia,2020-01-01,508.56
Annual,Final consumption - other sectors - households - energy use,Total,Thousand tonnes of oil equivalent,North Macedonia,2021-01-01,527.087
Annual,Final consumption - other sectors - households - energy use,Total,Thousand tonnes of oil equivalent,North Macedonia,2022-01-01,492.381
Annual,Final consumption - other sectors - households - energy use,Total,Thousand tonnes of oil equivalent,North Macedonia,2023-01-01,474.773
Annual,Final consumption - other sectors - households - energy use,Total,Thousand tonnes of oil equivalent,North Macedonia,2024-01-01,476.652
Annual,Final consumption - other sectors - households - energy use,Total,Thousand tonnes of oil equivalent,Albania,2013-01-01,580.003
Annual,Final consumption - other sectors - households - energy use,Total,Thousand tonnes of oil equivalent,Albania,2014-01-01,556.243
Annual,Final consumption - other sectors - households - energy use,Total,Thousand tonnes of oil equivalent,Albania,2015-01-01,532.287
Annual,Final consumption - other sectors - households - energy use,Total,Thousand tonnes of oil equivalent,Albania,2016-01-01,496.35
Annual,Final consumption - other sectors - households - energy use,Total,Thousand tonnes of oil equivalent,Albania,2017-01-01,492.58
Annual,Final consumption - other sectors - households - energy use,Total,Thousand tonnes of oil equivalent,Albania,2018-01-01,510.484
Annual,Final consumption - other sectors - households - energy use,Total,Thousand tonnes of oil equivalent,Albania,2019-01-01,504.986
Annual,Final consumption - other sectors - households - energy use,Total,Thousand tonnes of oil equivalent,Albania,2020-01-01,538.642
Annual,Final consumption - other sectors - households - energy use,Total,Thousand tonnes of oil equivalent,Albania,2021-01-01,548.63
Annual,Final consumption - other sectors - households - energy use,Total,Thousand tonnes of oil equivalent,Albania,2022-01-01,524.447
Annual,Final consumption - other sectors - households - energy use,Total,Thousand tonnes of oil equivalent,Albania,2023-01-01,513.467
Annual,Final consumption - other sectors - households - energy use,Total,Thousand tonnes of oil equivalent,Albania,2024-01-01,523.736
Annual,Final consumption - other sectors - households - energy use,Total,Thousand tonnes of oil equivalent,Serbia,2013-01-01,2846.752
Annual,Final consumption - other sectors - households - energy use,Total,Thousand tonnes of oil equivalent,Serbia,2014-01-01,2752.802
Annual,Final consumption - other sectors - households - energy use,Total,Thousand tonnes of oil equivalent,Serbia,2015-01-01,2826.152
Annual,Final consumption - other sectors - households - energy use,Total,Thousand tonnes of oil equivalent,Serbia,2016-01-01,2924.237
Annual,Final consumption - other sectors - households - energy use,Total,Thousand tonnes of oil equivalent,Serbia,2017-01-01,2853.554
Annual,Final consumption - other sectors - households - energy use,Total,Thousand tonnes of oil equivalent,Serbia,2018-01-01,2838.427
Annual,Final consumption - other sectors - households - energy use,Total,Thousand tonnes of oil equivalent,Serbia,2019-01-01,2854.671
Annual,Final consumption - other sectors - households - energy use,Total,Thousand tonnes of oil equivalent,Serbia,2020-01-01,3488.068
Annual,Final consumption - other sectors - households - energy use,Total,Thousand tonnes of oil equivalent,Serbia,2021-01-01,3555.492
Annual,Final consumption - other sectors - households - energy use,Total,Thousand tonnes of oil equivalent,Serbia,2022-01-01,3426.41
Annual,Final consumption - other sectors - households - energy use,Total,Thousand tonnes of oil equivalent,Serbia,2023-01-01,3388.771
Annual,Final consumption - other sectors - households - energy use,Total,Thousand tonnes of oil equivalent,Serbia,2024-01-01,3348.074
Annual,Final consumption - other sectors - households - energy use,Total,Thousand tonnes of oil equivalent,Türkiye,2013-01-01,19807.984
Annual,Final consumption - other sectors - households - energy use,Total,Thousand tonnes of oil equivalent,Türkiye,2014-01-01,19166.344
Annual,Final consumption - other sectors - households - energy use,Total,Thousand tonnes of oil equivalent,Türkiye,2015-01-01,20153.33
Annual,Final consumption - other sectors - households - energy use,Total,Thousand tonnes of oil equivalent,Türkiye,2016-01-01,20710.961
Annual,Final consumption - other sectors - households - energy use,Total,Thousand tonnes of oil equivalent,Türkiye,2017-01-01,23456.794
Annual,Final consumption - other sectors - households - energy use,Total,Thousand tonnes of oil equivalent,Türkiye,2018-01-01,21687.504
Annual,Final consumption - other sectors - households - energy use,Total,Thousand tonnes of oil equivalent,Türkiye,2019-01-01,23666.094
Annual,Final consumption - other sectors - households - energy use,Total,Thousand tonnes of oil equivalent,Türkiye,2020-01-01,26034.742
Annual,Final consumption - other sectors - households - energy use,Total,Thousand tonnes of oil equivalent,Türkiye,2021-01-01,26422.866
Annual,Final consumption - other sectors - households - energy use,Total,Thousand tonnes of oil equivalent,Türkiye,2022-01-01,26948.909
Annual,Final consumption - other sectors - households - energy use,Total,Thousand tonnes of oil equivalent,Türkiye,2023-01-01,25697.599
Annual,Final consumption - other sectors - households - energy use,Total,Thousand tonnes of oil equivalent,Türkiye,2024-01-01,28979.219
Annual,Final consumption - other sectors - households - energy use,Total,Thousand tonnes of oil equivalent,Bosnia and Herzegovina,2014-01-01,980.816
Annual,Final consumption - other sectors - households - energy use,Total,Thousand tonnes of oil equivalent,Bosnia and Herzegovina,2015-01-01,1113.03
Annual,Final consumption - other sectors - households - energy use,Total,Thousand tonnes of oil equivalent,Bosnia and Herzegovina,2016-01-01,1139.361
Annual,Final consumption - other sectors - households - energy use,Total,Thousand tonnes of oil equivalent,Bosnia and Herzegovina,2017-01-01,1045.641
Annual,Final consumption - other sectors - households - energy use,Total,Thousand tonnes of oil equivalent,Bosnia and Herzegovina,2018-01-01,1719.424
Annual,Final consumption - other sectors - households - energy use,Total,Thousand tonnes of oil equivalent,Bosnia and Herzegovina,2019-01-01,1686.605
Annual,Final consumption - other sectors - households - energy use,Total,Thousand tonnes of oil equivalent,Bosnia and Herzegovina,2020-01-01,1800.155
Annual,Final consumption - other sectors - households - energy use,Total,Thousand tonnes of oil equivalent,Bosnia and Herzegovina,2021-01-01,1787.67
Annual,Final consumption - other sectors - households - energy use,Total,Thousand tonnes of oil equivalent,Bosnia and Herzegovina,2022-01-01,1840.954
Annual,Final consumption - other sectors - households - energy use,Total,Thousand tonnes of oil equivalent,Bosnia and Herzegovina,2023-01-01,1780.052
Annual,Final consumption - other sectors - households - energy use,Total,Thousand tonnes of oil equivalent,Bosnia and Herzegovina,2024-01-01,1750.849
Annual,Final consumption - other sectors - households - energy use,Total,Thousand tonnes of oil equivalent,Georgia,2013-01-01,1159.32
Annual,Final consumption - other sectors - households - energy use,Total,Thousand tonnes of oil equivalent,Georgia,2014-01-01,1194.979
Annual,Final consumption - other sectors - households - energy use,Total,Thousand tonnes of oil equivalent,Georgia,2015-01-01,1201.348
Annual,Final consumption - other sectors - households - energy use,Total,Thousand tonnes of oil equivalent,Georgia,2016-01-01,1266.269
Annual,Final consumption - other sectors - households - energy use,Total,Thousand tonnes of oil equivalent,Georgia,2017-01-01,1336.297
Annual,Final consumption - other sectors - households - energy use,Total,Thousand tonnes of oil equivalent,Georgia,2018-01-01,1227.303
Annual,Final consumption - other sectors - households - energy use,Total,Thousand tonnes of oil equivalent,Georgia,2019-01-01,1300.65
Annual,Final consumption - other sectors - households - energy use,Total,Thousand tonnes of oil equivalent,Georgia,2020-01-01,1408.174
Annual,Final consumption - other sectors - households - energy use,Total,Thousand tonnes of oil equivalent,Georgia,2021-01-01,1507.717
Annual,Final consumption - other sectors - households - energy use,Total,Thousand tonnes of oil equivalent,Georgia,2022-01-01,1575.63
Annual,Final consumption - other sectors - households - energy use,Total,Thousand tonnes of oil equivalent,Georgia,2023-01-01,1586.086
Annual,Final consumption - other sectors - households - energy use,Total,Thousand tonnes of oil equivalent,Georgia,2024-01-01,1740.68
Annual,Final consumption - other sectors - households - energy use,Total,Thousand tonnes of oil equivalent,Moldova,2013-01-01,1147.203
Annual,Final consumption - other sectors - households - energy use,Total,Thousand tonnes of oil equivalent,Moldova,2014-01-01,1169.757
Annual,Final consumption - other sectors - households - energy use,Total,Thousand tonnes of oil equivalent,Moldova,2015-01-01,1179.946
Annual,Final consumption - other sectors - households - energy use,Total,Thousand tonnes of oil equivalent,Moldova,2016-01-01,1233.669
Annual,Final consumption - other sectors - households - energy use,Total,Thousand tonnes of oil equivalent,Moldova,2017-01-01,1316.751
Annual,Final consumption - other sectors - households - energy use,Total,Thousand tonnes of oil equivalent,Moldova,2018-01-01,1338.83
Annual,Final consumption - other sectors - households - energy use,Total,Thousand tonnes of oil equivalent,Moldova,2019-01-01,1236.74
Annual,Final consumption - other sectors - households - energy use,Total,Thousand tonnes of oil equivalent,Moldova,2020-01-01,1203.437
Annual,Final consumption - other sectors - households - energy use,Total,Thousand tonnes of oil equivalent,Moldova,2021-01-01,1316.674
Annual,Final consumption - other sectors - households - energy use,Total,Thousand tonnes of oil equivalent,Moldova,2022-01-01,1072.23
Annual,Final consumption - other sectors - households - energy use,Total,Thousand tonnes of oil equivalent,Moldova,2023-01-01,1009.203
Annual,Final consumption - other sectors - households - energy use,Total,Thousand tonnes of oil equivalent,Moldova,2024-01-01,1028.916
Annual,Final consumption - other sectors - households - energy use,Total,Thousand tonnes of oil equivalent,Ukraine,2013-01-01,23446.497
Annual,Final consumption - other sectors - households - energy use,Total,Thousand tonnes of oil equivalent,Ukraine,2014-01-01,20357.427
Annual,Final consumption - other sectors - households - energy use,Total,Thousand tonnes of oil equivalent,Ukraine,2015-01-01,16551.87
Annual,Final consumption - other sectors - households - energy use,Total,Thousand tonnes of oil equivalent,Ukraine,2016-01-01,17348.751
Annual,Final consumption - other sectors - households - energy use,Total,Thousand tonnes of oil equivalent,Ukraine,2017-01-01,16483.165
Annual,Final consumption - other sectors - households - energy use,Total,Thousand tonnes of oil equivalent,Ukraine,2018-01-01,15986.088
Annual,Final consumption - other sectors - households - energy use,Total,Thousand tonnes of oil equivalent,Ukraine,2019-01-01,14015.7
Annual,Final consumption - other sectors - households - energy use,Total,Thousand tonnes of oil equivalent,Ukraine,2020-01-01,13654.325
Annual,Final consumption - other sectors - households - energy use,Total,Thousand tonnes of oil equivalent,Kosovo*,2013-01-01,494.163
Annual,Final consumption - other sectors - households - energy use,Total,Thousand tonnes of oil equivalent,Kosovo*,2014-01-01,479.943
Annual,Final consumption - other sectors - households - energy use,Total,Thousand tonnes of oil equivalent,Kosovo*,2015-01-01,476.388
Annual,Final consumption - other sectors - households - energy use,Total,Thousand tonnes of oil equivalent,Kosovo*,2016-01-01,549.413
Annual,Final consumption - other sectors - households - energy use,Total,Thousand tonnes of oil equivalent,Kosovo*,2017-01-01,571.465
Annual,Final consumption - other sectors - households - energy use,Total,Thousand tonnes of oil equivalent,Kosovo*,2018-01-01,573.404
Annual,Final consumption - other sectors - households - energy use,Total,Thousand tonnes of oil equivalent,Kosovo*,2019-01-01,586.881
Annual,Final consumption - other sectors - households - energy use,Total,Thousand tonnes of oil equivalent,Kosovo*,2020-01-01,608.818
Annual,Final consumption - other sectors - households - energy use,Total,Thousand tonnes of oil equivalent,Kosovo*,2021-01-01,655.497
Annual,Final consumption - other sectors - households - energy use,Total,Thousand tonnes of oil equivalent,Kosovo*,2022-01-01,554.853
Annual,Final consumption - other sectors - households - energy use,Total,Thousand tonnes of oil equivalent,Kosovo*,2023-01-01,530.47
Annual,Final consumption - other sectors - households - energy use,Total,Thousand tonnes of oil equivalent,Kosovo*,2024-01-01,477.211
