freq,nrg_bal,unit,geo,time,value
Annual,Renewable energy - overall,Percentage,European Union - 27 countries (from 2020),2004-01-01,9.605
Annual,Renewable energy - overall,Percentage,European Union - 27 countries (from 2020),2005-01-01,10.182
Annual,Renewable energy - overall,Percentage,European Union - 27 countries (from 2020),2006-01-01,10.778
Annual,Renewable energy - overall,Percentage,European Union - 27 countries (from 2020),2007-01-01,11.749
Annual,Renewable energy - overall,Percentage,European Union - 27 countries (from 2020),2008-01-01,12.552
Annual,Renewable energy - overall,Percentage,European Union - 27 countries (from 2020),2009-01-01,13.85
Annual,Renewable energy - overall,Percentage,European Union - 27 countries (from 2020),2010-01-01,14.405
Annual,Renewable energy - overall,Percentage,European Union - 27 countries (from 2020),2011-01-01,14.547
Annual,Renewable energy - overall,Percentage,European Union - 27 countries (from 2020),2012-01-01,16.002
Annual,Renewable energy - overall,Percentage,European Union - 27 countries (from 2020),2013-01-01,16.659
Annual,Renewable energy - overall,Percentage,European Union - 27 countries (from 2020),2014-01-01,17.416
Annual,Renewable energy - overall,Percentage,European Union - 27 countries (from 2020),2015-01-01,17.82
Annual,Renewable energy - overall,Percentage,European Union - 27 countries (from 2020),2016-01-01,17.978
Annual,Renewable energy - overall,Percentage,European Union - 27 countries (from 2020),2017-01-01,18.411
Annual,Renewable energy - overall,Percentage,European Union - 27 countries (from 2020),2018-01-01,19.096
Annual,Renewable energy - overall,Percentage,European Union - 27 countries (from 2020),2019-01-01,19.887
Annual,Renewable energy - overall,Percentage,European Union - 27 countries (from 2020),2020-01-01,22.038
Annual,Renewable energy - overall,Percentage,European Union - 27 countries (from 2020),2021-01-01,21.897
Annual,Renewable energy - overall,Percentage,European Union - 27 countries (from 2020),2022-01-01,23.003
Annual,Renewable energy - overall,Percentage,European Union - 27 countries (from 2020),2023-01-01,24.579
Annual,Renewable energy - overall,Percentage,European Union - 27 countries (from 2020),2024-01-01,25.241
Annual,Renewable energy - overall,Percentage,Euro area – 21 countries (from 2026),2021-01-01,40.055
Annual,Renewable energy - overall,Percentage,Euro area – 21 countries (from 2026),2022-01-01,40.828
Annual,Renewable energy - overall,Percentage,Euro area – 21 countries (from 2026),2023-01-01,46.58
Annual,Renewable energy - overall,Percentage,Euro area – 21 countries (from 2026),2024-01-01,47.417
Annual,Renewable energy - overall,Percentage,Euro area – 20 countries (2023-2025),2021-01-01,20.661
Annual,Renewable energy - overall,Percentage,Euro area – 20 countries (2023-2025),2022-01-01,21.749
Annual,Renewable energy - overall,Percentage,Euro area – 20 countries (2023-2025),2023-01-01,23.429
Annual,Renewable energy - overall,Percentage,Euro area – 20 countries (2023-2025),2024-01-01,24.205
Annual,Renewable energy - overall,Percentage,Belgium,2004-01-01,1.916
Annual,Renewable energy - overall,Percentage,Belgium,2005-01-01,2.325
Annual,Renewable energy - overall,Percentage,Belgium,2006-01-01,2.658
Annual,Renewable energy - overall,Percentage,Belgium,2007-01-01,3.14
Annual,Renewable energy - overall,Percentage,Belgium,2008-01-01,3.611
Annual,Renewable energy - overall,Percentage,Belgium,2009-01-01,4.746
Annual,Renewable energy - overall,Percentage,Belgium,2010-01-01,6.004
Annual,Renewable energy - overall,Percentage,Belgium,2011-01-01,6.302
Annual,Renewable energy - overall,Percentage,Belgium,2012-01-01,7.086
Annual,Renewable energy - overall,Percentage,Belgium,2013-01-01,7.671
Annual,Renewable energy - overall,Percentage,Belgium,2014-01-01,8.038
Annual,Renewable energy - overall,Percentage,Belgium,2015-01-01,8.06
Annual,Renewable energy - overall,Percentage,Belgium,2016-01-01,8.744
Annual,Renewable energy - overall,Percentage,Belgium,2017-01-01,9.136
Annual,Renewable energy - overall,Percentage,Belgium,2018-01-01,9.472
Annual,Renewable energy - overall,Percentage,Belgium,2019-01-01,9.929
Annual,Renewable energy - overall,Percentage,Belgium,2020-01-01,13.0
Annual,Renewable energy - overall,Percentage,Belgium,2021-01-01,13.017
Annual,Renewable energy - overall,Percentage,Belgium,2022-01-01,13.831
Annual,Renewable energy - overall,Percentage,Belgium,2023-01-01,14.673
Annual,Renewable energy - overall,Percentage,Belgium,2024-01-01,14.336
Annual,Renewable energy - overall,Percentage,Bulgaria,2004-01-01,9.231
Annual,Renewable energy - overall,Percentage,Bulgaria,2005-01-01,9.173
Annual,Renewable energy - overall,Percentage,Bulgaria,2006-01-01,9.415
Annual,Renewable energy - overall,Percentage,Bulgaria,2007-01-01,9.098
Annual,Renewable energy - overall,Percentage,Bulgaria,2008-01-01,10.345
Annual,Renewable energy - overall,Percentage,Bulgaria,2009-01-01,12.005
Annual,Renewable energy - overall,Percentage,Bulgaria,2010-01-01,13.927
Annual,Renewable energy - overall,Percentage,Bulgaria,2011-01-01,14.152
Annual,Renewable energy - overall,Percentage,Bulgaria,2012-01-01,15.837
Annual,Renewable energy - overall,Percentage,Bulgaria,2013-01-01,18.898
Annual,Renewable energy - overall,Percentage,Bulgaria,2014-01-01,18.05
Annual,Renewable energy - overall,Percentage,Bulgaria,2015-01-01,18.261
Annual,Renewable energy - overall,Percentage,Bulgaria,2016-01-01,18.76
Annual,Renewable energy - overall,Percentage,Bulgaria,2017-01-01,18.695
Annual,Renewable energy - overall,Percentage,Bulgaria,2018-01-01,20.581
Annual,Renewable energy - overall,Percentage,Bulgaria,2019-01-01,21.545
Annual,Renewable energy - overall,Percentage,Bulgaria,2020-01-01,23.319
Annual,Renewable energy - overall,Percentage,Bulgaria,2021-01-01,19.394
Annual,Renewable energy - overall,Percentage,Bulgaria,2022-01-01,19.079
Annual,Renewable energy - overall,Percentage,Bulgaria,2023-01-01,23.151
Annual,Renewable energy - overall,Percentage,Bulgaria,2024-01-01,23.21
Annual,Renewable energy - overall,Percentage,Czechia,2004-01-01,6.773
Annual,Renewable energy - overall,Percentage,Czechia,2005-01-01,7.113
Annual,Renewable energy - overall,Percentage,Czechia,2006-01-01,7.362
Annual,Renewable energy - overall,Percentage,Czechia,2007-01-01,7.895
Annual,Renewable energy - overall,Percentage,Czechia,2008-01-01,8.674
Annual,Renewable energy - overall,Percentage,Czechia,2009-01-01,9.977
Annual,Renewable energy - overall,Percentage,Czechia,2010-01-01,10.513
Annual,Renewable energy - overall,Percentage,Czechia,2011-01-01,10.945
Annual,Renewable energy - overall,Percentage,Czechia,2012-01-01,12.814
Annual,Renewable energy - overall,Percentage,Czechia,2013-01-01,13.927
Annual,Renewable energy - overall,Percentage,Czechia,2014-01-01,15.074
Annual,Renewable energy - overall,Percentage,Czechia,2015-01-01,15.07
Annual,Renewable energy - overall,Percentage,Czechia,2016-01-01,14.926
Annual,Renewable energy - overall,Percentage,Czechia,2017-01-01,14.799
Annual,Renewable energy - overall,Percentage,Czechia,2018-01-01,15.139
Annual,Renewable energy - overall,Percentage,Czechia,2019-01-01,16.239
Annual,Renewable energy - overall,Percentage,Czechia,2020-01-01,17.303
Annual,Renewable energy - overall,Percentage,Czechia,2021-01-01,17.614
Annual,Renewable energy - overall,Percentage,Czechia,2022-01-01,18.123
Annual,Renewable energy - overall,Percentage,Czechia,2023-01-01,18.555
Annual,Renewable energy - overall,Percentage,Czechia,2024-01-01,19.211
Annual,Renewable energy - overall,Percentage,Denmark,2004-01-01,14.839
Annual,Renewable energy - overall,Percentage,Denmark,2005-01-01,15.955
Annual,Renewable energy - overall,Percentage,Denmark,2006-01-01,16.332
Annual,Renewable energy - overall,Percentage,Denmark,2007-01-01,17.747
Annual,Renewable energy - overall,Percentage,Denmark,2008-01-01,18.543
Annual,Renewable energy - overall,Percentage,Denmark,2009-01-01,19.948
Annual,Renewable energy - overall,Percentage,Denmark,2010-01-01,21.888
Annual,Renewable energy - overall,Percentage,Denmark,2011-01-01,23.389
Annual,Renewable energy - overall,Percentage,Denmark,2012-01-01,25.465
Annual,Renewable energy - overall,Percentage,Denmark,2013-01-01,27.173
Annual,Renewable energy - overall,Percentage,Denmark,2014-01-01,29.31
Annual,Renewable energy - overall,Percentage,Denmark,2015-01-01,30.469
Annual,Renewable energy - overall,Percentage,Denmark,2016-01-01,31.715
Annual,Renewable energy - overall,Percentage,Denmark,2017-01-01,34.387
Annual,Renewable energy - overall,Percentage,Denmark,2018-01-01,35.159
Annual,Renewable energy - overall,Percentage,Denmark,2019-01-01,37.02
Annual,Renewable energy - overall,Percentage,Denmark,2020-01-01,31.681
Annual,Renewable energy - overall,Percentage,Denmark,2021-01-01,41.494
Annual,Renewable energy - overall,Percentage,Denmark,2022-01-01,41.368
Annual,Renewable energy - overall,Percentage,Denmark,2023-01-01,43.728
Annual,Renewable energy - overall,Percentage,Denmark,2024-01-01,46.461
Annual,Renewable energy - overall,Percentage,Germany,2004-01-01,6.207
Annual,Renewable energy - overall,Percentage,Germany,2005-01-01,7.167
Annual,Renewable energy - overall,Percentage,Germany,2006-01-01,8.466
Annual,Renewable energy - overall,Percentage,Germany,2007-01-01,10.039
Annual,Renewable energy - overall,Percentage,Germany,2008-01-01,10.072
Annual,Renewable energy - overall,Percentage,Germany,2009-01-01,10.851
Annual,Renewable energy - overall,Percentage,Germany,2010-01-01,11.667
Annual,Renewable energy - overall,Percentage,Germany,2011-01-01,12.47
Annual,Renewable energy - overall,Percentage,Germany,2012-01-01,13.549
Annual,Renewable energy - overall,Percentage,Germany,2013-01-01,13.757
Annual,Renewable energy - overall,Percentage,Germany,2014-01-01,14.381
Annual,Renewable energy - overall,Percentage,Germany,2015-01-01,14.901
Annual,Renewable energy - overall,Percentage,Germany,2016-01-01,14.885
Annual,Renewable energy - overall,Percentage,Germany,2017-01-01,15.472
Annual,Renewable energy - overall,Percentage,Germany,2018-01-01,16.66
Annual,Renewable energy - overall,Percentage,Germany,2019-01-01,17.266
Annual,Renewable energy - overall,Percentage,Germany,2020-01-01,19.09
Annual,Renewable energy - overall,Percentage,Germany,2021-01-01,19.302
Annual,Renewable energy - overall,Percentage,Germany,2022-01-01,20.829
Annual,Renewable energy - overall,Percentage,Germany,2023-01-01,21.512
Annual,Renewable energy - overall,Percentage,Germany,2024-01-01,22.474
Annual,Renewable energy - overall,Percentage,Estonia,2004-01-01,18.42
Annual,Renewable energy - overall,Percentage,Estonia,2005-01-01,17.478
Annual,Renewable energy - overall,Percentage,Estonia,2006-01-01,16.011
Annual,Renewable energy - overall,Percentage,Estonia,2007-01-01,17.139
Annual,Renewable energy - overall,Percentage,Estonia,2008-01-01,18.811
Annual,Renewable energy - overall,Percentage,Estonia,2009-01-01,23.009
Annual,Renewable energy - overall,Percentage,Estonia,2010-01-01,24.575
Annual,Renewable energy - overall,Percentage,Estonia,2011-01-01,25.515
Annual,Renewable energy - overall,Percentage,Estonia,2012-01-01,25.586
Annual,Renewable energy - overall,Percentage,Estonia,2013-01-01,25.356
Annual,Renewable energy - overall,Percentage,Estonia,2014-01-01,26.13
Annual,Renewable energy - overall,Percentage,Estonia,2015-01-01,28.987
Annual,Renewable energy - overall,Percentage,Estonia,2016-01-01,29.232
Annual,Renewable energy - overall,Percentage,Estonia,2017-01-01,29.538
Annual,Renewable energy - overall,Percentage,Estonia,2018-01-01,29.97
Annual,Renewable energy - overall,Percentage,Estonia,2019-01-01,31.73
Annual,Renewable energy - overall,Percentage,Estonia,2020-01-01,30.069
Annual,Renewable energy - overall,Percentage,Estonia,2021-01-01,37.342
Annual,Renewable energy - overall,Percentage,Estonia,2022-01-01,38.542
Annual,Renewable energy - overall,Percentage,Estonia,2023-01-01,40.95
Annual,Renewable energy - overall,Percentage,Estonia,2024-01-01,42.232
Annual,Renewable energy - overall,Percentage,Ireland,2004-01-01,2.378
Annual,Renewable energy - overall,Percentage,Ireland,2005-01-01,2.822
Annual,Renewable energy - overall,Percentage,Ireland,2006-01-01,3.073
Annual,Renewable energy - overall,Percentage,Ireland,2007-01-01,3.497
Annual,Renewable energy - overall,Percentage,Ireland,2008-01-01,3.979
Annual,Renewable energy - overall,Percentage,Ireland,2009-01-01,5.243
Annual,Renewable energy - overall,Percentage,Ireland,2010-01-01,5.755
Annual,Renewable energy - overall,Percentage,Ireland,2011-01-01,6.605
Annual,Renewable energy - overall,Percentage,Ireland,2012-01-01,7.029
Annual,Renewable energy - overall,Percentage,Ireland,2013-01-01,7.521
Annual,Renewable energy - overall,Percentage,Ireland,2014-01-01,8.516
Annual,Renewable energy - overall,Percentage,Ireland,2015-01-01,9.083
Annual,Renewable energy - overall,Percentage,Ireland,2016-01-01,9.189
Annual,Renewable energy - overall,Percentage,Ireland,2017-01-01,10.52
Annual,Renewable energy - overall,Percentage,Ireland,2018-01-01,10.942
Annual,Renewable energy - overall,Percentage,Ireland,2019-01-01,11.979
Annual,Renewable energy - overall,Percentage,Ireland,2020-01-01,16.16
Annual,Renewable energy - overall,Percentage,Ireland,2021-01-01,12.945
Annual,Renewable energy - overall,Percentage,Ireland,2022-01-01,13.017
Annual,Renewable energy - overall,Percentage,Ireland,2023-01-01,15.243
Annual,Renewable energy - overall,Percentage,Ireland,2024-01-01,16.064
Annual,Renewable energy - overall,Percentage,Greece,2004-01-01,7.161
Annual,Renewable energy - overall,Percentage,Greece,2005-01-01,7.277
Annual,Renewable energy - overall,Percentage,Greece,2006-01-01,7.458
Annual,Renewable energy - overall,Percentage,Greece,2007-01-01,8.249
Annual,Renewable energy - overall,Percentage,Greece,2008-01-01,8.183
Annual,Renewable energy - overall,Percentage,Greece,2009-01-01,8.731
Annual,Renewable energy - overall,Percentage,Greece,2010-01-01,10.077
Annual,Renewable energy - overall,Percentage,Greece,2011-01-01,11.153
Annual,Renewable energy - overall,Percentage,Greece,2012-01-01,13.741
Annual,Renewable energy - overall,Percentage,Greece,2013-01-01,15.326
Annual,Renewable energy - overall,Percentage,Greece,2014-01-01,15.683
Annual,Renewable energy - overall,Percentage,Greece,2015-01-01,15.69
Annual,Renewable energy - overall,Percentage,Greece,2016-01-01,15.39
Annual,Renewable energy - overall,Percentage,Greece,2017-01-01,17.3
Annual,Renewable energy - overall,Percentage,Greece,2018-01-01,18.001
Annual,Renewable energy - overall,Percentage,Greece,2019-01-01,19.633
Annual,Renewable energy - overall,Percentage,Greece,2020-01-01,21.749
Annual,Renewable energy - overall,Percentage,Greece,2021-01-01,22.001
Annual,Renewable energy - overall,Percentage,Greece,2022-01-01,22.671
Annual,Renewable energy - overall,Percentage,Greece,2023-01-01,25.269
Annual,Renewable energy - overall,Percentage,Greece,2024-01-01,25.364
Annual,Renewable energy - overall,Percentage,Spain,2004-01-01,8.345
Annual,Renewable energy - overall,Percentage,Spain,2005-01-01,8.444
Annual,Renewable energy - overall,Percentage,Spain,2006-01-01,9.156
Annual,Renewable energy - overall,Percentage,Spain,2007-01-01,9.667
Annual,Renewable energy - overall,Percentage,Spain,2008-01-01,10.744
Annual,Renewable energy - overall,Percentage,Spain,2009-01-01,12.958
Annual,Renewable energy - overall,Percentage,Spain,2010-01-01,13.782
Annual,Renewable energy - overall,Percentage,Spain,2011-01-01,13.176
Annual,Renewable energy - overall,Percentage,Spain,2012-01-01,14.239
Annual,Renewable energy - overall,Percentage,Spain,2013-01-01,15.081
Annual,Renewable energy - overall,Percentage,Spain,2014-01-01,15.879
Annual,Renewable energy - overall,Percentage,Spain,2015-01-01,16.221
Annual,Renewable energy - overall,Percentage,Spain,2016-01-01,17.015
Annual,Renewable energy - overall,Percentage,Spain,2017-01-01,17.118
Annual,Renewable energy - overall,Percentage,Spain,2018-01-01,17.023
Annual,Renewable energy - overall,Percentage,Spain,2019-01-01,17.852
Annual,Renewable energy - overall,Percentage,Spain,2020-01-01,21.22
Annual,Renewable energy - overall,Percentage,Spain,2021-01-01,20.552
Annual,Renewable energy - overall,Percentage,Spain,2022-01-01,21.837
Annual,Renewable energy - overall,Percentage,Spain,2023-01-01,24.981
Annual,Renewable energy - overall,Percentage,Spain,2024-01-01,25.417
Annual,Renewable energy - overall,Percentage,France,2004-01-01,9.319
Annual,Renewable energy - overall,Percentage,France,2005-01-01,9.272
Annual,Renewable energy - overall,Percentage,France,2006-01-01,8.936
Annual,Renewable energy - overall,Percentage,France,2007-01-01,9.426
Annual,Renewable energy - overall,Percentage,France,2008-01-01,11.188
Annual,Renewable energy - overall,Percentage,France,2009-01-01,12.215
Annual,Renewable energy - overall,Percentage,France,2010-01-01,12.671
Annual,Renewable energy - overall,Percentage,France,2011-01-01,10.813
Annual,Renewable energy - overall,Percentage,France,2012-01-01,13.239
Annual,Renewable energy - overall,Percentage,France,2013-01-01,13.88
Annual,Renewable energy - overall,Percentage,France,2014-01-01,14.362
Annual,Renewable energy - overall,Percentage,France,2015-01-01,14.803
Annual,Renewable energy - overall,Percentage,France,2016-01-01,15.451
Annual,Renewable energy - overall,Percentage,France,2017-01-01,15.847
Annual,Renewable energy - overall,Percentage,France,2018-01-01,16.384
Annual,Renewable energy - overall,Percentage,France,2019-01-01,17.174
Annual,Renewable energy - overall,Percentage,France,2020-01-01,19.109
Annual,Renewable energy - overall,Percentage,France,2021-01-01,19.391
Annual,Renewable energy - overall,Percentage,France,2022-01-01,20.33
Annual,Renewable energy - overall,Percentage,France,2023-01-01,22.462
Annual,Renewable energy - overall,Percentage,France,2024-01-01,23.229
Annual,Renewable energy - overall,Percentage,Croatia,2004-01-01,23.404
Annual,Renewable energy - overall,Percentage,Croatia,2005-01-01,23.691
Annual,Renewable energy - overall,Percentage,Croatia,2006-01-01,22.668
Annual,Renewable energy - overall,Percentage,Croatia,2007-01-01,22.161
Annual,Renewable energy - overall,Percentage,Croatia,2008-01-01,21.986
Annual,Renewable energy - overall,Percentage,Croatia,2009-01-01,23.596
Annual,Renewable energy - overall,Percentage,Croatia,2010-01-01,25.103
Annual,Renewable energy - overall,Percentage,Croatia,2011-01-01,25.389
Annual,Renewable energy - overall,Percentage,Croatia,2012-01-01,26.757
Annual,Renewable energy - overall,Percentage,Croatia,2013-01-01,28.04
Annual,Renewable energy - overall,Percentage,Croatia,2014-01-01,27.817
Annual,Renewable energy - overall,Percentage,Croatia,2015-01-01,28.969
Annual,Renewable energy - overall,Percentage,Croatia,2016-01-01,28.266
Annual,Renewable energy - overall,Percentage,Croatia,2017-01-01,27.28
Annual,Renewable energy - overall,Percentage,Croatia,2018-01-01,28.047
Annual,Renewable energy - overall,Percentage,Croatia,2019-01-01,28.466
Annual,Renewable energy - overall,Percentage,Croatia,2020-01-01,31.023
Annual,Renewable energy - overall,Percentage,Croatia,2021-01-01,31.285
Annual,Renewable energy - overall,Percentage,Croatia,2022-01-01,28.088
Annual,Renewable energy - overall,Percentage,Croatia,2023-01-01,28.088
Annual,Renewable energy - overall,Percentage,Croatia,2024-01-01,26.477
Annual,Renewable energy - overall,Percentage,Italy,2004-01-01,6.316
Annual,Renewable energy - overall,Percentage,Italy,2005-01-01,7.549
Annual,Renewable energy - overall,Percentage,Italy,2006-01-01,8.328
Annual,Renewable energy - overall,Percentage,Italy,2007-01-01,9.807
Annual,Renewable energy - overall,Percentage,Italy,2008-01-01,11.492
Annual,Renewable energy - overall,Percentage,Italy,2009-01-01,12.775
Annual,Renewable energy - overall,Percentage,Italy,2010-01-01,13.023
Annual,Renewable energy - overall,Percentage,Italy,2011-01-01,12.881
Annual,Renewable energy - overall,Percentage,Italy,2012-01-01,15.441
Annual,Renewable energy - overall,Percentage,Italy,2013-01-01,16.741
Annual,Renewable energy - overall,Percentage,Italy,2014-01-01,17.082
Annual,Renewable energy - overall,Percentage,Italy,2015-01-01,17.525
Annual,Renewable energy - overall,Percentage,Italy,2016-01-01,17.415
Annual,Renewable energy - overall,Percentage,Italy,2017-01-01,18.267
Annual,Renewable energy - overall,Percentage,Italy,2018-01-01,17.796
Annual,Renewable energy - overall,Percentage,Italy,2019-01-01,18.181
Annual,Renewable energy - overall,Percentage,Italy,2020-01-01,20.359
Annual,Renewable energy - overall,Percentage,Italy,2021-01-01,18.888
Annual,Renewable energy - overall,Percentage,Italy,2022-01-01,18.826
Annual,Renewable energy - overall,Percentage,Italy,2023-01-01,19.179
Annual,Renewable energy - overall,Percentage,Italy,2024-01-01,19.385
Annual,Renewable energy - overall,Percentage,Cyprus,2004-01-01,3.071
Annual,Renewable energy - overall,Percentage,Cyprus,2005-01-01,3.131
Annual,Renewable energy - overall,Percentage,Cyprus,2006-01-01,3.263
Annual,Renewable energy - overall,Percentage,Cyprus,2007-01-01,4.001
Annual,Renewable energy - overall,Percentage,Cyprus,2008-01-01,5.131
Annual,Renewable energy - overall,Percentage,Cyprus,2009-01-01,5.92
Annual,Renewable energy - overall,Percentage,Cyprus,2010-01-01,6.161
Annual,Renewable energy - overall,Percentage,Cyprus,2011-01-01,6.245
Annual,Renewable energy - overall,Percentage,Cyprus,2012-01-01,7.111
Annual,Renewable energy - overall,Percentage,Cyprus,2013-01-01,8.428
Annual,Renewable energy - overall,Percentage,Cyprus,2014-01-01,9.144
Annual,Renewable energy - overall,Percentage,Cyprus,2015-01-01,9.903
Annual,Renewable energy - overall,Percentage,Cyprus,2016-01-01,9.833
Annual,Renewable energy - overall,Percentage,Cyprus,2017-01-01,10.478
Annual,Renewable energy - overall,Percentage,Cyprus,2018-01-01,13.873
Annual,Renewable energy - overall,Percentage,Cyprus,2019-01-01,13.777
Annual,Renewable energy - overall,Percentage,Cyprus,2020-01-01,16.879
Annual,Renewable energy - overall,Percentage,Cyprus,2021-01-01,19.069
Annual,Renewable energy - overall,Percentage,Cyprus,2022-01-01,19.427
Annual,Renewable energy - overall,Percentage,Cyprus,2023-01-01,20.213
Annual,Renewable energy - overall,Percentage,Cyprus,2024-01-01,20.844
Annual,Renewable energy - overall,Percentage,Latvia,2004-01-01,32.794
Annual,Renewable energy - overall,Percentage,Latvia,2005-01-01,32.264
Annual,Renewable energy - overall,Percentage,Latvia,2006-01-01,31.141
Annual,Renewable energy - overall,Percentage,Latvia,2007-01-01,29.615
Annual,Renewable energy - overall,Percentage,Latvia,2008-01-01,29.811
Annual,Renewable energy - overall,Percentage,Latvia,2009-01-01,34.317
Annual,Renewable energy - overall,Percentage,Latvia,2010-01-01,30.375
Annual,Renewable energy - overall,Percentage,Latvia,2011-01-01,33.478
Annual,Renewable energy - overall,Percentage,Latvia,2012-01-01,35.709
Annual,Renewable energy - overall,Percentage,Latvia,2013-01-01,37.037
Annual,Renewable energy - overall,Percentage,Latvia,2014-01-01,38.629
Annual,Renewable energy - overall,Percentage,Latvia,2015-01-01,37.538
Annual,Renewable energy - overall,Percentage,Latvia,2016-01-01,37.138
Annual,Renewable energy - overall,Percentage,Latvia,2017-01-01,39.008
Annual,Renewable energy - overall,Percentage,Latvia,2018-01-01,40.019
Annual,Renewable energy - overall,Percentage,Latvia,2019-01-01,40.929
Annual,Renewable energy - overall,Percentage,Latvia,2020-01-01,42.132
Annual,Renewable energy - overall,Percentage,Latvia,2021-01-01,42.112
Annual,Renewable energy - overall,Percentage,Latvia,2022-01-01,43.786
Annual,Renewable energy - overall,Percentage,Latvia,2023-01-01,43.25
Annual,Renewable energy - overall,Percentage,Latvia,2024-01-01,45.535
Annual,Renewable energy - overall,Percentage,Lithuania,2004-01-01,17.221
Annual,Renewable energy - overall,Percentage,Lithuania,2005-01-01,16.768
Annual,Renewable energy - overall,Percentage,Lithuania,2006-01-01,16.887
Annual,Renewable energy - overall,Percentage,Lithuania,2007-01-01,16.482
Annual,Renewable energy - overall,Percentage,Lithuania,2008-01-01,17.824
Annual,Renewable energy - overall,Percentage,Lithuania,2009-01-01,19.798
Annual,Renewable energy - overall,Percentage,Lithuania,2010-01-01,19.639
Annual,Renewable energy - overall,Percentage,Lithuania,2011-01-01,19.943
Annual,Renewable energy - overall,Percentage,Lithuania,2012-01-01,21.437
Annual,Renewable energy - overall,Percentage,Lithuania,2013-01-01,22.689
Annual,Renewable energy - overall,Percentage,Lithuania,2014-01-01,23.592
Annual,Renewable energy - overall,Percentage,Lithuania,2015-01-01,25.748
Annual,Renewable energy - overall,Percentage,Lithuania,2016-01-01,25.612
Annual,Renewable energy - overall,Percentage,Lithuania,2017-01-01,26.038
Annual,Renewable energy - overall,Percentage,Lithuania,2018-01-01,24.695
Annual,Renewable energy - overall,Percentage,Lithuania,2019-01-01,25.474
Annual,Renewable energy - overall,Percentage,Lithuania,2020-01-01,26.773
Annual,Renewable energy - overall,Percentage,Lithuania,2021-01-01,28.167
Annual,Renewable energy - overall,Percentage,Lithuania,2022-01-01,29.599
Annual,Renewable energy - overall,Percentage,Lithuania,2023-01-01,31.927
Annual,Renewable energy - overall,Percentage,Lithuania,2024-01-01,35.408
Annual,Renewable energy - overall,Percentage,Luxembourg,2004-01-01,0.899
Annual,Renewable energy - overall,Percentage,Luxembourg,2005-01-01,1.402
Annual,Renewable energy - overall,Percentage,Luxembourg,2006-01-01,1.469
Annual,Renewable energy - overall,Percentage,Luxembourg,2007-01-01,2.725
Annual,Renewable energy - overall,Percentage,Luxembourg,2008-01-01,2.809
Annual,Renewable energy - overall,Percentage,Luxembourg,2009-01-01,2.929
Annual,Renewable energy - overall,Percentage,Luxembourg,2010-01-01,2.851
Annual,Renewable energy - overall,Percentage,Luxembourg,2011-01-01,2.855
Annual,Renewable energy - overall,Percentage,Luxembourg,2012-01-01,3.112
Annual,Renewable energy - overall,Percentage,Luxembourg,2013-01-01,3.494
Annual,Renewable energy - overall,Percentage,Luxembourg,2014-01-01,4.471
Annual,Renewable energy - overall,Percentage,Luxembourg,2015-01-01,4.987
Annual,Renewable energy - overall,Percentage,Luxembourg,2016-01-01,5.364
Annual,Renewable energy - overall,Percentage,Luxembourg,2017-01-01,6.194
Annual,Renewable energy - overall,Percentage,Luxembourg,2018-01-01,8.942
Annual,Renewable energy - overall,Percentage,Luxembourg,2019-01-01,7.046
Annual,Renewable energy - overall,Percentage,Luxembourg,2020-01-01,11.699
Annual,Renewable energy - overall,Percentage,Luxembourg,2021-01-01,11.713
Annual,Renewable energy - overall,Percentage,Luxembourg,2022-01-01,14.286
Annual,Renewable energy - overall,Percentage,Luxembourg,2023-01-01,14.312
Annual,Renewable energy - overall,Percentage,Luxembourg,2024-01-01,14.742
Annual,Renewable energy - overall,Percentage,Hungary,2004-01-01,4.364
Annual,Renewable energy - overall,Percentage,Hungary,2005-01-01,6.931
Annual,Renewable energy - overall,Percentage,Hungary,2006-01-01,7.433
Annual,Renewable energy - overall,Percentage,Hungary,2007-01-01,8.575
Annual,Renewable energy - overall,Percentage,Hungary,2008-01-01,8.564
Annual,Renewable energy - overall,Percentage,Hungary,2009-01-01,11.673
Annual,Renewable energy - overall,Percentage,Hungary,2010-01-01,12.742
Annual,Renewable energy - overall,Percentage,Hungary,2011-01-01,13.972
Annual,Renewable energy - overall,Percentage,Hungary,2012-01-01,15.53
Annual,Renewable energy - overall,Percentage,Hungary,2013-01-01,16.205
Annual,Renewable energy - overall,Percentage,Hungary,2014-01-01,14.618
Annual,Renewable energy - overall,Percentage,Hungary,2015-01-01,14.495
Annual,Renewable energy - overall,Percentage,Hungary,2016-01-01,14.377
Annual,Renewable energy - overall,Percentage,Hungary,2017-01-01,13.556
Annual,Renewable energy - overall,Percentage,Hungary,2018-01-01,12.548
Annual,Renewable energy - overall,Percentage,Hungary,2019-01-01,12.634
Annual,Renewable energy - overall,Percentage,Hungary,2020-01-01,13.85
Annual,Renewable energy - overall,Percentage,Hungary,2021-01-01,14.134
Annual,Renewable energy - overall,Percentage,Hungary,2022-01-01,15.128
Annual,Renewable energy - overall,Percentage,Hungary,2023-01-01,17.117
Annual,Renewable energy - overall,Percentage,Hungary,2024-01-01,18.264
Annual,Renewable energy - overall,Percentage,Malta,2004-01-01,0.102
Annual,Renewable energy - overall,Percentage,Malta,2005-01-01,0.123
Annual,Renewable energy - overall,Percentage,Malta,2006-01-01,0.149
Annual,Renewable energy - overall,Percentage,Malta,2007-01-01,0.177
Annual,Renewable energy - overall,Percentage,Malta,2008-01-01,0.195
Annual,Renewable energy - overall,Percentage,Malta,2009-01-01,0.221
Annual,Renewable energy - overall,Percentage,Malta,2010-01-01,0.979
Annual,Renewable energy - overall,Percentage,Malta,2011-01-01,1.85
Annual,Renewable energy - overall,Percentage,Malta,2012-01-01,2.862
Annual,Renewable energy - overall,Percentage,Malta,2013-01-01,3.76
Annual,Renewable energy - overall,Percentage,Malta,2014-01-01,4.744
Annual,Renewable energy - overall,Percentage,Malta,2015-01-01,5.119
Annual,Renewable energy - overall,Percentage,Malta,2016-01-01,6.208
Annual,Renewable energy - overall,Percentage,Malta,2017-01-01,7.219
Annual,Renewable energy - overall,Percentage,Malta,2018-01-01,7.914
Annual,Renewable energy - overall,Percentage,Malta,2019-01-01,8.23
Annual,Renewable energy - overall,Percentage,Malta,2020-01-01,10.714
Annual,Renewable energy - overall,Percentage,Malta,2021-01-01,12.631
Annual,Renewable energy - overall,Percentage,Malta,2022-01-01,14.04
Annual,Renewable energy - overall,Percentage,Malta,2023-01-01,15.437
Annual,Renewable energy - overall,Percentage,Malta,2024-01-01,17.21
Annual,Renewable energy - overall,Percentage,Netherlands,2004-01-01,2.03
Annual,Renewable energy - overall,Percentage,Netherlands,2005-01-01,2.478
Annual,Renewable energy - overall,Percentage,Netherlands,2006-01-01,2.778
Annual,Renewable energy - overall,Percentage,Netherlands,2007-01-01,3.298
Annual,Renewable energy - overall,Percentage,Netherlands,2008-01-01,3.596
Annual,Renewable energy - overall,Percentage,Netherlands,2009-01-01,4.266
Annual,Renewable energy - overall,Percentage,Netherlands,2010-01-01,3.917
Annual,Renewable energy - overall,Percentage,Netherlands,2011-01-01,4.524
Annual,Renewable energy - overall,Percentage,Netherlands,2012-01-01,4.659
Annual,Renewable energy - overall,Percentage,Netherlands,2013-01-01,4.691
Annual,Renewable energy - overall,Percentage,Netherlands,2014-01-01,5.415
Annual,Renewable energy - overall,Percentage,Netherlands,2015-01-01,5.714
Annual,Renewable energy - overall,Percentage,Netherlands,2016-01-01,5.846
Annual,Renewable energy - overall,Percentage,Netherlands,2017-01-01,6.507
Annual,Renewable energy - overall,Percentage,Netherlands,2018-01-01,7.394
Annual,Renewable energy - overall,Percentage,Netherlands,2019-01-01,8.886
Annual,Renewable energy - overall,Percentage,Netherlands,2020-01-01,13.999
Annual,Renewable energy - overall,Percentage,Netherlands,2021-01-01,13.117
Annual,Renewable energy - overall,Percentage,Netherlands,2022-01-01,15.291
Annual,Renewable energy - overall,Percentage,Netherlands,2023-01-01,17.588
Annual,Renewable energy - overall,Percentage,Netherlands,2024-01-01,20.18
Annual,Renewable energy - overall,Percentage,Austria,2004-01-01,22.553
Annual,Renewable energy - overall,Percentage,Austria,2005-01-01,24.353
Annual,Renewable energy - overall,Percentage,Austria,2006-01-01,26.276
Annual,Renewable energy - overall,Percentage,Austria,2007-01-01,28.144
Annual,Renewable energy - overall,Percentage,Austria,2008-01-01,28.788
Annual,Renewable energy - overall,Percentage,Austria,2009-01-01,31.039
Annual,Renewable energy - overall,Percentage,Austria,2010-01-01,31.205
Annual,Renewable energy - overall,Percentage,Austria,2011-01-01,31.552
Annual,Renewable energy - overall,Percentage,Austria,2012-01-01,32.734
Annual,Renewable energy - overall,Percentage,Austria,2013-01-01,32.665
Annual,Renewable energy - overall,Percentage,Austria,2014-01-01,33.55
Annual,Renewable energy - overall,Percentage,Austria,2015-01-01,33.497
Annual,Renewable energy - overall,Percentage,Austria,2016-01-01,33.37
Annual,Renewable energy - overall,Percentage,Austria,2017-01-01,33.136
Annual,Renewable energy - overall,Percentage,Austria,2018-01-01,33.784
Annual,Renewable energy - overall,Percentage,Austria,2019-01-01,33.755
Annual,Renewable energy - overall,Percentage,Austria,2020-01-01,36.545
Annual,Renewable energy - overall,Percentage,Austria,2021-01-01,34.643
Annual,Renewable energy - overall,Percentage,Austria,2022-01-01,34.057
Annual,Renewable energy - overall,Percentage,Austria,2023-01-01,41.6
Annual,Renewable energy - overall,Percentage,Austria,2024-01-01,42.951
Annual,Renewable energy - overall,Percentage,Poland,2004-01-01,6.882
Annual,Renewable energy - overall,Percentage,Poland,2005-01-01,6.867
Annual,Renewable energy - overall,Percentage,Poland,2006-01-01,6.859
Annual,Renewable energy - overall,Percentage,Poland,2007-01-01,6.903
Annual,Renewable energy - overall,Percentage,Poland,2008-01-01,7.686
Annual,Renewable energy - overall,Percentage,Poland,2009-01-01,8.676
Annual,Renewable energy - overall,Percentage,Poland,2010-01-01,9.281
Annual,Renewable energy - overall,Percentage,Poland,2011-01-01,10.337
Annual,Renewable energy - overall,Percentage,Poland,2012-01-01,10.955
Annual,Renewable energy - overall,Percentage,Poland,2013-01-01,11.452
Annual,Renewable energy - overall,Percentage,Poland,2014-01-01,11.605
Annual,Renewable energy - overall,Percentage,Poland,2015-01-01,11.881
Annual,Renewable energy - overall,Percentage,Poland,2016-01-01,11.396
Annual,Renewable energy - overall,Percentage,Poland,2017-01-01,11.059
Annual,Renewable energy - overall,Percentage,Poland,2018-01-01,14.936
Annual,Renewable energy - overall,Percentage,Poland,2019-01-01,15.377
Annual,Renewable energy - overall,Percentage,Poland,2020-01-01,16.102
Annual,Renewable energy - overall,Percentage,Poland,2021-01-01,15.604
Annual,Renewable energy - overall,Percentage,Poland,2022-01-01,16.644
Annual,Renewable energy - overall,Percentage,Poland,2023-01-01,16.651
Annual,Renewable energy - overall,Percentage,Poland,2024-01-01,17.77
Annual,Renewable energy - overall,Percentage,Portugal,2004-01-01,19.205
Annual,Renewable energy - overall,Percentage,Portugal,2005-01-01,19.523
Annual,Renewable energy - overall,Percentage,Portugal,2006-01-01,20.792
Annual,Renewable energy - overall,Percentage,Portugal,2007-01-01,21.907
Annual,Renewable energy - overall,Percentage,Portugal,2008-01-01,22.929
Annual,Renewable energy - overall,Percentage,Portugal,2009-01-01,24.405
Annual,Renewable energy - overall,Percentage,Portugal,2010-01-01,24.15
Annual,Renewable energy - overall,Percentage,Portugal,2011-01-01,24.603
Annual,Renewable energy - overall,Percentage,Portugal,2012-01-01,24.574
Annual,Renewable energy - overall,Percentage,Portugal,2013-01-01,25.699
Annual,Renewable energy - overall,Percentage,Portugal,2014-01-01,29.508
Annual,Renewable energy - overall,Percentage,Portugal,2015-01-01,30.514
Annual,Renewable energy - overall,Percentage,Portugal,2016-01-01,30.864
Annual,Renewable energy - overall,Percentage,Portugal,2017-01-01,30.611
Annual,Renewable energy - overall,Percentage,Portugal,2018-01-01,30.203
Annual,Renewable energy - overall,Percentage,Portugal,2019-01-01,30.623
Annual,Renewable energy - overall,Percentage,Portugal,2020-01-01,33.982
Annual,Renewable energy - overall,Percentage,Portugal,2021-01-01,33.982
Annual,Renewable energy - overall,Percentage,Portugal,2022-01-01,34.675
Annual,Renewable energy - overall,Percentage,Portugal,2023-01-01,35.154
Annual,Renewable energy - overall,Percentage,Portugal,2024-01-01,36.319
Annual,Renewable energy - overall,Percentage,Romania,2004-01-01,16.811
Annual,Renewable energy - overall,Percentage,Romania,2005-01-01,17.571
Annual,Renewable energy - overall,Percentage,Romania,2006-01-01,17.096
Annual,Renewable energy - overall,Percentage,Romania,2007-01-01,18.195
Annual,Renewable energy - overall,Percentage,Romania,2008-01-01,20.204
Annual,Renewable energy - overall,Percentage,Romania,2009-01-01,22.157
Annual,Renewable energy - overall,Percentage,Romania,2010-01-01,22.834
Annual,Renewable energy - overall,Percentage,Romania,2011-01-01,21.743
Annual,Renewable energy - overall,Percentage,Romania,2012-01-01,22.825
Annual,Renewable energy - overall,Percentage,Romania,2013-01-01,23.886
Annual,Renewable energy - overall,Percentage,Romania,2014-01-01,24.845
Annual,Renewable energy - overall,Percentage,Romania,2015-01-01,24.785
Annual,Renewable energy - overall,Percentage,Romania,2016-01-01,25.032
Annual,Renewable energy - overall,Percentage,Romania,2017-01-01,24.454
Annual,Renewable energy - overall,Percentage,Romania,2018-01-01,23.875
Annual,Renewable energy - overall,Percentage,Romania,2019-01-01,24.29
Annual,Renewable energy - overall,Percentage,Romania,2020-01-01,24.478
Annual,Renewable energy - overall,Percentage,Romania,2021-01-01,23.871
Annual,Renewable energy - overall,Percentage,Romania,2022-01-01,24.229
Annual,Renewable energy - overall,Percentage,Romania,2023-01-01,25.758
Annual,Renewable energy - overall,Percentage,Romania,2024-01-01,25.378
Annual,Renewable energy - overall,Percentage,Slovenia,2004-01-01,18.397
Annual,Renewable energy - overall,Percentage,Slovenia,2005-01-01,19.809
Annual,Renewable energy - overall,Percentage,Slovenia,2006-01-01,18.416
Annual,Renewable energy - overall,Percentage,Slovenia,2007-01-01,19.675
Annual,Renewable energy - overall,Percentage,Slovenia,2008-01-01,18.646
Annual,Renewable energy - overall,Percentage,Slovenia,2009-01-01,20.765
Annual,Renewable energy - overall,Percentage,Slovenia,2010-01-01,21.081
Annual,Renewable energy - overall,Percentage,Slovenia,2011-01-01,20.937
Annual,Renewable energy - overall,Percentage,Slovenia,2012-01-01,21.551
Annual,Renewable energy - overall,Percentage,Slovenia,2013-01-01,23.16
Annual,Renewable energy - overall,Percentage,Slovenia,2014-01-01,22.459
Annual,Renewable energy - overall,Percentage,Slovenia,2015-01-01,22.879
Annual,Renewable energy - overall,Percentage,Slovenia,2016-01-01,21.975
Annual,Renewable energy - overall,Percentage,Slovenia,2017-01-01,21.658
Annual,Renewable energy - overall,Percentage,Slovenia,2018-01-01,21.378
Annual,Renewable energy - overall,Percentage,Slovenia,2019-01-01,21.968
Annual,Renewable energy - overall,Percentage,Slovenia,2020-01-01,25.0
Annual,Renewable energy - overall,Percentage,Slovenia,2021-01-01,25.0
Annual,Renewable energy - overall,Percentage,Slovenia,2022-01-01,25.002
Annual,Renewable energy - overall,Percentage,Slovenia,2023-01-01,25.066
Annual,Renewable energy - overall,Percentage,Slovenia,2024-01-01,25.001
Annual,Renewable energy - overall,Percentage,Slovakia,2004-01-01,6.391
Annual,Renewable energy - overall,Percentage,Slovakia,2005-01-01,6.36
Annual,Renewable energy - overall,Percentage,Slovakia,2006-01-01,6.584
Annual,Renewable energy - overall,Percentage,Slovakia,2007-01-01,7.766
Annual,Renewable energy - overall,Percentage,Slovakia,2008-01-01,7.723
Annual,Renewable energy - overall,Percentage,Slovakia,2009-01-01,9.368
Annual,Renewable energy - overall,Percentage,Slovakia,2010-01-01,9.099
Annual,Renewable energy - overall,Percentage,Slovakia,2011-01-01,10.348
Annual,Renewable energy - overall,Percentage,Slovakia,2012-01-01,10.453
Annual,Renewable energy - overall,Percentage,Slovakia,2013-01-01,10.133
Annual,Renewable energy - overall,Percentage,Slovakia,2014-01-01,11.713
Annual,Renewable energy - overall,Percentage,Slovakia,2015-01-01,12.882
Annual,Renewable energy - overall,Percentage,Slovakia,2016-01-01,12.029
Annual,Renewable energy - overall,Percentage,Slovakia,2017-01-01,11.465
Annual,Renewable energy - overall,Percentage,Slovakia,2018-01-01,11.896
Annual,Renewable energy - overall,Percentage,Slovakia,2019-01-01,16.894
Annual,Renewable energy - overall,Percentage,Slovakia,2020-01-01,17.345
Annual,Renewable energy - overall,Percentage,Slovakia,2021-01-01,17.419
Annual,Renewable energy - overall,Percentage,Slovakia,2022-01-01,17.482
Annual,Renewable energy - overall,Percentage,Slovakia,2023-01-01,16.991
Annual,Renewable energy - overall,Percentage,Slovakia,2024-01-01,18.092
Annual,Renewable energy - overall,Percentage,Finland,2004-01-01,29.232
Annual,Renewable energy - overall,Percentage,Finland,2005-01-01,28.814
Annual,Renewable energy - overall,Percentage,Finland,2006-01-01,30.043
Annual,Renewable energy - overall,Percentage,Finland,2007-01-01,29.561
Annual,Renewable energy - overall,Percentage,Finland,2008-01-01,31.071
Annual,Renewable energy - overall,Percentage,Finland,2009-01-01,31.045
Annual,Renewable energy - overall,Percentage,Finland,2010-01-01,32.166
Annual,Renewable energy - overall,Percentage,Finland,2011-01-01,32.532
Annual,Renewable energy - overall,Percentage,Finland,2012-01-01,34.222
Annual,Renewable energy - overall,Percentage,Finland,2013-01-01,36.63
Annual,Renewable energy - overall,Percentage,Finland,2014-01-01,38.633
Annual,Renewable energy - overall,Percentage,Finland,2015-01-01,39.23
Annual,Renewable energy - overall,Percentage,Finland,2016-01-01,38.943
Annual,Renewable energy - overall,Percentage,Finland,2017-01-01,40.857
Annual,Renewable energy - overall,Percentage,Finland,2018-01-01,41.185
Annual,Renewable energy - overall,Percentage,Finland,2019-01-01,42.807
Annual,Renewable energy - overall,Percentage,Finland,2020-01-01,43.939
Annual,Renewable energy - overall,Percentage,Finland,2021-01-01,42.819
Annual,Renewable energy - overall,Percentage,Finland,2022-01-01,47.74
Annual,Renewable energy - overall,Percentage,Finland,2023-01-01,50.784
Annual,Renewable energy - overall,Percentage,Finland,2024-01-01,52.124
Annual,Renewable energy - overall,Percentage,Sweden,2004-01-01,38.427
Annual,Renewable energy - overall,Percentage,Sweden,2005-01-01,39.982
Annual,Renewable energy - overall,Percentage,Sweden,2006-01-01,41.734
Annual,Renewable energy - overall,Percentage,Sweden,2007-01-01,43.224
Annual,Renewable energy - overall,Percentage,Sweden,2008-01-01,43.922
Annual,Renewable energy - overall,Percentage,Sweden,2009-01-01,47.024
Annual,Renewable energy - overall,Percentage,Sweden,2010-01-01,46.099
Annual,Renewable energy - overall,Percentage,Sweden,2011-01-01,47.632
Annual,Renewable energy - overall,Percentage,Sweden,2012-01-01,49.403
Annual,Renewable energy - overall,Percentage,Sweden,2013-01-01,50.153
Annual,Renewable energy - overall,Percentage,Sweden,2014-01-01,51.151
Annual,Renewable energy - overall,Percentage,Sweden,2015-01-01,52.22
Annual,Renewable energy - overall,Percentage,Sweden,2016-01-01,52.597
Annual,Renewable energy - overall,Percentage,Sweden,2017-01-01,53.39
Annual,Renewable energy - overall,Percentage,Sweden,2018-01-01,53.916
Annual,Renewable energy - overall,Percentage,Sweden,2019-01-01,55.785
Annual,Renewable energy - overall,Percentage,Sweden,2020-01-01,60.124
Annual,Renewable energy - overall,Percentage,Sweden,2021-01-01,62.527
Annual,Renewable energy - overall,Percentage,Sweden,2022-01-01,66.287
Annual,Renewable energy - overall,Percentage,Sweden,2023-01-01,66.393
Annual,Renewable energy - overall,Percentage,Sweden,2024-01-01,62.846
Annual,Renewable energy - overall,Percentage,Iceland,2004-01-01,58.899
Annual,Renewable energy - overall,Percentage,Iceland,2005-01-01,60.27
Annual,Renewable energy - overall,Percentage,Iceland,2006-01-01,60.921
Annual,Renewable energy - overall,Percentage,Iceland,2007-01-01,71.925
Annual,Renewable energy - overall,Percentage,Iceland,2008-01-01,67.981
Annual,Renewable energy - overall,Percentage,Iceland,2009-01-01,70.238
Annual,Renewable energy - overall,Percentage,Iceland,2010-01-01,70.909
Annual,Renewable energy - overall,Percentage,Iceland,2011-01-01,72.298
Annual,Renewable energy - overall,Percentage,Iceland,2012-01-01,73.727
Annual,Renewable energy - overall,Percentage,Iceland,2013-01-01,73.787
Annual,Renewable energy - overall,Percentage,Iceland,2014-01-01,73.043
Annual,Renewable energy - overall,Percentage,Iceland,2015-01-01,71.949
Annual,Renewable energy - overall,Percentage,Iceland,2016-01-01,75.329
Annual,Renewable energy - overall,Percentage,Iceland,2017-01-01,74.104
Annual,Renewable energy - overall,Percentage,Iceland,2018-01-01,77.173
Annual,Renewable energy - overall,Percentage,Iceland,2019-01-01,78.612
Annual,Renewable energy - overall,Percentage,Iceland,2020-01-01,83.725
Annual,Renewable energy - overall,Percentage,Iceland,2021-01-01,79.618
Annual,Renewable energy - overall,Percentage,Iceland,2022-01-01,78.735
Annual,Renewable energy - overall,Percentage,Iceland,2023-01-01,79.444
Annual,Renewable energy - overall,Percentage,Iceland,2024-01-01,79.332
Annual,Renewable energy - overall,Percentage,Norway,2004-01-01,58.417
Annual,Renewable energy - overall,Percentage,Norway,2005-01-01,60.069
Annual,Renewable energy - overall,Percentage,Norway,2006-01-01,60.521
Annual,Renewable energy - overall,Percentage,Norway,2007-01-01,60.398
Annual,Renewable energy - overall,Percentage,Norway,2008-01-01,62.003
Annual,Renewable energy - overall,Percentage,Norway,2009-01-01,65.071
Annual,Renewable energy - overall,Percentage,Norway,2010-01-01,61.889
Annual,Renewable energy - overall,Percentage,Norway,2011-01-01,64.638
Annual,Renewable energy - overall,Percentage,Norway,2012-01-01,64.932
Annual,Renewable energy - overall,Percentage,Norway,2013-01-01,66.48
Annual,Renewable energy - overall,Percentage,Norway,2014-01-01,68.406
Annual,Renewable energy - overall,Percentage,Norway,2015-01-01,68.545
Annual,Renewable energy - overall,Percentage,Norway,2016-01-01,69.235
Annual,Renewable energy - overall,Percentage,Norway,2017-01-01,70.036
Annual,Renewable energy - overall,Percentage,Norway,2018-01-01,71.566
Annual,Renewable energy - overall,Percentage,Norway,2019-01-01,74.406
Annual,Renewable energy - overall,Percentage,Norway,2020-01-01,77.358
Annual,Renewable energy - overall,Percentage,Norway,2021-01-01,75.038
Annual,Renewable energy - overall,Percentage,Norway,2022-01-01,76.782
Annual,Renewable energy - overall,Percentage,Norway,2023-01-01,76.729
Annual,Renewable energy - overall,Percentage,Norway,2024-01-01,77.932
Annual,Renewable energy - overall,Percentage,Bosnia and Herzegovina,2014-01-01,24.873
Annual,Renewable energy - overall,Percentage,Bosnia and Herzegovina,2015-01-01,26.607
Annual,Renewable energy - overall,Percentage,Bosnia and Herzegovina,2016-01-01,25.358
Annual,Renewable energy - overall,Percentage,Bosnia and Herzegovina,2017-01-01,23.241
Annual,Renewable energy - overall,Percentage,Bosnia and Herzegovina,2018-01-01,35.972
Annual,Renewable energy - overall,Percentage,Bosnia and Herzegovina,2019-01-01,37.454
Annual,Renewable energy - overall,Percentage,Bosnia and Herzegovina,2020-01-01,39.835
Annual,Renewable energy - overall,Percentage,Bosnia and Herzegovina,2021-01-01,36.587
Annual,Renewable energy - overall,Percentage,Bosnia and Herzegovina,2022-01-01,39.32
Annual,Renewable energy - overall,Percentage,Bosnia and Herzegovina,2023-01-01,40.038
Annual,Renewable energy - overall,Percentage,Bosnia and Herzegovina,2024-01-01,38.524
Annual,Renewable energy - overall,Percentage,Montenegro,2005-01-01,35.694
Annual,Renewable energy - overall,Percentage,Montenegro,2006-01-01,34.842
Annual,Renewable energy - overall,Percentage,Montenegro,2007-01-01,32.925
Annual,Renewable energy - overall,Percentage,Montenegro,2008-01-01,32.29
Annual,Renewable energy - overall,Percentage,Montenegro,2009-01-01,39.371
Annual,Renewable energy - overall,Percentage,Montenegro,2010-01-01,40.64
Annual,Renewable energy - overall,Percentage,Montenegro,2011-01-01,40.648
Annual,Renewable energy - overall,Percentage,Montenegro,2012-01-01,41.513
Annual,Renewable energy - overall,Percentage,Montenegro,2013-01-01,43.696
Annual,Renewable energy - overall,Percentage,Montenegro,2014-01-01,44.098
Annual,Renewable energy - overall,Percentage,Montenegro,2015-01-01,43.073
Annual,Renewable energy - overall,Percentage,Montenegro,2016-01-01,41.529
Annual,Renewable energy - overall,Percentage,Montenegro,2017-01-01,39.693
Annual,Renewable energy - overall,Percentage,Montenegro,2018-01-01,38.801
Annual,Renewable energy - overall,Percentage,Montenegro,2019-01-01,37.722
Annual,Renewable energy - overall,Percentage,Montenegro,2020-01-01,43.77
Annual,Renewable energy - overall,Percentage,Montenegro,2021-01-01,39.891
Annual,Renewable energy - overall,Percentage,Montenegro,2022-01-01,41.064
Annual,Renewable energy - overall,Percentage,Montenegro,2023-01-01,40.883
Annual,Renewable energy - overall,Percentage,Montenegro,2024-01-01,40.822
Annual,Renewable energy - overall,Percentage,Moldova,2004-01-01,7.45
Annual,Renewable energy - overall,Percentage,Moldova,2005-01-01,6.402
Annual,Renewable energy - overall,Percentage,Moldova,2006-01-01,6.96
Annual,Renewable energy - overall,Percentage,Moldova,2007-01-01,6.443
Annual,Renewable energy - overall,Percentage,Moldova,2008-01-01,6.994
Annual,Renewable energy - overall,Percentage,Moldova,2009-01-01,7.924
Annual,Renewable energy - overall,Percentage,Moldova,2010-01-01,21.369
Annual,Renewable energy - overall,Percentage,Moldova,2011-01-01,22.081
Annual,Renewable energy - overall,Percentage,Moldova,2012-01-01,24.328
Annual,Renewable energy - overall,Percentage,Moldova,2013-01-01,24.419
Annual,Renewable energy - overall,Percentage,Moldova,2014-01-01,26.169
Annual,Renewable energy - overall,Percentage,Moldova,2015-01-01,26.173
Annual,Renewable energy - overall,Percentage,Moldova,2016-01-01,26.888
Annual,Renewable energy - overall,Percentage,Moldova,2017-01-01,27.836
Annual,Renewable energy - overall,Percentage,Moldova,2018-01-01,27.476
Annual,Renewable energy - overall,Percentage,Moldova,2019-01-01,23.843
Annual,Renewable energy - overall,Percentage,Moldova,2020-01-01,25.057
Annual,Renewable energy - overall,Percentage,Moldova,2021-01-01,22.203
Annual,Renewable energy - overall,Percentage,Moldova,2022-01-01,21.54
Annual,Renewable energy - overall,Percentage,Moldova,2023-01-01,22.995
Annual,Renewable energy - overall,Percentage,Moldova,2024-01-01,20.769
Annual,Renewable energy - overall,Percentage,North Macedonia,2004-01-01,15.702
Annual,Renewable energy - overall,Percentage,North Macedonia,2005-01-01,16.466
Annual,Renewable energy - overall,Percentage,North Macedonia,2006-01-01,16.527
Annual,Renewable energy - overall,Percentage,North Macedonia,2007-01-01,14.976
Annual,Renewable energy - overall,Percentage,North Macedonia,2008-01-01,15.555
Annual,Renewable energy - overall,Percentage,North Macedonia,2009-01-01,17.238
Annual,Renewable energy - overall,Percentage,North Macedonia,2010-01-01,16.451
Annual,Renewable energy - overall,Percentage,North Macedonia,2011-01-01,16.407
Annual,Renewable energy - overall,Percentage,North Macedonia,2012-01-01,18.128
Annual,Renewable energy - overall,Percentage,North Macedonia,2013-01-01,18.509
Annual,Renewable energy - overall,Percentage,North Macedonia,2014-01-01,19.559
Annual,Renewable energy - overall,Percentage,North Macedonia,2015-01-01,19.526
Annual,Renewable energy - overall,Percentage,North Macedonia,2016-01-01,18.044
Annual,Renewable energy - overall,Percentage,North Macedonia,2017-01-01,19.636
Annual,Renewable energy - overall,Percentage,North Macedonia,2018-01-01,18.179
Annual,Renewable energy - overall,Percentage,North Macedonia,2019-01-01,17.485
Annual,Renewable energy - overall,Percentage,North Macedonia,2020-01-01,19.222
Annual,Renewable energy - overall,Percentage,North Macedonia,2021-01-01,19.115
Annual,Renewable energy - overall,Percentage,North Macedonia,2022-01-01,20.01
Annual,Renewable energy - overall,Percentage,North Macedonia,2023-01-01,20.207
Annual,Renewable energy - overall,Percentage,North Macedonia,2024-01-01,21.811
Annual,Renewable energy - overall,Percentage,Georgia,2021-01-01,18.292
Annual,Renewable energy - overall,Percentage,Georgia,2022-01-01,18.141
Annual,Renewable energy - overall,Percentage,Georgia,2023-01-01,19.85
Annual,Renewable energy - overall,Percentage,Georgia,2024-01-01,19.452
Annual,Renewable energy - overall,Percentage,Albania,2004-01-01,29.62
Annual,Renewable energy - overall,Percentage,Albania,2005-01-01,31.367
Annual,Renewable energy - overall,Percentage,Albania,2006-01-01,32.07
Annual,Renewable energy - overall,Percentage,Albania,2007-01-01,32.657
Annual,Renewable energy - overall,Percentage,Albania,2008-01-01,32.448
Annual,Renewable energy - overall,Percentage,Albania,2009-01-01,31.437
Annual,Renewable energy - overall,Percentage,Albania,2010-01-01,31.867
Annual,Renewable energy - overall,Percentage,Albania,2011-01-01,31.187
Annual,Renewable energy - overall,Percentage,Albania,2012-01-01,35.152
Annual,Renewable energy - overall,Percentage,Albania,2013-01-01,33.167
Annual,Renewable energy - overall,Percentage,Albania,2014-01-01,31.856
Annual,Renewable energy - overall,Percentage,Albania,2015-01-01,34.913
Annual,Renewable energy - overall,Percentage,Albania,2016-01-01,36.953
Annual,Renewable energy - overall,Percentage,Albania,2017-01-01,35.776
Annual,Renewable energy - overall,Percentage,Albania,2018-01-01,36.572
Annual,Renewable energy - overall,Percentage,Albania,2019-01-01,38.042
Annual,Renewable energy - overall,Percentage,Albania,2020-01-01,45.015
Annual,Renewable energy - overall,Percentage,Albania,2021-01-01,41.389
Annual,Renewable energy - overall,Percentage,Albania,2022-01-01,44.076
Annual,Renewable energy - overall,Percentage,Albania,2023-01-01,46.62
Annual,Renewable energy - overall,Percentage,Albania,2024-01-01,43.111
Annual,Renewable energy - overall,Percentage,Serbia,2004-01-01,12.724
Annual,Renewable energy - overall,Percentage,Serbia,2005-01-01,14.257
Annual,Renewable energy - overall,Percentage,Serbia,2006-01-01,14.542
Annual,Renewable energy - overall,Percentage,Serbia,2007-01-01,14.327
Annual,Renewable energy - overall,Percentage,Serbia,2008-01-01,15.888
Annual,Renewable energy - overall,Percentage,Serbia,2009-01-01,21.024
Annual,Renewable energy - overall,Percentage,Serbia,2010-01-01,19.763
Annual,Renewable energy - overall,Percentage,Serbia,2011-01-01,19.118
Annual,Renewable energy - overall,Percentage,Serbia,2012-01-01,20.79
Annual,Renewable energy - overall,Percentage,Serbia,2013-01-01,21.095
Annual,Renewable energy - overall,Percentage,Serbia,2014-01-01,22.864
Annual,Renewable energy - overall,Percentage,Serbia,2015-01-01,21.989
Annual,Renewable energy - overall,Percentage,Serbia,2016-01-01,21.147
Annual,Renewable energy - overall,Percentage,Serbia,2017-01-01,20.287
Annual,Renewable energy - overall,Percentage,Serbia,2018-01-01,20.32
Annual,Renewable energy - overall,Percentage,Serbia,2019-01-01,21.443
Annual,Renewable energy - overall,Percentage,Serbia,2020-01-01,26.297
Annual,Renewable energy - overall,Percentage,Serbia,2021-01-01,25.255
Annual,Renewable energy - overall,Percentage,Serbia,2022-01-01,24.67
Annual,Renewable energy - overall,Percentage,Serbia,2023-01-01,25.428
Annual,Renewable energy - overall,Percentage,Serbia,2024-01-01,25.862
Annual,Renewable energy - overall,Percentage,Kosovo*,2004-01-01,20.541
Annual,Renewable energy - overall,Percentage,Kosovo*,2005-01-01,19.773
Annual,Renewable energy - overall,Percentage,Kosovo*,2006-01-01,19.511
Annual,Renewable energy - overall,Percentage,Kosovo*,2007-01-01,18.812
Annual,Renewable energy - overall,Percentage,Kosovo*,2008-01-01,18.429
Annual,Renewable energy - overall,Percentage,Kosovo*,2009-01-01,18.23
Annual,Renewable energy - overall,Percentage,Kosovo*,2010-01-01,18.23
Annual,Renewable energy - overall,Percentage,Kosovo*,2011-01-01,17.598
Annual,Renewable energy - overall,Percentage,Kosovo*,2012-01-01,18.625
Annual,Renewable energy - overall,Percentage,Kosovo*,2013-01-01,18.823
Annual,Renewable energy - overall,Percentage,Kosovo*,2014-01-01,19.544
Annual,Renewable energy - overall,Percentage,Kosovo*,2015-01-01,18.484
Annual,Renewable energy - overall,Percentage,Kosovo*,2016-01-01,24.472
Annual,Renewable energy - overall,Percentage,Kosovo*,2017-01-01,23.082
Annual,Renewable energy - overall,Percentage,Kosovo*,2018-01-01,24.616
Annual,Renewable energy - overall,Percentage,Kosovo*,2019-01-01,24.215
Annual,Renewable energy - overall,Percentage,Kosovo*,2020-01-01,24.401
Annual,Renewable energy - overall,Percentage,Kosovo*,2021-01-01,22.061
Annual,Renewable energy - overall,Percentage,Kosovo*,2022-01-01,18.773
Annual,Renewable energy - overall,Percentage,Kosovo*,2023-01-01,20.215
Annual,Renewable energy - overall,Percentage,Kosovo*,2024-01-01,18.02
Annual,Renewable energy - transport,Percentage,European Union - 27 countries (from 2020),2004-01-01,1.432
Annual,Renewable energy - transport,Percentage,European Union - 27 countries (from 2020),2005-01-01,1.819
Annual,Renewable energy - transport,Percentage,European Union - 27 countries (from 2020),2006-01-01,2.472
Annual,Renewable energy - transport,Percentage,European Union - 27 countries (from 2020),2007-01-01,2.887
Annual,Renewable energy - transport,Percentage,European Union - 27 countries (from 2020),2008-01-01,4.133
Annual,Renewable energy - transport,Percentage,European Union - 27 countries (from 2020),2009-01-01,4.891
Annual,Renewable energy - transport,Percentage,European Union - 27 countries (from 2020),2010-01-01,5.5
Annual,Renewable energy - transport,Percentage,European Union - 27 countries (from 2020),2011-01-01,4.115
Annual,Renewable energy - transport,Percentage,European Union - 27 countries (from 2020),2012-01-01,5.767
Annual,Renewable energy - transport,Percentage,European Union - 27 countries (from 2020),2013-01-01,6.07
Annual,Renewable energy - transport,Percentage,European Union - 27 countries (from 2020),2014-01-01,6.552
Annual,Renewable energy - transport,Percentage,European Union - 27 countries (from 2020),2015-01-01,6.753
Annual,Renewable energy - transport,Percentage,European Union - 27 countries (from 2020),2016-01-01,7.165
Annual,Renewable energy - transport,Percentage,European Union - 27 countries (from 2020),2017-01-01,7.471
Annual,Renewable energy - transport,Percentage,European Union - 27 countries (from 2020),2018-01-01,8.265
Annual,Renewable energy - transport,Percentage,European Union - 27 countries (from 2020),2019-01-01,8.804
Annual,Renewable energy - transport,Percentage,European Union - 27 countries (from 2020),2020-01-01,10.253
Annual,Renewable energy - transport,Percentage,European Union - 27 countries (from 2020),2021-01-01,9.051
Annual,Renewable energy - transport,Percentage,European Union - 27 countries (from 2020),2022-01-01,9.64
Annual,Renewable energy - transport,Percentage,European Union - 27 countries (from 2020),2023-01-01,10.962
Annual,Renewable energy - transport,Percentage,European Union - 27 countries (from 2020),2024-01-01,11.2
Annual,Renewable energy - transport,Percentage,Euro area – 21 countries (from 2026),2021-01-01,16.453
Annual,Renewable energy - transport,Percentage,Euro area – 21 countries (from 2026),2022-01-01,17.228
Annual,Renewable energy - transport,Percentage,Euro area – 21 countries (from 2026),2023-01-01,19.141
Annual,Renewable energy - transport,Percentage,Euro area – 21 countries (from 2026),2024-01-01,19.754
Annual,Renewable energy - transport,Percentage,Euro area – 20 countries (2023-2025),2021-01-01,8.84
Annual,Renewable energy - transport,Percentage,Euro area – 20 countries (2023-2025),2022-01-01,9.566
Annual,Renewable energy - transport,Percentage,Euro area – 20 countries (2023-2025),2023-01-01,11.052
Annual,Renewable energy - transport,Percentage,Euro area – 20 countries (2023-2025),2024-01-01,11.557
Annual,Renewable energy - transport,Percentage,Belgium,2004-01-01,0.642
Annual,Renewable energy - transport,Percentage,Belgium,2005-01-01,0.663
Annual,Renewable energy - transport,Percentage,Belgium,2006-01-01,0.676
Annual,Renewable energy - transport,Percentage,Belgium,2007-01-01,0.671
Annual,Renewable energy - transport,Percentage,Belgium,2008-01-01,0.712
Annual,Renewable energy - transport,Percentage,Belgium,2009-01-01,2.19
Annual,Renewable energy - transport,Percentage,Belgium,2010-01-01,4.8
Annual,Renewable energy - transport,Percentage,Belgium,2011-01-01,4.802
Annual,Renewable energy - transport,Percentage,Belgium,2012-01-01,4.914
Annual,Renewable energy - transport,Percentage,Belgium,2013-01-01,5.088
Annual,Renewable energy - transport,Percentage,Belgium,2014-01-01,5.845
Annual,Renewable energy - transport,Percentage,Belgium,2015-01-01,3.921
Annual,Renewable energy - transport,Percentage,Belgium,2016-01-01,6.029
Annual,Renewable energy - transport,Percentage,Belgium,2017-01-01,6.637
Annual,Renewable energy - transport,Percentage,Belgium,2018-01-01,6.709
Annual,Renewable energy - transport,Percentage,Belgium,2019-01-01,6.817
Annual,Renewable energy - transport,Percentage,Belgium,2020-01-01,11.035
Annual,Renewable energy - transport,Percentage,Belgium,2021-01-01,10.332
Annual,Renewable energy - transport,Percentage,Belgium,2022-01-01,10.472
Annual,Renewable energy - transport,Percentage,Belgium,2023-01-01,12.177
Annual,Renewable energy - transport,Percentage,Belgium,2024-01-01,12.717
Annual,Renewable energy - transport,Percentage,Bulgaria,2004-01-01,0.971
Annual,Renewable energy - transport,Percentage,Bulgaria,2005-01-01,0.884
Annual,Renewable energy - transport,Percentage,Bulgaria,2006-01-01,1.049
Annual,Renewable energy - transport,Percentage,Bulgaria,2007-01-01,0.956
Annual,Renewable energy - transport,Percentage,Bulgaria,2008-01-01,0.938
Annual,Renewable energy - transport,Percentage,Bulgaria,2009-01-01,1.092
Annual,Renewable energy - transport,Percentage,Bulgaria,2010-01-01,1.498
Annual,Renewable energy - transport,Percentage,Bulgaria,2011-01-01,0.898
Annual,Renewable energy - transport,Percentage,Bulgaria,2012-01-01,0.65
Annual,Renewable energy - transport,Percentage,Bulgaria,2013-01-01,5.886
Annual,Renewable energy - transport,Percentage,Bulgaria,2014-01-01,5.742
Annual,Renewable energy - transport,Percentage,Bulgaria,2015-01-01,6.492
Annual,Renewable energy - transport,Percentage,Bulgaria,2016-01-01,7.203
Annual,Renewable energy - transport,Percentage,Bulgaria,2017-01-01,7.273
Annual,Renewable energy - transport,Percentage,Bulgaria,2018-01-01,8.076
Annual,Renewable energy - transport,Percentage,Bulgaria,2019-01-01,7.893
Annual,Renewable energy - transport,Percentage,Bulgaria,2020-01-01,9.101
Annual,Renewable energy - transport,Percentage,Bulgaria,2021-01-01,7.613
Annual,Renewable energy - transport,Percentage,Bulgaria,2022-01-01,7.662
Annual,Renewable energy - transport,Percentage,Bulgaria,2023-01-01,8.089
Annual,Renewable energy - transport,Percentage,Bulgaria,2024-01-01,8.197
Annual,Renewable energy - transport,Percentage,Czechia,2004-01-01,1.203
Annual,Renewable energy - transport,Percentage,Czechia,2005-01-01,1.099
Annual,Renewable energy - transport,Percentage,Czechia,2006-01-01,1.073
Annual,Renewable energy - transport,Percentage,Czechia,2007-01-01,1.048
Annual,Renewable energy - transport,Percentage,Czechia,2008-01-01,2.843
Annual,Renewable energy - transport,Percentage,Czechia,2009-01-01,4.312
Annual,Renewable energy - transport,Percentage,Czechia,2010-01-01,5.22
Annual,Renewable energy - transport,Percentage,Czechia,2011-01-01,1.285
Annual,Renewable energy - transport,Percentage,Czechia,2012-01-01,6.249
Annual,Renewable energy - transport,Percentage,Czechia,2013-01-01,6.445
Annual,Renewable energy - transport,Percentage,Czechia,2014-01-01,6.997
Annual,Renewable energy - transport,Percentage,Czechia,2015-01-01,6.537
Annual,Renewable energy - transport,Percentage,Czechia,2016-01-01,6.496
Annual,Renewable energy - transport,Percentage,Czechia,2017-01-01,6.616
Annual,Renewable energy - transport,Percentage,Czechia,2018-01-01,6.556
Annual,Renewable energy - transport,Percentage,Czechia,2019-01-01,7.841
Annual,Renewable energy - transport,Percentage,Czechia,2020-01-01,9.383
Annual,Renewable energy - transport,Percentage,Czechia,2021-01-01,6.74
Annual,Renewable energy - transport,Percentage,Czechia,2022-01-01,6.24
Annual,Renewable energy - transport,Percentage,Czechia,2023-01-01,5.653
Annual,Renewable energy - transport,Percentage,Czechia,2024-01-01,5.743
Annual,Renewable energy - transport,Percentage,Denmark,2004-01-01,0.445
Annual,Renewable energy - transport,Percentage,Denmark,2005-01-01,0.443
Annual,Renewable energy - transport,Percentage,Denmark,2006-01-01,0.521
Annual,Renewable energy - transport,Percentage,Denmark,2007-01-01,0.535
Annual,Renewable energy - transport,Percentage,Denmark,2008-01-01,0.54
Annual,Renewable energy - transport,Percentage,Denmark,2009-01-01,0.693
Annual,Renewable energy - transport,Percentage,Denmark,2010-01-01,1.15
Annual,Renewable energy - transport,Percentage,Denmark,2011-01-01,3.609
Annual,Renewable energy - transport,Percentage,Denmark,2012-01-01,6.278
Annual,Renewable energy - transport,Percentage,Denmark,2013-01-01,6.456
Annual,Renewable energy - transport,Percentage,Denmark,2014-01-01,6.556
Annual,Renewable energy - transport,Percentage,Denmark,2015-01-01,6.432
Annual,Renewable energy - transport,Percentage,Denmark,2016-01-01,6.732
Annual,Renewable energy - transport,Percentage,Denmark,2017-01-01,6.935
Annual,Renewable energy - transport,Percentage,Denmark,2018-01-01,6.92
Annual,Renewable energy - transport,Percentage,Denmark,2019-01-01,7.11
Annual,Renewable energy - transport,Percentage,Denmark,2020-01-01,9.701
Annual,Renewable energy - transport,Percentage,Denmark,2021-01-01,10.062
Annual,Renewable energy - transport,Percentage,Denmark,2022-01-01,9.976
Annual,Renewable energy - transport,Percentage,Denmark,2023-01-01,11.133
Annual,Renewable energy - transport,Percentage,Denmark,2024-01-01,14.12
Annual,Renewable energy - transport,Percentage,Germany,2004-01-01,2.136
Annual,Renewable energy - transport,Percentage,Germany,2005-01-01,3.953
Annual,Renewable energy - transport,Percentage,Germany,2006-01-01,6.701
Annual,Renewable energy - transport,Percentage,Germany,2007-01-01,7.532
Annual,Renewable energy - transport,Percentage,Germany,2008-01-01,6.316
Annual,Renewable energy - transport,Percentage,Germany,2009-01-01,5.877
Annual,Renewable energy - transport,Percentage,Germany,2010-01-01,6.413
Annual,Renewable energy - transport,Percentage,Germany,2011-01-01,6.461
Annual,Renewable energy - transport,Percentage,Germany,2012-01-01,7.322
Annual,Renewable energy - transport,Percentage,Germany,2013-01-01,7.299
Annual,Renewable energy - transport,Percentage,Germany,2014-01-01,6.9
Annual,Renewable energy - transport,Percentage,Germany,2015-01-01,6.569
Annual,Renewable energy - transport,Percentage,Germany,2016-01-01,7.013
Annual,Renewable energy - transport,Percentage,Germany,2017-01-01,7.028
Annual,Renewable energy - transport,Percentage,Germany,2018-01-01,7.941
Annual,Renewable energy - transport,Percentage,Germany,2019-01-01,7.63
Annual,Renewable energy - transport,Percentage,Germany,2020-01-01,10.008
Annual,Renewable energy - transport,Percentage,Germany,2021-01-01,8.104
Annual,Renewable energy - transport,Percentage,Germany,2022-01-01,10.07
Annual,Renewable energy - transport,Percentage,Germany,2023-01-01,12.257
Annual,Renewable energy - transport,Percentage,Germany,2024-01-01,12.367
Annual,Renewable energy - transport,Percentage,Estonia,2004-01-01,0.2
Annual,Renewable energy - transport,Percentage,Estonia,2005-01-01,0.235
Annual,Renewable energy - transport,Percentage,Estonia,2006-01-01,0.184
Annual,Renewable energy - transport,Percentage,Estonia,2007-01-01,0.168
Annual,Renewable energy - transport,Percentage,Estonia,2008-01-01,0.185
Annual,Renewable energy - transport,Percentage,Estonia,2009-01-01,0.438
Annual,Renewable energy - transport,Percentage,Estonia,2010-01-01,0.433
Annual,Renewable energy - transport,Percentage,Estonia,2011-01-01,0.445
Annual,Renewable energy - transport,Percentage,Estonia,2012-01-01,0.451
Annual,Renewable energy - transport,Percentage,Estonia,2013-01-01,0.448
Annual,Renewable energy - transport,Percentage,Estonia,2014-01-01,0.418
Annual,Renewable energy - transport,Percentage,Estonia,2015-01-01,0.413
Annual,Renewable energy - transport,Percentage,Estonia,2016-01-01,0.431
Annual,Renewable energy - transport,Percentage,Estonia,2017-01-01,0.417
Annual,Renewable energy - transport,Percentage,Estonia,2018-01-01,3.315
Annual,Renewable energy - transport,Percentage,Estonia,2019-01-01,6.243
Annual,Renewable energy - transport,Percentage,Estonia,2020-01-01,12.165
Annual,Renewable energy - transport,Percentage,Estonia,2021-01-01,11.187
Annual,Renewable energy - transport,Percentage,Estonia,2022-01-01,8.531
Annual,Renewable energy - transport,Percentage,Estonia,2023-01-01,9.065
Annual,Renewable energy - transport,Percentage,Estonia,2024-01-01,7.707
Annual,Renewable energy - transport,Percentage,Ireland,2004-01-01,0.044
Annual,Renewable energy - transport,Percentage,Ireland,2005-01-01,0.075
Annual,Renewable energy - transport,Percentage,Ireland,2006-01-01,0.102
Annual,Renewable energy - transport,Percentage,Ireland,2007-01-01,0.503
Annual,Renewable energy - transport,Percentage,Ireland,2008-01-01,1.305
Annual,Renewable energy - transport,Percentage,Ireland,2009-01-01,1.962
Annual,Renewable energy - transport,Percentage,Ireland,2010-01-01,2.491
Annual,Renewable energy - transport,Percentage,Ireland,2011-01-01,3.844
Annual,Renewable energy - transport,Percentage,Ireland,2012-01-01,4.044
Annual,Renewable energy - transport,Percentage,Ireland,2013-01-01,4.898
Annual,Renewable energy - transport,Percentage,Ireland,2014-01-01,5.204
Annual,Renewable energy - transport,Percentage,Ireland,2015-01-01,5.942
Annual,Renewable energy - transport,Percentage,Ireland,2016-01-01,5.159
Annual,Renewable energy - transport,Percentage,Ireland,2017-01-01,7.442
Annual,Renewable energy - transport,Percentage,Ireland,2018-01-01,7.186
Annual,Renewable energy - transport,Percentage,Ireland,2019-01-01,8.917
Annual,Renewable energy - transport,Percentage,Ireland,2020-01-01,10.187
Annual,Renewable energy - transport,Percentage,Ireland,2021-01-01,4.646
Annual,Renewable energy - transport,Percentage,Ireland,2022-01-01,5.825
Annual,Renewable energy - transport,Percentage,Ireland,2023-01-01,7.593
Annual,Renewable energy - transport,Percentage,Ireland,2024-01-01,8.657
Annual,Renewable energy - transport,Percentage,Greece,2004-01-01,0.087
Annual,Renewable energy - transport,Percentage,Greece,2005-01-01,0.059
Annual,Renewable energy - transport,Percentage,Greece,2006-01-01,0.735
Annual,Renewable energy - transport,Percentage,Greece,2007-01-01,1.269
Annual,Renewable energy - transport,Percentage,Greece,2008-01-01,1.062
Annual,Renewable energy - transport,Percentage,Greece,2009-01-01,1.102
Annual,Renewable energy - transport,Percentage,Greece,2010-01-01,1.915
Annual,Renewable energy - transport,Percentage,Greece,2011-01-01,0.6
Annual,Renewable energy - transport,Percentage,Greece,2012-01-01,0.903
Annual,Renewable energy - transport,Percentage,Greece,2013-01-01,0.98
Annual,Renewable energy - transport,Percentage,Greece,2014-01-01,1.326
Annual,Renewable energy - transport,Percentage,Greece,2015-01-01,1.1
Annual,Renewable energy - transport,Percentage,Greece,2016-01-01,1.624
Annual,Renewable energy - transport,Percentage,Greece,2017-01-01,4.001
Annual,Renewable energy - transport,Percentage,Greece,2018-01-01,4.108
Annual,Renewable energy - transport,Percentage,Greece,2019-01-01,4.049
Annual,Renewable energy - transport,Percentage,Greece,2020-01-01,5.341
Annual,Renewable energy - transport,Percentage,Greece,2021-01-01,4.414
Annual,Renewable energy - transport,Percentage,Greece,2022-01-01,4.083
Annual,Renewable energy - transport,Percentage,Greece,2023-01-01,3.942
Annual,Renewable energy - transport,Percentage,Greece,2024-01-01,3.872
Annual,Renewable energy - transport,Percentage,Spain,2004-01-01,1.035
Annual,Renewable energy - transport,Percentage,Spain,2005-01-01,1.267
Annual,Renewable energy - transport,Percentage,Spain,2006-01-01,0.837
Annual,Renewable energy - transport,Percentage,Spain,2007-01-01,1.375
Annual,Renewable energy - transport,Percentage,Spain,2008-01-01,2.165
Annual,Renewable energy - transport,Percentage,Spain,2009-01-01,3.71
Annual,Renewable energy - transport,Percentage,Spain,2010-01-01,5.018
Annual,Renewable energy - transport,Percentage,Spain,2011-01-01,0.767
Annual,Renewable energy - transport,Percentage,Spain,2012-01-01,0.869
Annual,Renewable energy - transport,Percentage,Spain,2013-01-01,0.95
Annual,Renewable energy - transport,Percentage,Spain,2014-01-01,1.024
Annual,Renewable energy - transport,Percentage,Spain,2015-01-01,1.088
Annual,Renewable energy - transport,Percentage,Spain,2016-01-01,5.167
Annual,Renewable energy - transport,Percentage,Spain,2017-01-01,5.798
Annual,Renewable energy - transport,Percentage,Spain,2018-01-01,6.938
Annual,Renewable energy - transport,Percentage,Spain,2019-01-01,7.61
Annual,Renewable energy - transport,Percentage,Spain,2020-01-01,9.528
Annual,Renewable energy - transport,Percentage,Spain,2021-01-01,9.207
Annual,Renewable energy - transport,Percentage,Spain,2022-01-01,9.683
Annual,Renewable energy - transport,Percentage,Spain,2023-01-01,11.96
Annual,Renewable energy - transport,Percentage,Spain,2024-01-01,11.298
Annual,Renewable energy - transport,Percentage,France,2004-01-01,0.783
Annual,Renewable energy - transport,Percentage,France,2005-01-01,0.784
Annual,Renewable energy - transport,Percentage,France,2006-01-01,0.792
Annual,Renewable energy - transport,Percentage,France,2007-01-01,0.828
Annual,Renewable energy - transport,Percentage,France,2008-01-01,6.245
Annual,Renewable energy - transport,Percentage,France,2009-01-01,6.649
Annual,Renewable energy - transport,Percentage,France,2010-01-01,6.577
Annual,Renewable energy - transport,Percentage,France,2011-01-01,0.987
Annual,Renewable energy - transport,Percentage,France,2012-01-01,7.414
Annual,Renewable energy - transport,Percentage,France,2013-01-01,7.6
Annual,Renewable energy - transport,Percentage,France,2014-01-01,8.249
Annual,Renewable energy - transport,Percentage,France,2015-01-01,8.366
Annual,Renewable energy - transport,Percentage,France,2016-01-01,8.405
Annual,Renewable energy - transport,Percentage,France,2017-01-01,8.765
Annual,Renewable energy - transport,Percentage,France,2018-01-01,8.963
Annual,Renewable energy - transport,Percentage,France,2019-01-01,9.248
Annual,Renewable energy - transport,Percentage,France,2020-01-01,9.207
Annual,Renewable energy - transport,Percentage,France,2021-01-01,8.114
Annual,Renewable energy - transport,Percentage,France,2022-01-01,8.941
Annual,Renewable energy - transport,Percentage,France,2023-01-01,9.944
Annual,Renewable energy - transport,Percentage,France,2024-01-01,10.788
Annual,Renewable energy - transport,Percentage,Croatia,2004-01-01,0.995
Annual,Renewable energy - transport,Percentage,Croatia,2005-01-01,1.025
Annual,Renewable energy - transport,Percentage,Croatia,2006-01-01,1.005
Annual,Renewable energy - transport,Percentage,Croatia,2007-01-01,1.121
Annual,Renewable energy - transport,Percentage,Croatia,2008-01-01,1.072
Annual,Renewable energy - transport,Percentage,Croatia,2009-01-01,1.291
Annual,Renewable energy - transport,Percentage,Croatia,2010-01-01,1.123
Annual,Renewable energy - transport,Percentage,Croatia,2011-01-01,1.029
Annual,Renewable energy - transport,Percentage,Croatia,2012-01-01,1.049
Annual,Renewable energy - transport,Percentage,Croatia,2013-01-01,2.715
Annual,Renewable energy - transport,Percentage,Croatia,2014-01-01,2.652
Annual,Renewable energy - transport,Percentage,Croatia,2015-01-01,2.361
Annual,Renewable energy - transport,Percentage,Croatia,2016-01-01,1.218
Annual,Renewable energy - transport,Percentage,Croatia,2017-01-01,1.174
Annual,Renewable energy - transport,Percentage,Croatia,2018-01-01,2.582
Annual,Renewable energy - transport,Percentage,Croatia,2019-01-01,5.855
Annual,Renewable energy - transport,Percentage,Croatia,2020-01-01,6.593
Annual,Renewable energy - transport,Percentage,Croatia,2021-01-01,6.985
Annual,Renewable energy - transport,Percentage,Croatia,2022-01-01,2.395
Annual,Renewable energy - transport,Percentage,Croatia,2023-01-01,0.919
Annual,Renewable energy - transport,Percentage,Croatia,2024-01-01,0.936
Annual,Renewable energy - transport,Percentage,Italy,2004-01-01,1.213
Annual,Renewable energy - transport,Percentage,Italy,2005-01-01,1.048
Annual,Renewable energy - transport,Percentage,Italy,2006-01-01,0.995
Annual,Renewable energy - transport,Percentage,Italy,2007-01-01,0.964
Annual,Renewable energy - transport,Percentage,Italy,2008-01-01,2.616
Annual,Renewable energy - transport,Percentage,Italy,2009-01-01,3.999
Annual,Renewable energy - transport,Percentage,Italy,2010-01-01,4.916
Annual,Renewable energy - transport,Percentage,Italy,2011-01-01,5.06
Annual,Renewable energy - transport,Percentage,Italy,2012-01-01,6.155
Annual,Renewable energy - transport,Percentage,Italy,2013-01-01,5.411
Annual,Renewable energy - transport,Percentage,Italy,2014-01-01,5.02
Annual,Renewable energy - transport,Percentage,Italy,2015-01-01,6.505
Annual,Renewable energy - transport,Percentage,Italy,2016-01-01,7.414
Annual,Renewable energy - transport,Percentage,Italy,2017-01-01,6.484
Annual,Renewable energy - transport,Percentage,Italy,2018-01-01,7.659
Annual,Renewable energy - transport,Percentage,Italy,2019-01-01,9.047
Annual,Renewable energy - transport,Percentage,Italy,2020-01-01,10.736
Annual,Renewable energy - transport,Percentage,Italy,2021-01-01,9.87
Annual,Renewable energy - transport,Percentage,Italy,2022-01-01,10.048
Annual,Renewable energy - transport,Percentage,Italy,2023-01-01,10.435
Annual,Renewable energy - transport,Percentage,Italy,2024-01-01,9.951
Annual,Renewable energy - transport,Percentage,Cyprus,2004-01-01,0.0
Annual,Renewable energy - transport,Percentage,Cyprus,2005-01-01,0.0
Annual,Renewable energy - transport,Percentage,Cyprus,2006-01-01,0.0
Annual,Renewable energy - transport,Percentage,Cyprus,2007-01-01,0.0
Annual,Renewable energy - transport,Percentage,Cyprus,2008-01-01,1.921
Annual,Renewable energy - transport,Percentage,Cyprus,2009-01-01,2.036
Annual,Renewable energy - transport,Percentage,Cyprus,2010-01-01,1.994
Annual,Renewable energy - transport,Percentage,Cyprus,2011-01-01,0.0
Annual,Renewable energy - transport,Percentage,Cyprus,2012-01-01,0.0
Annual,Renewable energy - transport,Percentage,Cyprus,2013-01-01,1.127
Annual,Renewable energy - transport,Percentage,Cyprus,2014-01-01,2.68
Annual,Renewable energy - transport,Percentage,Cyprus,2015-01-01,2.521
Annual,Renewable energy - transport,Percentage,Cyprus,2016-01-01,2.671
Annual,Renewable energy - transport,Percentage,Cyprus,2017-01-01,2.561
Annual,Renewable energy - transport,Percentage,Cyprus,2018-01-01,2.661
Annual,Renewable energy - transport,Percentage,Cyprus,2019-01-01,3.316
Annual,Renewable energy - transport,Percentage,Cyprus,2020-01-01,7.401
Annual,Renewable energy - transport,Percentage,Cyprus,2021-01-01,7.189
Annual,Renewable energy - transport,Percentage,Cyprus,2022-01-01,7.228
Annual,Renewable energy - transport,Percentage,Cyprus,2023-01-01,7.285
Annual,Renewable energy - transport,Percentage,Cyprus,2024-01-01,7.389
Annual,Renewable energy - transport,Percentage,Latvia,2004-01-01,2.139
Annual,Renewable energy - transport,Percentage,Latvia,2005-01-01,2.389
Annual,Renewable energy - transport,Percentage,Latvia,2006-01-01,2.165
Annual,Renewable energy - transport,Percentage,Latvia,2007-01-01,1.666
Annual,Renewable energy - transport,Percentage,Latvia,2008-01-01,1.688
Annual,Renewable energy - transport,Percentage,Latvia,2009-01-01,1.888
Annual,Renewable energy - transport,Percentage,Latvia,2010-01-01,3.978
Annual,Renewable energy - transport,Percentage,Latvia,2011-01-01,4.09
Annual,Renewable energy - transport,Percentage,Latvia,2012-01-01,3.995
Annual,Renewable energy - transport,Percentage,Latvia,2013-01-01,4.029
Annual,Renewable energy - transport,Percentage,Latvia,2014-01-01,4.075
Annual,Renewable energy - transport,Percentage,Latvia,2015-01-01,3.639
Annual,Renewable energy - transport,Percentage,Latvia,2016-01-01,2.449
Annual,Renewable energy - transport,Percentage,Latvia,2017-01-01,2.27
Annual,Renewable energy - transport,Percentage,Latvia,2018-01-01,4.729
Annual,Renewable energy - transport,Percentage,Latvia,2019-01-01,4.554
Annual,Renewable energy - transport,Percentage,Latvia,2020-01-01,6.733
Annual,Renewable energy - transport,Percentage,Latvia,2021-01-01,6.436
Annual,Renewable energy - transport,Percentage,Latvia,2022-01-01,3.123
Annual,Renewable energy - transport,Percentage,Latvia,2023-01-01,1.358
Annual,Renewable energy - transport,Percentage,Latvia,2024-01-01,8.78
Annual,Renewable energy - transport,Percentage,Lithuania,2004-01-01,0.446
Annual,Renewable energy - transport,Percentage,Lithuania,2005-01-01,0.657
Annual,Renewable energy - transport,Percentage,Lithuania,2006-01-01,1.905
Annual,Renewable energy - transport,Percentage,Lithuania,2007-01-01,3.821
Annual,Renewable energy - transport,Percentage,Lithuania,2008-01-01,4.318
Annual,Renewable energy - transport,Percentage,Lithuania,2009-01-01,4.481
Annual,Renewable energy - transport,Percentage,Lithuania,2010-01-01,3.794
Annual,Renewable energy - transport,Percentage,Lithuania,2011-01-01,3.828
Annual,Renewable energy - transport,Percentage,Lithuania,2012-01-01,4.973
Annual,Renewable energy - transport,Percentage,Lithuania,2013-01-01,4.835
Annual,Renewable energy - transport,Percentage,Lithuania,2014-01-01,4.355
Annual,Renewable energy - transport,Percentage,Lithuania,2015-01-01,4.582
Annual,Renewable energy - transport,Percentage,Lithuania,2016-01-01,3.649
Annual,Renewable energy - transport,Percentage,Lithuania,2017-01-01,4.3
Annual,Renewable energy - transport,Percentage,Lithuania,2018-01-01,4.333
Annual,Renewable energy - transport,Percentage,Lithuania,2019-01-01,4.049
Annual,Renewable energy - transport,Percentage,Lithuania,2020-01-01,5.511
Annual,Renewable energy - transport,Percentage,Lithuania,2021-01-01,6.467
Annual,Renewable energy - transport,Percentage,Lithuania,2022-01-01,6.682
Annual,Renewable energy - transport,Percentage,Lithuania,2023-01-01,7.231
Annual,Renewable energy - transport,Percentage,Lithuania,2024-01-01,8.983
Annual,Renewable energy - transport,Percentage,Luxembourg,2004-01-01,0.138
Annual,Renewable energy - transport,Percentage,Luxembourg,2005-01-01,0.159
Annual,Renewable energy - transport,Percentage,Luxembourg,2006-01-01,0.189
Annual,Renewable energy - transport,Percentage,Luxembourg,2007-01-01,2.203
Annual,Renewable energy - transport,Percentage,Luxembourg,2008-01-01,2.173
Annual,Renewable energy - transport,Percentage,Luxembourg,2009-01-01,2.233
Annual,Renewable energy - transport,Percentage,Luxembourg,2010-01-01,2.093
Annual,Renewable energy - transport,Percentage,Luxembourg,2011-01-01,2.36
Annual,Renewable energy - transport,Percentage,Luxembourg,2012-01-01,2.827
Annual,Renewable energy - transport,Percentage,Luxembourg,2013-01-01,4.074
Annual,Renewable energy - transport,Percentage,Luxembourg,2014-01-01,5.55
Annual,Renewable energy - transport,Percentage,Luxembourg,2015-01-01,6.7
Annual,Renewable energy - transport,Percentage,Luxembourg,2016-01-01,5.965
Annual,Renewable energy - transport,Percentage,Luxembourg,2017-01-01,6.478
Annual,Renewable energy - transport,Percentage,Luxembourg,2018-01-01,6.596
Annual,Renewable energy - transport,Percentage,Luxembourg,2019-01-01,7.707
Annual,Renewable energy - transport,Percentage,Luxembourg,2020-01-01,12.581
Annual,Renewable energy - transport,Percentage,Luxembourg,2021-01-01,7.968
Annual,Renewable energy - transport,Percentage,Luxembourg,2022-01-01,8.71
Annual,Renewable energy - transport,Percentage,Luxembourg,2023-01-01,9.118
Annual,Renewable energy - transport,Percentage,Luxembourg,2024-01-01,9.456
Annual,Renewable energy - transport,Percentage,Hungary,2004-01-01,1.016
Annual,Renewable energy - transport,Percentage,Hungary,2005-01-01,1.006
Annual,Renewable energy - transport,Percentage,Hungary,2006-01-01,1.217
Annual,Renewable energy - transport,Percentage,Hungary,2007-01-01,1.633
Annual,Renewable energy - transport,Percentage,Hungary,2008-01-01,5.183
Annual,Renewable energy - transport,Percentage,Hungary,2009-01-01,5.887
Annual,Renewable energy - transport,Percentage,Hungary,2010-01-01,6.163
Annual,Renewable energy - transport,Percentage,Hungary,2011-01-01,6.174
Annual,Renewable energy - transport,Percentage,Hungary,2012-01-01,5.998
Annual,Renewable energy - transport,Percentage,Hungary,2013-01-01,6.341
Annual,Renewable energy - transport,Percentage,Hungary,2014-01-01,7.001
Annual,Renewable energy - transport,Percentage,Hungary,2015-01-01,7.169
Annual,Renewable energy - transport,Percentage,Hungary,2016-01-01,7.768
Annual,Renewable energy - transport,Percentage,Hungary,2017-01-01,7.731
Annual,Renewable energy - transport,Percentage,Hungary,2018-01-01,7.746
Annual,Renewable energy - transport,Percentage,Hungary,2019-01-01,8.057
Annual,Renewable energy - transport,Percentage,Hungary,2020-01-01,11.571
Annual,Renewable energy - transport,Percentage,Hungary,2021-01-01,6.165
Annual,Renewable energy - transport,Percentage,Hungary,2022-01-01,7.77
Annual,Renewable energy - transport,Percentage,Hungary,2023-01-01,7.575
Annual,Renewable energy - transport,Percentage,Hungary,2024-01-01,7.918
Annual,Renewable energy - transport,Percentage,Malta,2004-01-01,0.0
Annual,Renewable energy - transport,Percentage,Malta,2005-01-01,0.0
Annual,Renewable energy - transport,Percentage,Malta,2006-01-01,0.0
Annual,Renewable energy - transport,Percentage,Malta,2007-01-01,0.0
Annual,Renewable energy - transport,Percentage,Malta,2008-01-01,0.0
Annual,Renewable energy - transport,Percentage,Malta,2009-01-01,0.0
Annual,Renewable energy - transport,Percentage,Malta,2010-01-01,0.0
Annual,Renewable energy - transport,Percentage,Malta,2011-01-01,2.016
Annual,Renewable energy - transport,Percentage,Malta,2012-01-01,3.216
Annual,Renewable energy - transport,Percentage,Malta,2013-01-01,3.484
Annual,Renewable energy - transport,Percentage,Malta,2014-01-01,4.667
Annual,Renewable energy - transport,Percentage,Malta,2015-01-01,4.679
Annual,Renewable energy - transport,Percentage,Malta,2016-01-01,5.269
Annual,Renewable energy - transport,Percentage,Malta,2017-01-01,6.826
Annual,Renewable energy - transport,Percentage,Malta,2018-01-01,8.019
Annual,Renewable energy - transport,Percentage,Malta,2019-01-01,8.902
Annual,Renewable energy - transport,Percentage,Malta,2020-01-01,10.586
Annual,Renewable energy - transport,Percentage,Malta,2021-01-01,10.516
Annual,Renewable energy - transport,Percentage,Malta,2022-01-01,10.473
Annual,Renewable energy - transport,Percentage,Malta,2023-01-01,10.748
Annual,Renewable energy - transport,Percentage,Malta,2024-01-01,11.351
Annual,Renewable energy - transport,Percentage,Netherlands,2004-01-01,0.515
Annual,Renewable energy - transport,Percentage,Netherlands,2005-01-01,0.499
Annual,Renewable energy - transport,Percentage,Netherlands,2006-01-01,0.85
Annual,Renewable energy - transport,Percentage,Netherlands,2007-01-01,3.182
Annual,Renewable energy - transport,Percentage,Netherlands,2008-01-01,2.981
Annual,Renewable energy - transport,Percentage,Netherlands,2009-01-01,4.57
Annual,Renewable energy - transport,Percentage,Netherlands,2010-01-01,3.397
Annual,Renewable energy - transport,Percentage,Netherlands,2011-01-01,5.068
Annual,Renewable energy - transport,Percentage,Netherlands,2012-01-01,5.217
Annual,Renewable energy - transport,Percentage,Netherlands,2013-01-01,5.343
Annual,Renewable energy - transport,Percentage,Netherlands,2014-01-01,6.562
Annual,Renewable energy - transport,Percentage,Netherlands,2015-01-01,5.597
Annual,Renewable energy - transport,Percentage,Netherlands,2016-01-01,4.761
Annual,Renewable energy - transport,Percentage,Netherlands,2017-01-01,5.842
Annual,Renewable energy - transport,Percentage,Netherlands,2018-01-01,9.483
Annual,Renewable energy - transport,Percentage,Netherlands,2019-01-01,12.326
Annual,Renewable energy - transport,Percentage,Netherlands,2020-01-01,12.631
Annual,Renewable energy - transport,Percentage,Netherlands,2021-01-01,9.279
Annual,Renewable energy - transport,Percentage,Netherlands,2022-01-01,11.163
Annual,Renewable energy - transport,Percentage,Netherlands,2023-01-01,13.51
Annual,Renewable energy - transport,Percentage,Netherlands,2024-01-01,19.746
Annual,Renewable energy - transport,Percentage,Austria,2004-01-01,4.532
Annual,Renewable energy - transport,Percentage,Austria,2005-01-01,5.07
Annual,Renewable energy - transport,Percentage,Austria,2006-01-01,7.532
Annual,Renewable energy - transport,Percentage,Austria,2007-01-01,8.241
Annual,Renewable energy - transport,Percentage,Austria,2008-01-01,9.56
Annual,Renewable energy - transport,Percentage,Austria,2009-01-01,11.175
Annual,Renewable energy - transport,Percentage,Austria,2010-01-01,10.705
Annual,Renewable energy - transport,Percentage,Austria,2011-01-01,10.077
Annual,Renewable energy - transport,Percentage,Austria,2012-01-01,10.031
Annual,Renewable energy - transport,Percentage,Austria,2013-01-01,9.695
Annual,Renewable energy - transport,Percentage,Austria,2014-01-01,10.983
Annual,Renewable energy - transport,Percentage,Austria,2015-01-01,11.409
Annual,Renewable energy - transport,Percentage,Austria,2016-01-01,10.583
Annual,Renewable energy - transport,Percentage,Austria,2017-01-01,9.703
Annual,Renewable energy - transport,Percentage,Austria,2018-01-01,9.931
Annual,Renewable energy - transport,Percentage,Austria,2019-01-01,10.051
Annual,Renewable energy - transport,Percentage,Austria,2020-01-01,10.283
Annual,Renewable energy - transport,Percentage,Austria,2021-01-01,9.648
Annual,Renewable energy - transport,Percentage,Austria,2022-01-01,10.751
Annual,Renewable energy - transport,Percentage,Austria,2023-01-01,13.576
Annual,Renewable energy - transport,Percentage,Austria,2024-01-01,14.591
Annual,Renewable energy - transport,Percentage,Poland,2004-01-01,1.581
Annual,Renewable energy - transport,Percentage,Poland,2005-01-01,1.746
Annual,Renewable energy - transport,Percentage,Poland,2006-01-01,1.817
Annual,Renewable energy - transport,Percentage,Poland,2007-01-01,1.746
Annual,Renewable energy - transport,Percentage,Poland,2008-01-01,4.143
Annual,Renewable energy - transport,Percentage,Poland,2009-01-01,5.408
Annual,Renewable energy - transport,Percentage,Poland,2010-01-01,6.64
Annual,Renewable energy - transport,Percentage,Poland,2011-01-01,6.918
Annual,Renewable energy - transport,Percentage,Poland,2012-01-01,6.533
Annual,Renewable energy - transport,Percentage,Poland,2013-01-01,6.666
Annual,Renewable energy - transport,Percentage,Poland,2014-01-01,6.319
Annual,Renewable energy - transport,Percentage,Poland,2015-01-01,5.686
Annual,Renewable energy - transport,Percentage,Poland,2016-01-01,3.974
Annual,Renewable energy - transport,Percentage,Poland,2017-01-01,4.232
Annual,Renewable energy - transport,Percentage,Poland,2018-01-01,5.72
Annual,Renewable energy - transport,Percentage,Poland,2019-01-01,6.2
Annual,Renewable energy - transport,Percentage,Poland,2020-01-01,6.575
Annual,Renewable energy - transport,Percentage,Poland,2021-01-01,5.674
Annual,Renewable energy - transport,Percentage,Poland,2022-01-01,5.791
Annual,Renewable energy - transport,Percentage,Poland,2023-01-01,6.339
Annual,Renewable energy - transport,Percentage,Poland,2024-01-01,6.033
Annual,Renewable energy - transport,Percentage,Portugal,2004-01-01,0.424
Annual,Renewable energy - transport,Percentage,Portugal,2005-01-01,0.45
Annual,Renewable energy - transport,Percentage,Portugal,2006-01-01,1.631
Annual,Renewable energy - transport,Percentage,Portugal,2007-01-01,2.433
Annual,Renewable energy - transport,Percentage,Portugal,2008-01-01,2.515
Annual,Renewable energy - transport,Percentage,Portugal,2009-01-01,3.885
Annual,Renewable energy - transport,Percentage,Portugal,2010-01-01,5.548
Annual,Renewable energy - transport,Percentage,Portugal,2011-01-01,0.695
Annual,Renewable energy - transport,Percentage,Portugal,2012-01-01,0.807
Annual,Renewable energy - transport,Percentage,Portugal,2013-01-01,0.925
Annual,Renewable energy - transport,Percentage,Portugal,2014-01-01,3.667
Annual,Renewable energy - transport,Percentage,Portugal,2015-01-01,7.431
Annual,Renewable energy - transport,Percentage,Portugal,2016-01-01,7.647
Annual,Renewable energy - transport,Percentage,Portugal,2017-01-01,7.914
Annual,Renewable energy - transport,Percentage,Portugal,2018-01-01,9.037
Annual,Renewable energy - transport,Percentage,Portugal,2019-01-01,9.089
Annual,Renewable energy - transport,Percentage,Portugal,2020-01-01,9.701
Annual,Renewable energy - transport,Percentage,Portugal,2021-01-01,8.611
Annual,Renewable energy - transport,Percentage,Portugal,2022-01-01,8.706
Annual,Renewable energy - transport,Percentage,Portugal,2023-01-01,11.162
Annual,Renewable energy - transport,Percentage,Portugal,2024-01-01,14.329
Annual,Renewable energy - transport,Percentage,Romania,2004-01-01,1.819
Annual,Renewable energy - transport,Percentage,Romania,2005-01-01,1.872
Annual,Renewable energy - transport,Percentage,Romania,2006-01-01,1.538
Annual,Renewable energy - transport,Percentage,Romania,2007-01-01,1.641
Annual,Renewable energy - transport,Percentage,Romania,2008-01-01,1.345
Annual,Renewable energy - transport,Percentage,Romania,2009-01-01,1.297
Annual,Renewable energy - transport,Percentage,Romania,2010-01-01,1.366
Annual,Renewable energy - transport,Percentage,Romania,2011-01-01,5.535
Annual,Renewable energy - transport,Percentage,Romania,2012-01-01,4.962
Annual,Renewable energy - transport,Percentage,Romania,2013-01-01,5.445
Annual,Renewable energy - transport,Percentage,Romania,2014-01-01,4.675
Annual,Renewable energy - transport,Percentage,Romania,2015-01-01,5.488
Annual,Renewable energy - transport,Percentage,Romania,2016-01-01,6.169
Annual,Renewable energy - transport,Percentage,Romania,2017-01-01,6.558
Annual,Renewable energy - transport,Percentage,Romania,2018-01-01,6.342
Annual,Renewable energy - transport,Percentage,Romania,2019-01-01,7.846
Annual,Renewable energy - transport,Percentage,Romania,2020-01-01,8.54
Annual,Renewable energy - transport,Percentage,Romania,2021-01-01,8.917
Annual,Renewable energy - transport,Percentage,Romania,2022-01-01,8.924
Annual,Renewable energy - transport,Percentage,Romania,2023-01-01,8.39
Annual,Renewable energy - transport,Percentage,Romania,2024-01-01,8.395
Annual,Renewable energy - transport,Percentage,Slovenia,2004-01-01,0.85
Annual,Renewable energy - transport,Percentage,Slovenia,2005-01-01,0.831
Annual,Renewable energy - transport,Percentage,Slovenia,2006-01-01,1.056
Annual,Renewable energy - transport,Percentage,Slovenia,2007-01-01,1.473
Annual,Renewable energy - transport,Percentage,Slovenia,2008-01-01,1.773
Annual,Renewable energy - transport,Percentage,Slovenia,2009-01-01,2.251
Annual,Renewable energy - transport,Percentage,Slovenia,2010-01-01,3.118
Annual,Renewable energy - transport,Percentage,Slovenia,2011-01-01,2.477
Annual,Renewable energy - transport,Percentage,Slovenia,2012-01-01,3.252
Annual,Renewable energy - transport,Percentage,Slovenia,2013-01-01,3.769
Annual,Renewable energy - transport,Percentage,Slovenia,2014-01-01,2.876
Annual,Renewable energy - transport,Percentage,Slovenia,2015-01-01,2.242
Annual,Renewable energy - transport,Percentage,Slovenia,2016-01-01,1.601
Annual,Renewable energy - transport,Percentage,Slovenia,2017-01-01,2.571
Annual,Renewable energy - transport,Percentage,Slovenia,2018-01-01,5.48
Annual,Renewable energy - transport,Percentage,Slovenia,2019-01-01,7.983
Annual,Renewable energy - transport,Percentage,Slovenia,2020-01-01,10.911
Annual,Renewable energy - transport,Percentage,Slovenia,2021-01-01,10.642
Annual,Renewable energy - transport,Percentage,Slovenia,2022-01-01,7.828
Annual,Renewable energy - transport,Percentage,Slovenia,2023-01-01,10.021
Annual,Renewable energy - transport,Percentage,Slovenia,2024-01-01,9.242
Annual,Renewable energy - transport,Percentage,Slovakia,2004-01-01,1.5
Annual,Renewable energy - transport,Percentage,Slovakia,2005-01-01,1.66
Annual,Renewable energy - transport,Percentage,Slovakia,2006-01-01,3.295
Annual,Renewable energy - transport,Percentage,Slovakia,2007-01-01,3.994
Annual,Renewable energy - transport,Percentage,Slovakia,2008-01-01,4.278
Annual,Renewable energy - transport,Percentage,Slovakia,2009-01-01,5.364
Annual,Renewable energy - transport,Percentage,Slovakia,2010-01-01,5.292
Annual,Renewable energy - transport,Percentage,Slovakia,2011-01-01,5.727
Annual,Renewable energy - transport,Percentage,Slovakia,2012-01-01,5.596
Annual,Renewable energy - transport,Percentage,Slovakia,2013-01-01,6.212
Annual,Renewable energy - transport,Percentage,Slovakia,2014-01-01,7.951
Annual,Renewable energy - transport,Percentage,Slovakia,2015-01-01,8.631
Annual,Renewable energy - transport,Percentage,Slovakia,2016-01-01,7.765
Annual,Renewable energy - transport,Percentage,Slovakia,2017-01-01,6.95
Annual,Renewable energy - transport,Percentage,Slovakia,2018-01-01,6.988
Annual,Renewable energy - transport,Percentage,Slovakia,2019-01-01,8.308
Annual,Renewable energy - transport,Percentage,Slovakia,2020-01-01,9.259
Annual,Renewable energy - transport,Percentage,Slovakia,2021-01-01,8.755
Annual,Renewable energy - transport,Percentage,Slovakia,2022-01-01,8.931
Annual,Renewable energy - transport,Percentage,Slovakia,2023-01-01,9.182
Annual,Renewable energy - transport,Percentage,Slovakia,2024-01-01,9.611
Annual,Renewable energy - transport,Percentage,Finland,2004-01-01,1.01
Annual,Renewable energy - transport,Percentage,Finland,2005-01-01,0.91
Annual,Renewable energy - transport,Percentage,Finland,2006-01-01,0.956
Annual,Renewable energy - transport,Percentage,Finland,2007-01-01,1.025
Annual,Renewable energy - transport,Percentage,Finland,2008-01-01,2.909
Annual,Renewable energy - transport,Percentage,Finland,2009-01-01,4.556
Annual,Renewable energy - transport,Percentage,Finland,2010-01-01,4.386
Annual,Renewable energy - transport,Percentage,Finland,2011-01-01,1.004
Annual,Renewable energy - transport,Percentage,Finland,2012-01-01,1.049
Annual,Renewable energy - transport,Percentage,Finland,2013-01-01,10.665
Annual,Renewable energy - transport,Percentage,Finland,2014-01-01,24.124
Annual,Renewable energy - transport,Percentage,Finland,2015-01-01,24.567
Annual,Renewable energy - transport,Percentage,Finland,2016-01-01,8.816
Annual,Renewable energy - transport,Percentage,Finland,2017-01-01,18.679
Annual,Renewable energy - transport,Percentage,Finland,2018-01-01,14.772
Annual,Renewable energy - transport,Percentage,Finland,2019-01-01,14.845
Annual,Renewable energy - transport,Percentage,Finland,2020-01-01,14.31
Annual,Renewable energy - transport,Percentage,Finland,2021-01-01,20.298
Annual,Renewable energy - transport,Percentage,Finland,2022-01-01,18.535
Annual,Renewable energy - transport,Percentage,Finland,2023-01-01,20.299
Annual,Renewable energy - transport,Percentage,Finland,2024-01-01,20.331
Annual,Renewable energy - transport,Percentage,Sweden,2004-01-01,6.288
Annual,Renewable energy - transport,Percentage,Sweden,2005-01-01,6.596
Annual,Renewable energy - transport,Percentage,Sweden,2006-01-01,7.509
Annual,Renewable energy - transport,Percentage,Sweden,2007-01-01,8.421
Annual,Renewable energy - transport,Percentage,Sweden,2008-01-01,8.693
Annual,Renewable energy - transport,Percentage,Sweden,2009-01-01,9.356
Annual,Renewable energy - transport,Percentage,Sweden,2010-01-01,9.627
Annual,Renewable energy - transport,Percentage,Sweden,2011-01-01,11.938
Annual,Renewable energy - transport,Percentage,Sweden,2012-01-01,13.777
Annual,Renewable energy - transport,Percentage,Sweden,2013-01-01,15.315
Annual,Renewable energy - transport,Percentage,Sweden,2014-01-01,18.831
Annual,Renewable energy - transport,Percentage,Sweden,2015-01-01,21.49
Annual,Renewable energy - transport,Percentage,Sweden,2016-01-01,26.56
Annual,Renewable energy - transport,Percentage,Sweden,2017-01-01,26.842
Annual,Renewable energy - transport,Percentage,Sweden,2018-01-01,29.696
Annual,Renewable energy - transport,Percentage,Sweden,2019-01-01,30.309
Annual,Renewable energy - transport,Percentage,Sweden,2020-01-01,31.854
Annual,Renewable energy - transport,Percentage,Sweden,2021-01-01,28.677
Annual,Renewable energy - transport,Percentage,Sweden,2022-01-01,28.841
Annual,Renewable energy - transport,Percentage,Sweden,2023-01-01,33.645
Annual,Renewable energy - transport,Percentage,Sweden,2024-01-01,26.399
Annual,Renewable energy - transport,Percentage,Iceland,2004-01-01,0.0
Annual,Renewable energy - transport,Percentage,Iceland,2005-01-01,0.0
Annual,Renewable energy - transport,Percentage,Iceland,2006-01-01,0.0
Annual,Renewable energy - transport,Percentage,Iceland,2007-01-01,0.072
Annual,Renewable energy - transport,Percentage,Iceland,2008-01-01,0.107
Annual,Renewable energy - transport,Percentage,Iceland,2009-01-01,0.135
Annual,Renewable energy - transport,Percentage,Iceland,2010-01-01,0.194
Annual,Renewable energy - transport,Percentage,Iceland,2011-01-01,0.872
Annual,Renewable energy - transport,Percentage,Iceland,2012-01-01,1.338
Annual,Renewable energy - transport,Percentage,Iceland,2013-01-01,2.039
Annual,Renewable energy - transport,Percentage,Iceland,2014-01-01,2.256
Annual,Renewable energy - transport,Percentage,Iceland,2015-01-01,6.095
Annual,Renewable energy - transport,Percentage,Iceland,2016-01-01,6.297
Annual,Renewable energy - transport,Percentage,Iceland,2017-01-01,6.999
Annual,Renewable energy - transport,Percentage,Iceland,2018-01-01,8.396
Annual,Renewable energy - transport,Percentage,Iceland,2019-01-01,9.292
Annual,Renewable energy - transport,Percentage,Iceland,2020-01-01,11.959
Annual,Renewable energy - transport,Percentage,Iceland,2021-01-01,12.562
Annual,Renewable energy - transport,Percentage,Iceland,2022-01-01,13.666
Annual,Renewable energy - transport,Percentage,Iceland,2023-01-01,15.7
Annual,Renewable energy - transport,Percentage,Iceland,2024-01-01,11.194
Annual,Renewable energy - transport,Percentage,Norway,2004-01-01,3.095
Annual,Renewable energy - transport,Percentage,Norway,2005-01-01,3.074
Annual,Renewable energy - transport,Percentage,Norway,2006-01-01,3.314
Annual,Renewable energy - transport,Percentage,Norway,2007-01-01,3.742
Annual,Renewable energy - transport,Percentage,Norway,2008-01-01,5.294
Annual,Renewable energy - transport,Percentage,Norway,2009-01-01,5.569
Annual,Renewable energy - transport,Percentage,Norway,2010-01-01,5.391
Annual,Renewable energy - transport,Percentage,Norway,2011-01-01,2.683
Annual,Renewable energy - transport,Percentage,Norway,2012-01-01,3.007
Annual,Renewable energy - transport,Percentage,Norway,2013-01-01,3.19
Annual,Renewable energy - transport,Percentage,Norway,2014-01-01,6.156
Annual,Renewable energy - transport,Percentage,Norway,2015-01-01,7.71
Annual,Renewable energy - transport,Percentage,Norway,2016-01-01,13.763
Annual,Renewable energy - transport,Percentage,Norway,2017-01-01,19.228
Annual,Renewable energy - transport,Percentage,Norway,2018-01-01,20.318
Annual,Renewable energy - transport,Percentage,Norway,2019-01-01,25.668
Annual,Renewable energy - transport,Percentage,Norway,2020-01-01,28.69
Annual,Renewable energy - transport,Percentage,Norway,2021-01-01,25.532
Annual,Renewable energy - transport,Percentage,Norway,2022-01-01,28.874
Annual,Renewable energy - transport,Percentage,Norway,2023-01-01,32.872
Annual,Renewable energy - transport,Percentage,Norway,2024-01-01,33.573
Annual,Renewable energy - transport,Percentage,Bosnia and Herzegovina,2014-01-01,0.456
Annual,Renewable energy - transport,Percentage,Bosnia and Herzegovina,2015-01-01,0.53
Annual,Renewable energy - transport,Percentage,Bosnia and Herzegovina,2016-01-01,0.525
Annual,Renewable energy - transport,Percentage,Bosnia and Herzegovina,2017-01-01,0.533
Annual,Renewable energy - transport,Percentage,Bosnia and Herzegovina,2018-01-01,0.439
Annual,Renewable energy - transport,Percentage,Bosnia and Herzegovina,2019-01-01,0.396
Annual,Renewable energy - transport,Percentage,Bosnia and Herzegovina,2020-01-01,0.464
Annual,Renewable energy - transport,Percentage,Bosnia and Herzegovina,2021-01-01,0.245
Annual,Renewable energy - transport,Percentage,Bosnia and Herzegovina,2022-01-01,0.311
Annual,Renewable energy - transport,Percentage,Bosnia and Herzegovina,2023-01-01,0.292
Annual,Renewable energy - transport,Percentage,Bosnia and Herzegovina,2024-01-01,0.281
Annual,Renewable energy - transport,Percentage,Montenegro,2005-01-01,0.498
Annual,Renewable energy - transport,Percentage,Montenegro,2006-01-01,0.505
Annual,Renewable energy - transport,Percentage,Montenegro,2007-01-01,0.996
Annual,Renewable energy - transport,Percentage,Montenegro,2008-01-01,0.881
Annual,Renewable energy - transport,Percentage,Montenegro,2009-01-01,0.697
Annual,Renewable energy - transport,Percentage,Montenegro,2010-01-01,0.787
Annual,Renewable energy - transport,Percentage,Montenegro,2011-01-01,0.613
Annual,Renewable energy - transport,Percentage,Montenegro,2012-01-01,0.736
Annual,Renewable energy - transport,Percentage,Montenegro,2013-01-01,1.097
Annual,Renewable energy - transport,Percentage,Montenegro,2014-01-01,1.071
Annual,Renewable energy - transport,Percentage,Montenegro,2015-01-01,1.188
Annual,Renewable energy - transport,Percentage,Montenegro,2016-01-01,1.102
Annual,Renewable energy - transport,Percentage,Montenegro,2017-01-01,0.952
Annual,Renewable energy - transport,Percentage,Montenegro,2018-01-01,0.86
Annual,Renewable energy - transport,Percentage,Montenegro,2019-01-01,0.865
Annual,Renewable energy - transport,Percentage,Montenegro,2020-01-01,0.632
Annual,Renewable energy - transport,Percentage,Montenegro,2021-01-01,0.278
Annual,Renewable energy - transport,Percentage,Montenegro,2022-01-01,0.346
Annual,Renewable energy - transport,Percentage,Montenegro,2023-01-01,0.337
Annual,Renewable energy - transport,Percentage,Montenegro,2024-01-01,0.289
Annual,Renewable energy - transport,Percentage,Moldova,2004-01-01,15.87
Annual,Renewable energy - transport,Percentage,Moldova,2005-01-01,15.87
Annual,Renewable energy - transport,Percentage,Moldova,2006-01-01,15.87
Annual,Renewable energy - transport,Percentage,Moldova,2007-01-01,16.4
Annual,Renewable energy - transport,Percentage,Moldova,2008-01-01,16.89
Annual,Renewable energy - transport,Percentage,Moldova,2009-01-01,17.66
Annual,Renewable energy - transport,Percentage,Moldova,2010-01-01,0.131
Annual,Renewable energy - transport,Percentage,Moldova,2011-01-01,0.148
Annual,Renewable energy - transport,Percentage,Moldova,2012-01-01,0.189
Annual,Renewable energy - transport,Percentage,Moldova,2013-01-01,0.214
Annual,Renewable energy - transport,Percentage,Moldova,2014-01-01,0.177
Annual,Renewable energy - transport,Percentage,Moldova,2015-01-01,0.184
Annual,Renewable energy - transport,Percentage,Moldova,2016-01-01,0.236
Annual,Renewable energy - transport,Percentage,Moldova,2017-01-01,0.32
Annual,Renewable energy - transport,Percentage,Moldova,2018-01-01,0.28
Annual,Renewable energy - transport,Percentage,Moldova,2019-01-01,0.174
Annual,Renewable energy - transport,Percentage,Moldova,2020-01-01,0.179
Annual,Renewable energy - transport,Percentage,Moldova,2021-01-01,0.017
Annual,Renewable energy - transport,Percentage,Moldova,2022-01-01,0.017
Annual,Renewable energy - transport,Percentage,Moldova,2023-01-01,0.022
Annual,Renewable energy - transport,Percentage,Moldova,2024-01-01,0.056
Annual,Renewable energy - transport,Percentage,North Macedonia,2004-01-01,0.203
Annual,Renewable energy - transport,Percentage,North Macedonia,2005-01-01,0.243
Annual,Renewable energy - transport,Percentage,North Macedonia,2006-01-01,0.28
Annual,Renewable energy - transport,Percentage,North Macedonia,2007-01-01,0.282
Annual,Renewable energy - transport,Percentage,North Macedonia,2008-01-01,0.283
Annual,Renewable energy - transport,Percentage,North Macedonia,2009-01-01,0.233
Annual,Renewable energy - transport,Percentage,North Macedonia,2010-01-01,0.198
Annual,Renewable energy - transport,Percentage,North Macedonia,2011-01-01,0.175
Annual,Renewable energy - transport,Percentage,North Macedonia,2012-01-01,0.188
Annual,Renewable energy - transport,Percentage,North Macedonia,2013-01-01,0.182
Annual,Renewable energy - transport,Percentage,North Macedonia,2014-01-01,0.211
Annual,Renewable energy - transport,Percentage,North Macedonia,2015-01-01,0.182
Annual,Renewable energy - transport,Percentage,North Macedonia,2016-01-01,0.14
Annual,Renewable energy - transport,Percentage,North Macedonia,2017-01-01,0.135
Annual,Renewable energy - transport,Percentage,North Macedonia,2018-01-01,0.118
Annual,Renewable energy - transport,Percentage,North Macedonia,2019-01-01,0.136
Annual,Renewable energy - transport,Percentage,North Macedonia,2020-01-01,0.148
Annual,Renewable energy - transport,Percentage,North Macedonia,2021-01-01,0.064
Annual,Renewable energy - transport,Percentage,North Macedonia,2022-01-01,0.054
Annual,Renewable energy - transport,Percentage,North Macedonia,2023-01-01,0.0
Annual,Renewable energy - transport,Percentage,North Macedonia,2024-01-01,0.0
Annual,Renewable energy - transport,Percentage,Georgia,2021-01-01,0.901
Annual,Renewable energy - transport,Percentage,Georgia,2022-01-01,1.112
Annual,Renewable energy - transport,Percentage,Georgia,2023-01-01,1.076
Annual,Renewable energy - transport,Percentage,Georgia,2024-01-01,1.22
Annual,Renewable energy - transport,Percentage,Albania,2004-01-01,0.099
Annual,Renewable energy - transport,Percentage,Albania,2005-01-01,0.095
Annual,Renewable energy - transport,Percentage,Albania,2006-01-01,0.0
Annual,Renewable energy - transport,Percentage,Albania,2007-01-01,0.0
Annual,Renewable energy - transport,Percentage,Albania,2008-01-01,0.0
Annual,Renewable energy - transport,Percentage,Albania,2009-01-01,0.0
Annual,Renewable energy - transport,Percentage,Albania,2010-01-01,0.0
Annual,Renewable energy - transport,Percentage,Albania,2011-01-01,0.0
Annual,Renewable energy - transport,Percentage,Albania,2012-01-01,0.0
Annual,Renewable energy - transport,Percentage,Albania,2013-01-01,0.0
Annual,Renewable energy - transport,Percentage,Albania,2014-01-01,0.0
Annual,Renewable energy - transport,Percentage,Albania,2015-01-01,0.0
Annual,Renewable energy - transport,Percentage,Albania,2016-01-01,0.0
Annual,Renewable energy - transport,Percentage,Albania,2017-01-01,0.0
Annual,Renewable energy - transport,Percentage,Albania,2018-01-01,0.0
Annual,Renewable energy - transport,Percentage,Albania,2019-01-01,0.203
Annual,Renewable energy - transport,Percentage,Albania,2020-01-01,0.347
Annual,Renewable energy - transport,Percentage,Albania,2021-01-01,0.344
Annual,Renewable energy - transport,Percentage,Albania,2022-01-01,0.402
Annual,Renewable energy - transport,Percentage,Albania,2023-01-01,0.456
Annual,Renewable energy - transport,Percentage,Albania,2024-01-01,0.217
Annual,Renewable energy - transport,Percentage,Serbia,2004-01-01,0.452
Annual,Renewable energy - transport,Percentage,Serbia,2005-01-01,0.445
Annual,Renewable energy - transport,Percentage,Serbia,2006-01-01,0.429
Annual,Renewable energy - transport,Percentage,Serbia,2007-01-01,0.665
Annual,Renewable energy - transport,Percentage,Serbia,2008-01-01,0.677
Annual,Renewable energy - transport,Percentage,Serbia,2009-01-01,1.465
Annual,Renewable energy - transport,Percentage,Serbia,2010-01-01,0.672
Annual,Renewable energy - transport,Percentage,Serbia,2011-01-01,1.879
Annual,Renewable energy - transport,Percentage,Serbia,2012-01-01,2.001
Annual,Renewable energy - transport,Percentage,Serbia,2013-01-01,1.682
Annual,Renewable energy - transport,Percentage,Serbia,2014-01-01,1.166
Annual,Renewable energy - transport,Percentage,Serbia,2015-01-01,1.178
Annual,Renewable energy - transport,Percentage,Serbia,2016-01-01,1.232
Annual,Renewable energy - transport,Percentage,Serbia,2017-01-01,1.208
Annual,Renewable energy - transport,Percentage,Serbia,2018-01-01,1.185
Annual,Renewable energy - transport,Percentage,Serbia,2019-01-01,1.137
Annual,Renewable energy - transport,Percentage,Serbia,2020-01-01,1.174
Annual,Renewable energy - transport,Percentage,Serbia,2021-01-01,0.618
Annual,Renewable energy - transport,Percentage,Serbia,2022-01-01,0.602
Annual,Renewable energy - transport,Percentage,Serbia,2023-01-01,0.599
Annual,Renewable energy - transport,Percentage,Serbia,2024-01-01,0.592
Annual,Renewable energy - transport,Percentage,Kosovo*,2004-01-01,0.0
Annual,Renewable energy - transport,Percentage,Kosovo*,2005-01-01,0.0
Annual,Renewable energy - transport,Percentage,Kosovo*,2006-01-01,0.0
Annual,Renewable energy - transport,Percentage,Kosovo*,2007-01-01,0.0
Annual,Renewable energy - transport,Percentage,Kosovo*,2008-01-01,0.0
Annual,Renewable energy - transport,Percentage,Kosovo*,2009-01-01,0.0
Annual,Renewable energy - transport,Percentage,Kosovo*,2010-01-01,0.0
Annual,Renewable energy - transport,Percentage,Kosovo*,2011-01-01,0.0
Annual,Renewable energy - transport,Percentage,Kosovo*,2012-01-01,0.0
Annual,Renewable energy - transport,Percentage,Kosovo*,2013-01-01,0.0
Annual,Renewable energy - transport,Percentage,Kosovo*,2014-01-01,0.0
Annual,Renewable energy - transport,Percentage,Kosovo*,2015-01-01,0.0
Annual,Renewable energy - transport,Percentage,Kosovo*,2016-01-01,0.0
Annual,Renewable energy - transport,Percentage,Kosovo*,2017-01-01,0.0
Annual,Renewable energy - transport,Percentage,Kosovo*,2018-01-01,0.0
Annual,Renewable energy - transport,Percentage,Kosovo*,2019-01-01,0.0
Annual,Renewable energy - transport,Percentage,Kosovo*,2020-01-01,0.0
Annual,Renewable energy - transport,Percentage,Kosovo*,2021-01-01,0.0
Annual,Renewable energy - transport,Percentage,Kosovo*,2022-01-01,0.0
Annual,Renewable energy - transport,Percentage,Kosovo*,2023-01-01,0.0
Annual,Renewable energy - transport,Percentage,Kosovo*,2024-01-01,0.0
Annual,Renewable energy - electricity,Percentage,European Union - 27 countries (from 2020),2004-01-01,15.871
Annual,Renewable energy - electricity,Percentage,European Union - 27 countries (from 2020),2005-01-01,16.402
Annual,Renewable energy - electricity,Percentage,European Union - 27 countries (from 2020),2006-01-01,16.879
Annual,Renewable energy - electricity,Percentage,European Union - 27 countries (from 2020),2007-01-01,17.647
Annual,Renewable energy - electricity,Percentage,European Union - 27 countries (from 2020),2008-01-01,18.526
Annual,Renewable energy - electricity,Percentage,European Union - 27 countries (from 2020),2009-01-01,20.654
Annual,Renewable energy - electricity,Percentage,European Union - 27 countries (from 2020),2010-01-01,21.283
Annual,Renewable energy - electricity,Percentage,European Union - 27 countries (from 2020),2011-01-01,23.3
Annual,Renewable energy - electricity,Percentage,European Union - 27 countries (from 2020),2012-01-01,25.138
Annual,Renewable energy - electricity,Percentage,European Union - 27 countries (from 2020),2013-01-01,26.769
Annual,Renewable energy - electricity,Percentage,European Union - 27 countries (from 2020),2014-01-01,28.601
Annual,Renewable energy - electricity,Percentage,European Union - 27 countries (from 2020),2015-01-01,29.655
Annual,Renewable energy - electricity,Percentage,European Union - 27 countries (from 2020),2016-01-01,30.172
Annual,Renewable energy - electricity,Percentage,European Union - 27 countries (from 2020),2017-01-01,31.104
Annual,Renewable energy - electricity,Percentage,European Union - 27 countries (from 2020),2018-01-01,32.134
Annual,Renewable energy - electricity,Percentage,European Union - 27 countries (from 2020),2019-01-01,34.086
Annual,Renewable energy - electricity,Percentage,European Union - 27 countries (from 2020),2020-01-01,37.408
Annual,Renewable energy - electricity,Percentage,European Union - 27 countries (from 2020),2021-01-01,37.793
Annual,Renewable energy - electricity,Percentage,European Union - 27 countries (from 2020),2022-01-01,41.239
Annual,Renewable energy - electricity,Percentage,European Union - 27 countries (from 2020),2023-01-01,45.397
Annual,Renewable energy - electricity,Percentage,European Union - 27 countries (from 2020),2024-01-01,47.503
Annual,Renewable energy - electricity,Percentage,Euro area – 21 countries (from 2026),2021-01-01,59.219
Annual,Renewable energy - electricity,Percentage,Euro area – 21 countries (from 2026),2022-01-01,61.647
Annual,Renewable energy - electricity,Percentage,Euro area – 21 countries (from 2026),2023-01-01,75.051
Annual,Renewable energy - electricity,Percentage,Euro area – 21 countries (from 2026),2024-01-01,81.202
Annual,Renewable energy - electricity,Percentage,Euro area – 20 countries (2023-2025),2021-01-01,37.806
Annual,Renewable energy - electricity,Percentage,Euro area – 20 countries (2023-2025),2022-01-01,41.285
Annual,Renewable energy - electricity,Percentage,Euro area – 20 countries (2023-2025),2023-01-01,45.349
Annual,Renewable energy - electricity,Percentage,Euro area – 20 countries (2023-2025),2024-01-01,47.359
Annual,Renewable energy - electricity,Percentage,Belgium,2004-01-01,1.714
Annual,Renewable energy - electricity,Percentage,Belgium,2005-01-01,2.386
Annual,Renewable energy - electricity,Percentage,Belgium,2006-01-01,3.13
Annual,Renewable energy - electricity,Percentage,Belgium,2007-01-01,3.662
Annual,Renewable energy - electricity,Percentage,Belgium,2008-01-01,4.625
Annual,Renewable energy - electricity,Percentage,Belgium,2009-01-01,6.176
Annual,Renewable energy - electricity,Percentage,Belgium,2010-01-01,7.332
Annual,Renewable energy - electricity,Percentage,Belgium,2011-01-01,8.989
Annual,Renewable energy - electricity,Percentage,Belgium,2012-01-01,11.338
Annual,Renewable energy - electricity,Percentage,Belgium,2013-01-01,12.547
Annual,Renewable energy - electricity,Percentage,Belgium,2014-01-01,13.414
Annual,Renewable energy - electricity,Percentage,Belgium,2015-01-01,15.573
Annual,Renewable energy - electricity,Percentage,Belgium,2016-01-01,15.834
Annual,Renewable energy - electricity,Percentage,Belgium,2017-01-01,17.214
Annual,Renewable energy - electricity,Percentage,Belgium,2018-01-01,18.886
Annual,Renewable energy - electricity,Percentage,Belgium,2019-01-01,20.817
Annual,Renewable energy - electricity,Percentage,Belgium,2020-01-01,25.122
Annual,Renewable energy - electricity,Percentage,Belgium,2021-01-01,26.035
Annual,Renewable energy - electricity,Percentage,Belgium,2022-01-01,29.505
Annual,Renewable energy - electricity,Percentage,Belgium,2023-01-01,31.368
Annual,Renewable energy - electricity,Percentage,Belgium,2024-01-01,31.274
Annual,Renewable energy - electricity,Percentage,Bulgaria,2004-01-01,8.358
Annual,Renewable energy - electricity,Percentage,Bulgaria,2005-01-01,8.666
Annual,Renewable energy - electricity,Percentage,Bulgaria,2006-01-01,8.73
Annual,Renewable energy - electricity,Percentage,Bulgaria,2007-01-01,8.899
Annual,Renewable energy - electricity,Percentage,Bulgaria,2008-01-01,9.544
Annual,Renewable energy - electricity,Percentage,Bulgaria,2009-01-01,10.906
Annual,Renewable energy - electricity,Percentage,Bulgaria,2010-01-01,12.358
Annual,Renewable energy - electricity,Percentage,Bulgaria,2011-01-01,12.621
Annual,Renewable energy - electricity,Percentage,Bulgaria,2012-01-01,15.816
Annual,Renewable energy - electricity,Percentage,Bulgaria,2013-01-01,18.682
Annual,Renewable energy - electricity,Percentage,Bulgaria,2014-01-01,18.686
Annual,Renewable energy - electricity,Percentage,Bulgaria,2015-01-01,18.975
Annual,Renewable energy - electricity,Percentage,Bulgaria,2016-01-01,19.147
Annual,Renewable energy - electricity,Percentage,Bulgaria,2017-01-01,19.022
Annual,Renewable energy - electricity,Percentage,Bulgaria,2018-01-01,22.355
Annual,Renewable energy - electricity,Percentage,Bulgaria,2019-01-01,23.509
Annual,Renewable energy - electricity,Percentage,Bulgaria,2020-01-01,23.586
Annual,Renewable energy - electricity,Percentage,Bulgaria,2021-01-01,21.413
Annual,Renewable energy - electricity,Percentage,Bulgaria,2022-01-01,20.362
Annual,Renewable energy - electricity,Percentage,Bulgaria,2023-01-01,29.702
Annual,Renewable energy - electricity,Percentage,Bulgaria,2024-01-01,33.843
Annual,Renewable energy - electricity,Percentage,Czechia,2004-01-01,3.693
Annual,Renewable energy - electricity,Percentage,Czechia,2005-01-01,3.782
Annual,Renewable energy - electricity,Percentage,Czechia,2006-01-01,4.096
Annual,Renewable energy - electricity,Percentage,Czechia,2007-01-01,4.621
Annual,Renewable energy - electricity,Percentage,Czechia,2008-01-01,5.182
Annual,Renewable energy - electricity,Percentage,Czechia,2009-01-01,6.378
Annual,Renewable energy - electricity,Percentage,Czechia,2010-01-01,7.516
Annual,Renewable energy - electricity,Percentage,Czechia,2011-01-01,10.61
Annual,Renewable energy - electricity,Percentage,Czechia,2012-01-01,11.667
Annual,Renewable energy - electricity,Percentage,Czechia,2013-01-01,12.781
Annual,Renewable energy - electricity,Percentage,Czechia,2014-01-01,13.89
Annual,Renewable energy - electricity,Percentage,Czechia,2015-01-01,14.072
Annual,Renewable energy - electricity,Percentage,Czechia,2016-01-01,13.615
Annual,Renewable energy - electricity,Percentage,Czechia,2017-01-01,13.654
Annual,Renewable energy - electricity,Percentage,Czechia,2018-01-01,13.711
Annual,Renewable energy - electricity,Percentage,Czechia,2019-01-01,14.046
Annual,Renewable energy - electricity,Percentage,Czechia,2020-01-01,14.81
Annual,Renewable energy - electricity,Percentage,Czechia,2021-01-01,14.468
Annual,Renewable energy - electricity,Percentage,Czechia,2022-01-01,15.498
Annual,Renewable energy - electricity,Percentage,Czechia,2023-01-01,16.447
Annual,Renewable energy - electricity,Percentage,Czechia,2024-01-01,17.928
Annual,Renewable energy - electricity,Percentage,Denmark,2004-01-01,23.754
Annual,Renewable energy - electricity,Percentage,Denmark,2005-01-01,24.647
Annual,Renewable energy - electricity,Percentage,Denmark,2006-01-01,23.966
Annual,Renewable energy - electricity,Percentage,Denmark,2007-01-01,25.001
Annual,Renewable energy - electricity,Percentage,Denmark,2008-01-01,25.936
Annual,Renewable energy - electricity,Percentage,Denmark,2009-01-01,28.257
Annual,Renewable energy - electricity,Percentage,Denmark,2010-01-01,32.735
Annual,Renewable energy - electricity,Percentage,Denmark,2011-01-01,35.874
Annual,Renewable energy - electricity,Percentage,Denmark,2012-01-01,38.716
Annual,Renewable energy - electricity,Percentage,Denmark,2013-01-01,43.084
Annual,Renewable energy - electricity,Percentage,Denmark,2014-01-01,48.493
Annual,Renewable energy - electricity,Percentage,Denmark,2015-01-01,51.292
Annual,Renewable energy - electricity,Percentage,Denmark,2016-01-01,53.717
Annual,Renewable energy - electricity,Percentage,Denmark,2017-01-01,59.94
Annual,Renewable energy - electricity,Percentage,Denmark,2018-01-01,62.394
Annual,Renewable energy - electricity,Percentage,Denmark,2019-01-01,65.347
Annual,Renewable energy - electricity,Percentage,Denmark,2020-01-01,65.323
Annual,Renewable energy - electricity,Percentage,Denmark,2021-01-01,73.181
Annual,Renewable energy - electricity,Percentage,Denmark,2022-01-01,76.708
Annual,Renewable energy - electricity,Percentage,Denmark,2023-01-01,78.975
Annual,Renewable energy - electricity,Percentage,Denmark,2024-01-01,79.655
Annual,Renewable energy - electricity,Percentage,Germany,2004-01-01,9.436
Annual,Renewable energy - electricity,Percentage,Germany,2005-01-01,10.577
Annual,Renewable energy - electricity,Percentage,Germany,2006-01-01,11.944
Annual,Renewable energy - electricity,Percentage,Germany,2007-01-01,13.727
Annual,Renewable energy - electricity,Percentage,Germany,2008-01-01,15.141
Annual,Renewable energy - electricity,Percentage,Germany,2009-01-01,17.521
Annual,Renewable energy - electricity,Percentage,Germany,2010-01-01,18.241
Annual,Renewable energy - electricity,Percentage,Germany,2011-01-01,20.93
Annual,Renewable energy - electricity,Percentage,Germany,2012-01-01,23.605
Annual,Renewable energy - electricity,Percentage,Germany,2013-01-01,25.284
Annual,Renewable energy - electricity,Percentage,Germany,2014-01-01,28.171
Annual,Renewable energy - electricity,Percentage,Germany,2015-01-01,30.882
Annual,Renewable energy - electricity,Percentage,Germany,2016-01-01,32.273
Annual,Renewable energy - electricity,Percentage,Germany,2017-01-01,34.612
Annual,Renewable energy - electricity,Percentage,Germany,2018-01-01,37.591
Annual,Renewable energy - electricity,Percentage,Germany,2019-01-01,40.604
Annual,Renewable energy - electricity,Percentage,Germany,2020-01-01,44.215
Annual,Renewable energy - electricity,Percentage,Germany,2021-01-01,43.964
Annual,Renewable energy - electricity,Percentage,Germany,2022-01-01,48.041
Annual,Renewable energy - electricity,Percentage,Germany,2023-01-01,51.945
Annual,Renewable energy - electricity,Percentage,Germany,2024-01-01,54.084
Annual,Renewable energy - electricity,Percentage,Estonia,2004-01-01,0.546
Annual,Renewable energy - electricity,Percentage,Estonia,2005-01-01,1.127
Annual,Renewable energy - electricity,Percentage,Estonia,2006-01-01,1.428
Annual,Renewable energy - electricity,Percentage,Estonia,2007-01-01,1.432
Annual,Renewable energy - electricity,Percentage,Estonia,2008-01-01,1.972
Annual,Renewable energy - electricity,Percentage,Estonia,2009-01-01,5.966
Annual,Renewable energy - electricity,Percentage,Estonia,2010-01-01,10.294
Annual,Renewable energy - electricity,Percentage,Estonia,2011-01-01,12.199
Annual,Renewable energy - electricity,Percentage,Estonia,2012-01-01,15.67
Annual,Renewable energy - electricity,Percentage,Estonia,2013-01-01,12.948
Annual,Renewable energy - electricity,Percentage,Estonia,2014-01-01,14.017
Annual,Renewable energy - electricity,Percentage,Estonia,2015-01-01,16.152
Annual,Renewable energy - electricity,Percentage,Estonia,2016-01-01,16.194
Annual,Renewable energy - electricity,Percentage,Estonia,2017-01-01,17.583
Annual,Renewable energy - electricity,Percentage,Estonia,2018-01-01,19.679
Annual,Renewable energy - electricity,Percentage,Estonia,2019-01-01,21.998
Annual,Renewable energy - electricity,Percentage,Estonia,2020-01-01,28.293
Annual,Renewable energy - electricity,Percentage,Estonia,2021-01-01,29.197
Annual,Renewable energy - electricity,Percentage,Estonia,2022-01-01,29.115
Annual,Renewable energy - electricity,Percentage,Estonia,2023-01-01,31.845
Annual,Renewable energy - electricity,Percentage,Estonia,2024-01-01,38.882
Annual,Renewable energy - electricity,Percentage,Ireland,2004-01-01,6.031
Annual,Renewable energy - electricity,Percentage,Ireland,2005-01-01,7.196
Annual,Renewable energy - electricity,Percentage,Ireland,2006-01-01,8.505
Annual,Renewable energy - electricity,Percentage,Ireland,2007-01-01,9.534
Annual,Renewable energy - electricity,Percentage,Ireland,2008-01-01,10.822
Annual,Renewable energy - electricity,Percentage,Ireland,2009-01-01,14.061
Annual,Renewable energy - electricity,Percentage,Ireland,2010-01-01,15.642
Annual,Renewable energy - electricity,Percentage,Ireland,2011-01-01,18.252
Annual,Renewable energy - electricity,Percentage,Ireland,2012-01-01,19.838
Annual,Renewable energy - electricity,Percentage,Ireland,2013-01-01,20.96
Annual,Renewable energy - electricity,Percentage,Ireland,2014-01-01,23.32
Annual,Renewable energy - electricity,Percentage,Ireland,2015-01-01,25.725
Annual,Renewable energy - electricity,Percentage,Ireland,2016-01-01,27.069
Annual,Renewable energy - electricity,Percentage,Ireland,2017-01-01,30.318
Annual,Renewable energy - electricity,Percentage,Ireland,2018-01-01,33.317
Annual,Renewable energy - electricity,Percentage,Ireland,2019-01-01,36.46
Annual,Renewable energy - electricity,Percentage,Ireland,2020-01-01,39.055
Annual,Renewable energy - electricity,Percentage,Ireland,2021-01-01,37.665
Annual,Renewable energy - electricity,Percentage,Ireland,2022-01-01,37.387
Annual,Renewable energy - electricity,Percentage,Ireland,2023-01-01,40.43
Annual,Renewable energy - electricity,Percentage,Ireland,2024-01-01,41.336
Annual,Renewable energy - electricity,Percentage,Greece,2004-01-01,7.842
Annual,Renewable energy - electricity,Percentage,Greece,2005-01-01,8.213
Annual,Renewable energy - electricity,Percentage,Greece,2006-01-01,8.924
Annual,Renewable energy - electricity,Percentage,Greece,2007-01-01,9.33
Annual,Renewable energy - electricity,Percentage,Greece,2008-01-01,9.646
Annual,Renewable energy - electricity,Percentage,Greece,2009-01-01,11.016
Annual,Renewable energy - electricity,Percentage,Greece,2010-01-01,12.307
Annual,Renewable energy - electricity,Percentage,Greece,2011-01-01,13.81
Annual,Renewable energy - electricity,Percentage,Greece,2012-01-01,16.364
Annual,Renewable energy - electricity,Percentage,Greece,2013-01-01,21.241
Annual,Renewable energy - electricity,Percentage,Greece,2014-01-01,21.923
Annual,Renewable energy - electricity,Percentage,Greece,2015-01-01,22.089
Annual,Renewable energy - electricity,Percentage,Greece,2016-01-01,22.657
Annual,Renewable energy - electricity,Percentage,Greece,2017-01-01,24.464
Annual,Renewable energy - electricity,Percentage,Greece,2018-01-01,26.001
Annual,Renewable energy - electricity,Percentage,Greece,2019-01-01,31.295
Annual,Renewable energy - electricity,Percentage,Greece,2020-01-01,35.856
Annual,Renewable energy - electricity,Percentage,Greece,2021-01-01,35.881
Annual,Renewable energy - electricity,Percentage,Greece,2022-01-01,42.361
Annual,Renewable energy - electricity,Percentage,Greece,2023-01-01,48.225
Annual,Renewable energy - electricity,Percentage,Greece,2024-01-01,51.248
Annual,Renewable energy - electricity,Percentage,Spain,2004-01-01,19.018
Annual,Renewable energy - electricity,Percentage,Spain,2005-01-01,19.166
Annual,Renewable energy - electricity,Percentage,Spain,2006-01-01,20.027
Annual,Renewable energy - electricity,Percentage,Spain,2007-01-01,21.718
Annual,Renewable energy - electricity,Percentage,Spain,2008-01-01,23.777
Annual,Renewable energy - electricity,Percentage,Spain,2009-01-01,27.882
Annual,Renewable energy - electricity,Percentage,Spain,2010-01-01,29.748
Annual,Renewable energy - electricity,Percentage,Spain,2011-01-01,31.53
Annual,Renewable energy - electricity,Percentage,Spain,2012-01-01,33.438
Annual,Renewable energy - electricity,Percentage,Spain,2013-01-01,36.027
Annual,Renewable energy - electricity,Percentage,Spain,2014-01-01,37.128
Annual,Renewable energy - electricity,Percentage,Spain,2015-01-01,36.972
Annual,Renewable energy - electricity,Percentage,Spain,2016-01-01,36.676
Annual,Renewable energy - electricity,Percentage,Spain,2017-01-01,36.465
Annual,Renewable energy - electricity,Percentage,Spain,2018-01-01,35.236
Annual,Renewable energy - electricity,Percentage,Spain,2019-01-01,37.131
Annual,Renewable energy - electricity,Percentage,Spain,2020-01-01,42.944
Annual,Renewable energy - electricity,Percentage,Spain,2021-01-01,45.994
Annual,Renewable energy - electricity,Percentage,Spain,2022-01-01,50.888
Annual,Renewable energy - electricity,Percentage,Spain,2023-01-01,56.915
Annual,Renewable energy - electricity,Percentage,Spain,2024-01-01,59.673
Annual,Renewable energy - electricity,Percentage,France,2004-01-01,13.782
Annual,Renewable energy - electricity,Percentage,France,2005-01-01,13.738
Annual,Renewable energy - electricity,Percentage,France,2006-01-01,14.058
Annual,Renewable energy - electricity,Percentage,France,2007-01-01,14.289
Annual,Renewable energy - electricity,Percentage,France,2008-01-01,14.358
Annual,Renewable energy - electricity,Percentage,France,2009-01-01,15.088
Annual,Renewable energy - electricity,Percentage,France,2010-01-01,14.815
Annual,Renewable energy - electricity,Percentage,France,2011-01-01,16.179
Annual,Renewable energy - electricity,Percentage,France,2012-01-01,16.548
Annual,Renewable energy - electricity,Percentage,France,2013-01-01,16.977
Annual,Renewable energy - electricity,Percentage,France,2014-01-01,18.465
Annual,Renewable energy - electricity,Percentage,France,2015-01-01,18.821
Annual,Renewable energy - electricity,Percentage,France,2016-01-01,19.209
Annual,Renewable energy - electricity,Percentage,France,2017-01-01,19.933
Annual,Renewable energy - electricity,Percentage,France,2018-01-01,21.131
Annual,Renewable energy - electricity,Percentage,France,2019-01-01,22.389
Annual,Renewable energy - electricity,Percentage,France,2020-01-01,24.819
Annual,Renewable energy - electricity,Percentage,France,2021-01-01,24.815
Annual,Renewable energy - electricity,Percentage,France,2022-01-01,27.36
Annual,Renewable energy - electricity,Percentage,France,2023-01-01,30.295
Annual,Renewable energy - electricity,Percentage,France,2024-01-01,31.344
Annual,Renewable energy - electricity,Percentage,Croatia,2004-01-01,35.027
Annual,Renewable energy - electricity,Percentage,Croatia,2005-01-01,35.184
Annual,Renewable energy - electricity,Percentage,Croatia,2006-01-01,34.818
Annual,Renewable energy - electricity,Percentage,Croatia,2007-01-01,33.976
Annual,Renewable energy - electricity,Percentage,Croatia,2008-01-01,33.865
Annual,Renewable energy - electricity,Percentage,Croatia,2009-01-01,35.877
Annual,Renewable energy - electricity,Percentage,Croatia,2010-01-01,37.52
Annual,Renewable energy - electricity,Percentage,Croatia,2011-01-01,37.592
Annual,Renewable energy - electricity,Percentage,Croatia,2012-01-01,38.764
Annual,Renewable energy - electricity,Percentage,Croatia,2013-01-01,42.077
Annual,Renewable energy - electricity,Percentage,Croatia,2014-01-01,45.241
Annual,Renewable energy - electricity,Percentage,Croatia,2015-01-01,45.409
Annual,Renewable energy - electricity,Percentage,Croatia,2016-01-01,46.667
Annual,Renewable energy - electricity,Percentage,Croatia,2017-01-01,46.437
Annual,Renewable energy - electricity,Percentage,Croatia,2018-01-01,48.139
Annual,Renewable energy - electricity,Percentage,Croatia,2019-01-01,49.783
Annual,Renewable energy - electricity,Percentage,Croatia,2020-01-01,53.816
Annual,Renewable energy - electricity,Percentage,Croatia,2021-01-01,53.471
Annual,Renewable energy - electricity,Percentage,Croatia,2022-01-01,56.245
Annual,Renewable energy - electricity,Percentage,Croatia,2023-01-01,57.518
Annual,Renewable energy - electricity,Percentage,Croatia,2024-01-01,58.04
Annual,Renewable energy - electricity,Percentage,Italy,2004-01-01,16.086
Annual,Renewable energy - electricity,Percentage,Italy,2005-01-01,16.293
Annual,Renewable energy - electricity,Percentage,Italy,2006-01-01,15.926
Annual,Renewable energy - electricity,Percentage,Italy,2007-01-01,15.954
Annual,Renewable energy - electricity,Percentage,Italy,2008-01-01,16.645
Annual,Renewable energy - electricity,Percentage,Italy,2009-01-01,18.807
Annual,Renewable energy - electricity,Percentage,Italy,2010-01-01,20.091
Annual,Renewable energy - electricity,Percentage,Italy,2011-01-01,23.546
Annual,Renewable energy - electricity,Percentage,Italy,2012-01-01,27.42
Annual,Renewable energy - electricity,Percentage,Italy,2013-01-01,31.302
Annual,Renewable energy - electricity,Percentage,Italy,2014-01-01,33.42
Annual,Renewable energy - electricity,Percentage,Italy,2015-01-01,33.459
Annual,Renewable energy - electricity,Percentage,Italy,2016-01-01,34.012
Annual,Renewable energy - electricity,Percentage,Italy,2017-01-01,34.104
Annual,Renewable energy - electricity,Percentage,Italy,2018-01-01,33.93
Annual,Renewable energy - electricity,Percentage,Italy,2019-01-01,34.969
Annual,Renewable energy - electricity,Percentage,Italy,2020-01-01,38.081
Annual,Renewable energy - electricity,Percentage,Italy,2021-01-01,35.996
Annual,Renewable energy - electricity,Percentage,Italy,2022-01-01,37.102
Annual,Renewable energy - electricity,Percentage,Italy,2023-01-01,38.905
Annual,Renewable energy - electricity,Percentage,Italy,2024-01-01,40.654
Annual,Renewable energy - electricity,Percentage,Cyprus,2004-01-01,0.019
Annual,Renewable energy - electricity,Percentage,Cyprus,2005-01-01,0.024
Annual,Renewable energy - electricity,Percentage,Cyprus,2006-01-01,0.034
Annual,Renewable energy - electricity,Percentage,Cyprus,2007-01-01,0.074
Annual,Renewable energy - electricity,Percentage,Cyprus,2008-01-01,0.285
Annual,Renewable energy - electricity,Percentage,Cyprus,2009-01-01,0.589
Annual,Renewable energy - electricity,Percentage,Cyprus,2010-01-01,1.39
Annual,Renewable energy - electricity,Percentage,Cyprus,2011-01-01,3.445
Annual,Renewable energy - electricity,Percentage,Cyprus,2012-01-01,4.927
Annual,Renewable energy - electricity,Percentage,Cyprus,2013-01-01,6.654
Annual,Renewable energy - electricity,Percentage,Cyprus,2014-01-01,7.399
Annual,Renewable energy - electricity,Percentage,Cyprus,2015-01-01,8.445
Annual,Renewable energy - electricity,Percentage,Cyprus,2016-01-01,8.587
Annual,Renewable energy - electricity,Percentage,Cyprus,2017-01-01,8.911
Annual,Renewable energy - electricity,Percentage,Cyprus,2018-01-01,9.357
Annual,Renewable energy - electricity,Percentage,Cyprus,2019-01-01,9.756
Annual,Renewable energy - electricity,Percentage,Cyprus,2020-01-01,12.041
Annual,Renewable energy - electricity,Percentage,Cyprus,2021-01-01,14.84
Annual,Renewable energy - electricity,Percentage,Cyprus,2022-01-01,16.963
Annual,Renewable energy - electricity,Percentage,Cyprus,2023-01-01,20.939
Annual,Renewable energy - electricity,Percentage,Cyprus,2024-01-01,24.086
Annual,Renewable energy - electricity,Percentage,Latvia,2004-01-01,45.958
Annual,Renewable energy - electricity,Percentage,Latvia,2005-01-01,43.023
Annual,Renewable energy - electricity,Percentage,Latvia,2006-01-01,40.414
Annual,Renewable energy - electricity,Percentage,Latvia,2007-01-01,38.622
Annual,Renewable energy - electricity,Percentage,Latvia,2008-01-01,38.733
Annual,Renewable energy - electricity,Percentage,Latvia,2009-01-01,41.942
Annual,Renewable energy - electricity,Percentage,Latvia,2010-01-01,42.051
Annual,Renewable energy - electricity,Percentage,Latvia,2011-01-01,44.694
Annual,Renewable energy - electricity,Percentage,Latvia,2012-01-01,44.877
Annual,Renewable energy - electricity,Percentage,Latvia,2013-01-01,48.685
Annual,Renewable energy - electricity,Percentage,Latvia,2014-01-01,51.037
Annual,Renewable energy - electricity,Percentage,Latvia,2015-01-01,52.205
Annual,Renewable energy - electricity,Percentage,Latvia,2016-01-01,51.251
Annual,Renewable energy - electricity,Percentage,Latvia,2017-01-01,54.352
Annual,Renewable energy - electricity,Percentage,Latvia,2018-01-01,53.499
Annual,Renewable energy - electricity,Percentage,Latvia,2019-01-01,53.423
Annual,Renewable energy - electricity,Percentage,Latvia,2020-01-01,53.357
Annual,Renewable energy - electricity,Percentage,Latvia,2021-01-01,51.399
Annual,Renewable energy - electricity,Percentage,Latvia,2022-01-01,53.519
Annual,Renewable energy - electricity,Percentage,Latvia,2023-01-01,54.317
Annual,Renewable energy - electricity,Percentage,Latvia,2024-01-01,55.514
Annual,Renewable energy - electricity,Percentage,Lithuania,2004-01-01,3.587
Annual,Renewable energy - electricity,Percentage,Lithuania,2005-01-01,3.831
Annual,Renewable energy - electricity,Percentage,Lithuania,2006-01-01,4.016
Annual,Renewable energy - electricity,Percentage,Lithuania,2007-01-01,4.652
Annual,Renewable energy - electricity,Percentage,Lithuania,2008-01-01,4.914
Annual,Renewable energy - electricity,Percentage,Lithuania,2009-01-01,5.869
Annual,Renewable energy - electricity,Percentage,Lithuania,2010-01-01,7.401
Annual,Renewable energy - electricity,Percentage,Lithuania,2011-01-01,9.02
Annual,Renewable energy - electricity,Percentage,Lithuania,2012-01-01,10.876
Annual,Renewable energy - electricity,Percentage,Lithuania,2013-01-01,13.149
Annual,Renewable energy - electricity,Percentage,Lithuania,2014-01-01,13.705
Annual,Renewable energy - electricity,Percentage,Lithuania,2015-01-01,15.543
Annual,Renewable energy - electricity,Percentage,Lithuania,2016-01-01,16.872
Annual,Renewable energy - electricity,Percentage,Lithuania,2017-01-01,18.255
Annual,Renewable energy - electricity,Percentage,Lithuania,2018-01-01,18.408
Annual,Renewable energy - electricity,Percentage,Lithuania,2019-01-01,18.79
Annual,Renewable energy - electricity,Percentage,Lithuania,2020-01-01,20.166
Annual,Renewable energy - electricity,Percentage,Lithuania,2021-01-01,21.278
Annual,Renewable energy - electricity,Percentage,Lithuania,2022-01-01,26.461
Annual,Renewable energy - electricity,Percentage,Lithuania,2023-01-01,36.469
Annual,Renewable energy - electricity,Percentage,Lithuania,2024-01-01,48.987
Annual,Renewable energy - electricity,Percentage,Luxembourg,2004-01-01,2.765
Annual,Renewable energy - electricity,Percentage,Luxembourg,2005-01-01,3.179
Annual,Renewable energy - electricity,Percentage,Luxembourg,2006-01-01,3.172
Annual,Renewable energy - electricity,Percentage,Luxembourg,2007-01-01,3.305
Annual,Renewable energy - electricity,Percentage,Luxembourg,2008-01-01,3.581
Annual,Renewable energy - electricity,Percentage,Luxembourg,2009-01-01,4.105
Annual,Renewable energy - electricity,Percentage,Luxembourg,2010-01-01,3.786
Annual,Renewable energy - electricity,Percentage,Luxembourg,2011-01-01,4.075
Annual,Renewable energy - electricity,Percentage,Luxembourg,2012-01-01,4.66
Annual,Renewable energy - electricity,Percentage,Luxembourg,2013-01-01,5.329
Annual,Renewable energy - electricity,Percentage,Luxembourg,2014-01-01,5.958
Annual,Renewable energy - electricity,Percentage,Luxembourg,2015-01-01,6.197
Annual,Renewable energy - electricity,Percentage,Luxembourg,2016-01-01,6.674
Annual,Renewable energy - electricity,Percentage,Luxembourg,2017-01-01,8.055
Annual,Renewable energy - electricity,Percentage,Luxembourg,2018-01-01,9.115
Annual,Renewable energy - electricity,Percentage,Luxembourg,2019-01-01,10.863
Annual,Renewable energy - electricity,Percentage,Luxembourg,2020-01-01,13.887
Annual,Renewable energy - electricity,Percentage,Luxembourg,2021-01-01,14.216
Annual,Renewable energy - electricity,Percentage,Luxembourg,2022-01-01,16.321
Annual,Renewable energy - electricity,Percentage,Luxembourg,2023-01-01,18.196
Annual,Renewable energy - electricity,Percentage,Luxembourg,2024-01-01,20.5
Annual,Renewable energy - electricity,Percentage,Hungary,2004-01-01,2.22
Annual,Renewable energy - electricity,Percentage,Hungary,2005-01-01,4.419
Annual,Renewable energy - electricity,Percentage,Hungary,2006-01-01,3.453
Annual,Renewable energy - electricity,Percentage,Hungary,2007-01-01,4.193
Annual,Renewable energy - electricity,Percentage,Hungary,2008-01-01,5.317
Annual,Renewable energy - electricity,Percentage,Hungary,2009-01-01,6.958
Annual,Renewable energy - electricity,Percentage,Hungary,2010-01-01,7.103
Annual,Renewable energy - electricity,Percentage,Hungary,2011-01-01,6.379
Annual,Renewable energy - electricity,Percentage,Hungary,2012-01-01,6.057
Annual,Renewable energy - electricity,Percentage,Hungary,2013-01-01,6.6
Annual,Renewable energy - electricity,Percentage,Hungary,2014-01-01,7.305
Annual,Renewable energy - electricity,Percentage,Hungary,2015-01-01,7.341
Annual,Renewable energy - electricity,Percentage,Hungary,2016-01-01,7.292
Annual,Renewable energy - electricity,Percentage,Hungary,2017-01-01,7.513
Annual,Renewable energy - electricity,Percentage,Hungary,2018-01-01,8.306
Annual,Renewable energy - electricity,Percentage,Hungary,2019-01-01,9.969
Annual,Renewable energy - electricity,Percentage,Hungary,2020-01-01,11.904
Annual,Renewable energy - electricity,Percentage,Hungary,2021-01-01,13.66
Annual,Renewable energy - electricity,Percentage,Hungary,2022-01-01,15.333
Annual,Renewable energy - electricity,Percentage,Hungary,2023-01-01,19.537
Annual,Renewable energy - electricity,Percentage,Hungary,2024-01-01,24.056
Annual,Renewable energy - electricity,Percentage,Malta,2004-01-01,0.0
Annual,Renewable energy - electricity,Percentage,Malta,2005-01-01,0.0
Annual,Renewable energy - electricity,Percentage,Malta,2006-01-01,0.0
Annual,Renewable energy - electricity,Percentage,Malta,2007-01-01,0.0
Annual,Renewable energy - electricity,Percentage,Malta,2008-01-01,0.0
Annual,Renewable energy - electricity,Percentage,Malta,2009-01-01,0.0
Annual,Renewable energy - electricity,Percentage,Malta,2010-01-01,0.032
Annual,Renewable energy - electricity,Percentage,Malta,2011-01-01,0.454
Annual,Renewable energy - electricity,Percentage,Malta,2012-01-01,1.115
Annual,Renewable energy - electricity,Percentage,Malta,2013-01-01,1.571
Annual,Renewable energy - electricity,Percentage,Malta,2014-01-01,3.333
Annual,Renewable energy - electricity,Percentage,Malta,2015-01-01,4.312
Annual,Renewable energy - electricity,Percentage,Malta,2016-01-01,5.714
Annual,Renewable energy - electricity,Percentage,Malta,2017-01-01,6.845
Annual,Renewable energy - electricity,Percentage,Malta,2018-01-01,7.702
Annual,Renewable energy - electricity,Percentage,Malta,2019-01-01,7.485
Annual,Renewable energy - electricity,Percentage,Malta,2020-01-01,9.489
Annual,Renewable energy - electricity,Percentage,Malta,2021-01-01,9.649
Annual,Renewable energy - electricity,Percentage,Malta,2022-01-01,10.109
Annual,Renewable energy - electricity,Percentage,Malta,2023-01-01,10.729
Annual,Renewable energy - electricity,Percentage,Malta,2024-01-01,10.655
Annual,Renewable energy - electricity,Percentage,Netherlands,2004-01-01,4.446
Annual,Renewable energy - electricity,Percentage,Netherlands,2005-01-01,6.297
Annual,Renewable energy - electricity,Percentage,Netherlands,2006-01-01,6.541
Annual,Renewable energy - electricity,Percentage,Netherlands,2007-01-01,5.963
Annual,Renewable energy - electricity,Percentage,Netherlands,2008-01-01,7.464
Annual,Renewable energy - electricity,Percentage,Netherlands,2009-01-01,9.069
Annual,Renewable energy - electricity,Percentage,Netherlands,2010-01-01,9.601
Annual,Renewable energy - electricity,Percentage,Netherlands,2011-01-01,9.74
Annual,Renewable energy - electricity,Percentage,Netherlands,2012-01-01,10.35
Annual,Renewable energy - electricity,Percentage,Netherlands,2013-01-01,9.911
Annual,Renewable energy - electricity,Percentage,Netherlands,2014-01-01,9.924
Annual,Renewable energy - electricity,Percentage,Netherlands,2015-01-01,11.04
Annual,Renewable energy - electricity,Percentage,Netherlands,2016-01-01,12.55
Annual,Renewable energy - electricity,Percentage,Netherlands,2017-01-01,13.812
Annual,Renewable energy - electricity,Percentage,Netherlands,2018-01-01,15.171
Annual,Renewable energy - electricity,Percentage,Netherlands,2019-01-01,18.23
Annual,Renewable energy - electricity,Percentage,Netherlands,2020-01-01,26.407
Annual,Renewable energy - electricity,Percentage,Netherlands,2021-01-01,33.251
Annual,Renewable energy - electricity,Percentage,Netherlands,2022-01-01,39.651
Annual,Renewable energy - electricity,Percentage,Netherlands,2023-01-01,46.419
Annual,Renewable energy - electricity,Percentage,Netherlands,2024-01-01,50.545
Annual,Renewable energy - electricity,Percentage,Austria,2004-01-01,61.627
Annual,Renewable energy - electricity,Percentage,Austria,2005-01-01,62.901
Annual,Renewable energy - electricity,Percentage,Austria,2006-01-01,63.527
Annual,Renewable energy - electricity,Percentage,Austria,2007-01-01,65.666
Annual,Renewable energy - electricity,Percentage,Austria,2008-01-01,65.88
Annual,Renewable energy - electricity,Percentage,Austria,2009-01-01,68.626
Annual,Renewable energy - electricity,Percentage,Austria,2010-01-01,66.361
Annual,Renewable energy - electricity,Percentage,Austria,2011-01-01,66.779
Annual,Renewable energy - electricity,Percentage,Austria,2012-01-01,67.439
Annual,Renewable energy - electricity,Percentage,Austria,2013-01-01,68.909
Annual,Renewable energy - electricity,Percentage,Austria,2014-01-01,71.059
Annual,Renewable energy - electricity,Percentage,Austria,2015-01-01,71.487
Annual,Renewable energy - electricity,Percentage,Austria,2016-01-01,72.521
Annual,Renewable energy - electricity,Percentage,Austria,2017-01-01,71.626
Annual,Renewable energy - electricity,Percentage,Austria,2018-01-01,74.189
Annual,Renewable energy - electricity,Percentage,Austria,2019-01-01,75.067
Annual,Renewable energy - electricity,Percentage,Austria,2020-01-01,78.204
Annual,Renewable energy - electricity,Percentage,Austria,2021-01-01,74.008
Annual,Renewable energy - electricity,Percentage,Austria,2022-01-01,73.64
Annual,Renewable energy - electricity,Percentage,Austria,2023-01-01,87.899
Annual,Renewable energy - electricity,Percentage,Austria,2024-01-01,90.065
Annual,Renewable energy - electricity,Percentage,Poland,2004-01-01,2.049
Annual,Renewable energy - electricity,Percentage,Poland,2005-01-01,2.512
Annual,Renewable energy - electricity,Percentage,Poland,2006-01-01,2.86
Annual,Renewable energy - electricity,Percentage,Poland,2007-01-01,3.316
Annual,Renewable energy - electricity,Percentage,Poland,2008-01-01,4.248
Annual,Renewable energy - electricity,Percentage,Poland,2009-01-01,5.713
Annual,Renewable energy - electricity,Percentage,Poland,2010-01-01,6.549
Annual,Renewable energy - electricity,Percentage,Poland,2011-01-01,8.078
Annual,Renewable energy - electricity,Percentage,Poland,2012-01-01,10.61
Annual,Renewable energy - electricity,Percentage,Poland,2013-01-01,10.676
Annual,Renewable energy - electricity,Percentage,Poland,2014-01-01,12.36
Annual,Renewable energy - electricity,Percentage,Poland,2015-01-01,13.401
Annual,Renewable energy - electricity,Percentage,Poland,2016-01-01,13.342
Annual,Renewable energy - electricity,Percentage,Poland,2017-01-01,13.082
Annual,Renewable energy - electricity,Percentage,Poland,2018-01-01,13.027
Annual,Renewable energy - electricity,Percentage,Poland,2019-01-01,14.356
Annual,Renewable energy - electricity,Percentage,Poland,2020-01-01,16.237
Annual,Renewable energy - electricity,Percentage,Poland,2021-01-01,17.167
Annual,Renewable energy - electricity,Percentage,Poland,2022-01-01,21.009
Annual,Renewable energy - electricity,Percentage,Poland,2023-01-01,25.793
Annual,Renewable energy - electricity,Percentage,Poland,2024-01-01,30.37
Annual,Renewable energy - electricity,Percentage,Portugal,2004-01-01,27.39
Annual,Renewable energy - electricity,Percentage,Portugal,2005-01-01,27.703
Annual,Renewable energy - electricity,Percentage,Portugal,2006-01-01,29.308
Annual,Renewable energy - electricity,Percentage,Portugal,2007-01-01,32.285
Annual,Renewable energy - electricity,Percentage,Portugal,2008-01-01,34.063
Annual,Renewable energy - electricity,Percentage,Portugal,2009-01-01,37.562
Annual,Renewable energy - electricity,Percentage,Portugal,2010-01-01,40.608
Annual,Renewable energy - electricity,Percentage,Portugal,2011-01-01,45.78
Annual,Renewable energy - electricity,Percentage,Portugal,2012-01-01,47.505
Annual,Renewable energy - electricity,Percentage,Portugal,2013-01-01,49.101
Annual,Renewable energy - electricity,Percentage,Portugal,2014-01-01,52.054
Annual,Renewable energy - electricity,Percentage,Portugal,2015-01-01,52.616
Annual,Renewable energy - electricity,Percentage,Portugal,2016-01-01,53.99
Annual,Renewable energy - electricity,Percentage,Portugal,2017-01-01,54.168
Annual,Renewable energy - electricity,Percentage,Portugal,2018-01-01,52.186
Annual,Renewable energy - electricity,Percentage,Portugal,2019-01-01,53.774
Annual,Renewable energy - electricity,Percentage,Portugal,2020-01-01,58.032
Annual,Renewable energy - electricity,Percentage,Portugal,2021-01-01,58.433
Annual,Renewable energy - electricity,Percentage,Portugal,2022-01-01,60.991
Annual,Renewable energy - electricity,Percentage,Portugal,2023-01-01,63.01
Annual,Renewable energy - electricity,Percentage,Portugal,2024-01-01,65.801
Annual,Renewable energy - electricity,Percentage,Romania,2004-01-01,28.427
Annual,Renewable energy - electricity,Percentage,Romania,2005-01-01,28.775
Annual,Renewable energy - electricity,Percentage,Romania,2006-01-01,28.054
Annual,Renewable energy - electricity,Percentage,Romania,2007-01-01,28.108
Annual,Renewable energy - electricity,Percentage,Romania,2008-01-01,28.075
Annual,Renewable energy - electricity,Percentage,Romania,2009-01-01,30.894
Annual,Renewable energy - electricity,Percentage,Romania,2010-01-01,30.378
Annual,Renewable energy - electricity,Percentage,Romania,2011-01-01,31.131
Annual,Renewable energy - electricity,Percentage,Romania,2012-01-01,33.567
Annual,Renewable energy - electricity,Percentage,Romania,2013-01-01,37.516
Annual,Renewable energy - electricity,Percentage,Romania,2014-01-01,41.679
Annual,Renewable energy - electricity,Percentage,Romania,2015-01-01,43.161
Annual,Renewable energy - electricity,Percentage,Romania,2016-01-01,42.712
Annual,Renewable energy - electricity,Percentage,Romania,2017-01-01,41.965
Annual,Renewable energy - electricity,Percentage,Romania,2018-01-01,41.793
Annual,Renewable energy - electricity,Percentage,Romania,2019-01-01,42.616
Annual,Renewable energy - electricity,Percentage,Romania,2020-01-01,43.374
Annual,Renewable energy - electricity,Percentage,Romania,2021-01-01,42.676
Annual,Renewable energy - electricity,Percentage,Romania,2022-01-01,43.726
Annual,Renewable energy - electricity,Percentage,Romania,2023-01-01,47.391
Annual,Renewable energy - electricity,Percentage,Romania,2024-01-01,47.645
Annual,Renewable energy - electricity,Percentage,Slovenia,2004-01-01,29.271
Annual,Renewable energy - electricity,Percentage,Slovenia,2005-01-01,28.654
Annual,Renewable energy - electricity,Percentage,Slovenia,2006-01-01,28.231
Annual,Renewable energy - electricity,Percentage,Slovenia,2007-01-01,27.697
Annual,Renewable energy - electricity,Percentage,Slovenia,2008-01-01,29.962
Annual,Renewable energy - electricity,Percentage,Slovenia,2009-01-01,33.756
Annual,Renewable energy - electricity,Percentage,Slovenia,2010-01-01,32.2
Annual,Renewable energy - electricity,Percentage,Slovenia,2011-01-01,31.045
Annual,Renewable energy - electricity,Percentage,Slovenia,2012-01-01,31.637
Annual,Renewable energy - electricity,Percentage,Slovenia,2013-01-01,33.081
Annual,Renewable energy - electricity,Percentage,Slovenia,2014-01-01,33.935
Annual,Renewable energy - electricity,Percentage,Slovenia,2015-01-01,32.722
Annual,Renewable energy - electricity,Percentage,Slovenia,2016-01-01,32.056
Annual,Renewable energy - electricity,Percentage,Slovenia,2017-01-01,32.425
Annual,Renewable energy - electricity,Percentage,Slovenia,2018-01-01,32.307
Annual,Renewable energy - electricity,Percentage,Slovenia,2019-01-01,32.632
Annual,Renewable energy - electricity,Percentage,Slovenia,2020-01-01,35.095
Annual,Renewable energy - electricity,Percentage,Slovenia,2021-01-01,34.976
Annual,Renewable energy - electricity,Percentage,Slovenia,2022-01-01,37.005
Annual,Renewable energy - electricity,Percentage,Slovenia,2023-01-01,41.887
Annual,Renewable energy - electricity,Percentage,Slovenia,2024-01-01,43.079
Annual,Renewable energy - electricity,Percentage,Slovakia,2004-01-01,15.403
Annual,Renewable energy - electricity,Percentage,Slovakia,2005-01-01,15.735
Annual,Renewable energy - electricity,Percentage,Slovakia,2006-01-01,16.566
Annual,Renewable energy - electricity,Percentage,Slovakia,2007-01-01,16.467
Annual,Renewable energy - electricity,Percentage,Slovakia,2008-01-01,17.013
Annual,Renewable energy - electricity,Percentage,Slovakia,2009-01-01,17.765
Annual,Renewable energy - electricity,Percentage,Slovakia,2010-01-01,17.774
Annual,Renewable energy - electricity,Percentage,Slovakia,2011-01-01,19.305
Annual,Renewable energy - electricity,Percentage,Slovakia,2012-01-01,20.054
Annual,Renewable energy - electricity,Percentage,Slovakia,2013-01-01,20.8
Annual,Renewable energy - electricity,Percentage,Slovakia,2014-01-01,22.87
Annual,Renewable energy - electricity,Percentage,Slovakia,2015-01-01,22.656
Annual,Renewable energy - electricity,Percentage,Slovakia,2016-01-01,22.513
Annual,Renewable energy - electricity,Percentage,Slovakia,2017-01-01,21.343
Annual,Renewable energy - electricity,Percentage,Slovakia,2018-01-01,21.499
Annual,Renewable energy - electricity,Percentage,Slovakia,2019-01-01,22.103
Annual,Renewable energy - electricity,Percentage,Slovakia,2020-01-01,23.066
Annual,Renewable energy - electricity,Percentage,Slovakia,2021-01-01,22.402
Annual,Renewable energy - electricity,Percentage,Slovakia,2022-01-01,22.901
Annual,Renewable energy - electricity,Percentage,Slovakia,2023-01-01,24.201
Annual,Renewable energy - electricity,Percentage,Slovakia,2024-01-01,24.91
Annual,Renewable energy - electricity,Percentage,Finland,2004-01-01,26.711
Annual,Renewable energy - electricity,Percentage,Finland,2005-01-01,26.918
Annual,Renewable energy - electricity,Percentage,Finland,2006-01-01,26.42
Annual,Renewable energy - electricity,Percentage,Finland,2007-01-01,25.468
Annual,Renewable energy - electricity,Percentage,Finland,2008-01-01,26.745
Annual,Renewable energy - electricity,Percentage,Finland,2009-01-01,26.821
Annual,Renewable energy - electricity,Percentage,Finland,2010-01-01,27.216
Annual,Renewable energy - electricity,Percentage,Finland,2011-01-01,28.964
Annual,Renewable energy - electricity,Percentage,Finland,2012-01-01,29.11
Annual,Renewable energy - electricity,Percentage,Finland,2013-01-01,30.543
Annual,Renewable energy - electricity,Percentage,Finland,2014-01-01,31.114
Annual,Renewable energy - electricity,Percentage,Finland,2015-01-01,32.207
Annual,Renewable energy - electricity,Percentage,Finland,2016-01-01,32.716
Annual,Renewable energy - electricity,Percentage,Finland,2017-01-01,35.044
Annual,Renewable energy - electricity,Percentage,Finland,2018-01-01,36.539
Annual,Renewable energy - electricity,Percentage,Finland,2019-01-01,37.969
Annual,Renewable energy - electricity,Percentage,Finland,2020-01-01,39.564
Annual,Renewable energy - electricity,Percentage,Finland,2021-01-01,39.583
Annual,Renewable energy - electricity,Percentage,Finland,2022-01-01,47.966
Annual,Renewable energy - electricity,Percentage,Finland,2023-01-01,52.374
Annual,Renewable energy - electricity,Percentage,Finland,2024-01-01,54.309
Annual,Renewable energy - electricity,Percentage,Sweden,2004-01-01,51.196
Annual,Renewable energy - electricity,Percentage,Sweden,2005-01-01,50.899
Annual,Renewable energy - electricity,Percentage,Sweden,2006-01-01,51.783
Annual,Renewable energy - electricity,Percentage,Sweden,2007-01-01,53.21
Annual,Renewable energy - electricity,Percentage,Sweden,2008-01-01,53.687
Annual,Renewable energy - electricity,Percentage,Sweden,2009-01-01,58.252
Annual,Renewable energy - electricity,Percentage,Sweden,2010-01-01,55.767
Annual,Renewable energy - electricity,Percentage,Sweden,2011-01-01,59.624
Annual,Renewable energy - electricity,Percentage,Sweden,2012-01-01,59.779
Annual,Renewable energy - electricity,Percentage,Sweden,2013-01-01,61.737
Annual,Renewable energy - electricity,Percentage,Sweden,2014-01-01,63.214
Annual,Renewable energy - electricity,Percentage,Sweden,2015-01-01,65.733
Annual,Renewable energy - electricity,Percentage,Sweden,2016-01-01,64.869
Annual,Renewable energy - electricity,Percentage,Sweden,2017-01-01,65.909
Annual,Renewable energy - electricity,Percentage,Sweden,2018-01-01,66.228
Annual,Renewable energy - electricity,Percentage,Sweden,2019-01-01,71.234
Annual,Renewable energy - electricity,Percentage,Sweden,2020-01-01,74.495
Annual,Renewable energy - electricity,Percentage,Sweden,2021-01-01,75.76
Annual,Renewable energy - electricity,Percentage,Sweden,2022-01-01,83.372
Annual,Renewable energy - electricity,Percentage,Sweden,2023-01-01,87.547
Annual,Renewable energy - electricity,Percentage,Sweden,2024-01-01,88.143
Annual,Renewable energy - electricity,Percentage,Iceland,2004-01-01,93.148
Annual,Renewable energy - electricity,Percentage,Iceland,2005-01-01,94.928
Annual,Renewable energy - electricity,Percentage,Iceland,2006-01-01,93.497
Annual,Renewable energy - electricity,Percentage,Iceland,2007-01-01,113.7
Annual,Renewable energy - electricity,Percentage,Iceland,2008-01-01,90.847
Annual,Renewable energy - electricity,Percentage,Iceland,2009-01-01,92.861
Annual,Renewable energy - electricity,Percentage,Iceland,2010-01-01,92.419
Annual,Renewable energy - electricity,Percentage,Iceland,2011-01-01,93.915
Annual,Renewable energy - electricity,Percentage,Iceland,2012-01-01,95.422
Annual,Renewable energy - electricity,Percentage,Iceland,2013-01-01,96.719
Annual,Renewable energy - electricity,Percentage,Iceland,2014-01-01,97.063
Annual,Renewable energy - electricity,Percentage,Iceland,2015-01-01,93.11
Annual,Renewable energy - electricity,Percentage,Iceland,2016-01-01,95.31
Annual,Renewable energy - electricity,Percentage,Iceland,2017-01-01,93.376
Annual,Renewable energy - electricity,Percentage,Iceland,2018-01-01,98.497
Annual,Renewable energy - electricity,Percentage,Iceland,2019-01-01,100.64
Annual,Renewable energy - electricity,Percentage,Iceland,2020-01-01,102.709
Annual,Renewable energy - electricity,Percentage,Iceland,2021-01-01,99.536
Annual,Renewable energy - electricity,Percentage,Iceland,2022-01-01,98.674
Annual,Renewable energy - electricity,Percentage,Iceland,2023-01-01,99.896
Annual,Renewable energy - electricity,Percentage,Iceland,2024-01-01,102.443
Annual,Renewable energy - electricity,Percentage,Norway,2004-01-01,97.973
Annual,Renewable energy - electricity,Percentage,Norway,2005-01-01,97.423
Annual,Renewable energy - electricity,Percentage,Norway,2006-01-01,100.843
Annual,Renewable energy - electricity,Percentage,Norway,2007-01-01,99.052
Annual,Renewable energy - electricity,Percentage,Norway,2008-01-01,100.154
Annual,Renewable energy - electricity,Percentage,Norway,2009-01-01,105.191
Annual,Renewable energy - electricity,Percentage,Norway,2010-01-01,98.252
Annual,Renewable energy - electricity,Percentage,Norway,2011-01-01,105.887
Annual,Renewable energy - electricity,Percentage,Norway,2012-01-01,104.599
Annual,Renewable energy - electricity,Percentage,Norway,2013-01-01,106.917
Annual,Renewable energy - electricity,Percentage,Norway,2014-01-01,110.135
Annual,Renewable energy - electricity,Percentage,Norway,2015-01-01,106.83
Annual,Renewable energy - electricity,Percentage,Norway,2016-01-01,105.638
Annual,Renewable energy - electricity,Percentage,Norway,2017-01-01,104.85
Annual,Renewable energy - electricity,Percentage,Norway,2018-01-01,106.829
Annual,Renewable energy - electricity,Percentage,Norway,2019-01-01,110.445
Annual,Renewable energy - electricity,Percentage,Norway,2020-01-01,113.802
Annual,Renewable energy - electricity,Percentage,Norway,2021-01-01,113.642
Annual,Renewable energy - electricity,Percentage,Norway,2022-01-01,120.01
Annual,Renewable energy - electricity,Percentage,Norway,2023-01-01,116.538
Annual,Renewable energy - electricity,Percentage,Norway,2024-01-01,115.063
Annual,Renewable energy - electricity,Percentage,Bosnia and Herzegovina,2014-01-01,38.394
Annual,Renewable energy - electricity,Percentage,Bosnia and Herzegovina,2015-01-01,38.726
Annual,Renewable energy - electricity,Percentage,Bosnia and Herzegovina,2016-01-01,40.829
Annual,Renewable energy - electricity,Percentage,Bosnia and Herzegovina,2017-01-01,39.564
Annual,Renewable energy - electricity,Percentage,Bosnia and Herzegovina,2018-01-01,41.498
Annual,Renewable energy - electricity,Percentage,Bosnia and Herzegovina,2019-01-01,45.482
Annual,Renewable energy - electricity,Percentage,Bosnia and Herzegovina,2020-01-01,49.308
Annual,Renewable energy - electricity,Percentage,Bosnia and Herzegovina,2021-01-01,46.42
Annual,Renewable energy - electricity,Percentage,Bosnia and Herzegovina,2022-01-01,48.521
Annual,Renewable energy - electricity,Percentage,Bosnia and Herzegovina,2023-01-01,51.667
Annual,Renewable energy - electricity,Percentage,Bosnia and Herzegovina,2024-01-01,52.742
Annual,Renewable energy - electricity,Percentage,Montenegro,2005-01-01,39.102
Annual,Renewable energy - electricity,Percentage,Montenegro,2006-01-01,37.679
Annual,Renewable energy - electricity,Percentage,Montenegro,2007-01-01,37.622
Annual,Renewable energy - electricity,Percentage,Montenegro,2008-01-01,38.258
Annual,Renewable energy - electricity,Percentage,Montenegro,2009-01-01,46.615
Annual,Renewable energy - electricity,Percentage,Montenegro,2010-01-01,45.74
Annual,Renewable energy - electricity,Percentage,Montenegro,2011-01-01,41.583
Annual,Renewable energy - electricity,Percentage,Montenegro,2012-01-01,42.765
Annual,Renewable energy - electricity,Percentage,Montenegro,2013-01-01,49.067
Annual,Renewable energy - electricity,Percentage,Montenegro,2014-01-01,51.444
Annual,Renewable energy - electricity,Percentage,Montenegro,2015-01-01,49.613
Annual,Renewable energy - electricity,Percentage,Montenegro,2016-01-01,50.961
Annual,Renewable energy - electricity,Percentage,Montenegro,2017-01-01,50.111
Annual,Renewable energy - electricity,Percentage,Montenegro,2018-01-01,52.419
Annual,Renewable energy - electricity,Percentage,Montenegro,2019-01-01,53.647
Annual,Renewable energy - electricity,Percentage,Montenegro,2020-01-01,61.49
Annual,Renewable energy - electricity,Percentage,Montenegro,2021-01-01,60.462
Annual,Renewable energy - electricity,Percentage,Montenegro,2022-01-01,68.514
Annual,Renewable energy - electricity,Percentage,Montenegro,2023-01-01,67.529
Annual,Renewable energy - electricity,Percentage,Montenegro,2024-01-01,66.566
Annual,Renewable energy - electricity,Percentage,Moldova,2004-01-01,0.841
Annual,Renewable energy - electricity,Percentage,Moldova,2005-01-01,0.821
Annual,Renewable energy - electricity,Percentage,Moldova,2006-01-01,0.787
Annual,Renewable energy - electricity,Percentage,Moldova,2007-01-01,0.83
Annual,Renewable energy - electricity,Percentage,Moldova,2008-01-01,0.828
Annual,Renewable energy - electricity,Percentage,Moldova,2009-01-01,0.959
Annual,Renewable energy - electricity,Percentage,Moldova,2010-01-01,1.813
Annual,Renewable energy - electricity,Percentage,Moldova,2011-01-01,1.799
Annual,Renewable energy - electricity,Percentage,Moldova,2012-01-01,1.694
Annual,Renewable energy - electricity,Percentage,Moldova,2013-01-01,1.693
Annual,Renewable energy - electricity,Percentage,Moldova,2014-01-01,1.903
Annual,Renewable energy - electricity,Percentage,Moldova,2015-01-01,1.975
Annual,Renewable energy - electricity,Percentage,Moldova,2016-01-01,1.947
Annual,Renewable energy - electricity,Percentage,Moldova,2017-01-01,2.137
Annual,Renewable energy - electricity,Percentage,Moldova,2018-01-01,2.627
Annual,Renewable energy - electricity,Percentage,Moldova,2019-01-01,3.039
Annual,Renewable energy - electricity,Percentage,Moldova,2020-01-01,3.118
Annual,Renewable energy - electricity,Percentage,Moldova,2021-01-01,3.579
Annual,Renewable energy - electricity,Percentage,Moldova,2022-01-01,5.535
Annual,Renewable energy - electricity,Percentage,Moldova,2023-01-01,9.209
Annual,Renewable energy - electricity,Percentage,Moldova,2024-01-01,13.689
Annual,Renewable energy - electricity,Percentage,North Macedonia,2004-01-01,14.511
Annual,Renewable energy - electricity,Percentage,North Macedonia,2005-01-01,13.989
Annual,Renewable energy - electricity,Percentage,North Macedonia,2006-01-01,14.011
Annual,Renewable energy - electricity,Percentage,North Macedonia,2007-01-01,13.671
Annual,Renewable energy - electricity,Percentage,North Macedonia,2008-01-01,13.848
Annual,Renewable energy - electricity,Percentage,North Macedonia,2009-01-01,15.471
Annual,Renewable energy - electricity,Percentage,North Macedonia,2010-01-01,15.847
Annual,Renewable energy - electricity,Percentage,North Macedonia,2011-01-01,14.849
Annual,Renewable energy - electricity,Percentage,North Macedonia,2012-01-01,16.659
Annual,Renewable energy - electricity,Percentage,North Macedonia,2013-01-01,18.206
Annual,Renewable energy - electricity,Percentage,North Macedonia,2014-01-01,19.273
Annual,Renewable energy - electricity,Percentage,North Macedonia,2015-01-01,21.663
Annual,Renewable energy - electricity,Percentage,North Macedonia,2016-01-01,24.138
Annual,Renewable energy - electricity,Percentage,North Macedonia,2017-01-01,24.839
Annual,Renewable energy - electricity,Percentage,North Macedonia,2018-01-01,24.838
Annual,Renewable energy - electricity,Percentage,North Macedonia,2019-01-01,23.778
Annual,Renewable energy - electricity,Percentage,North Macedonia,2020-01-01,23.532
Annual,Renewable energy - electricity,Percentage,North Macedonia,2021-01-01,22.785
Annual,Renewable energy - electricity,Percentage,North Macedonia,2022-01-01,25.868
Annual,Renewable energy - electricity,Percentage,North Macedonia,2023-01-01,32.345
Annual,Renewable energy - electricity,Percentage,North Macedonia,2024-01-01,40.072
Annual,Renewable energy - electricity,Percentage,Georgia,2021-01-01,51.314
Annual,Renewable energy - electricity,Percentage,Georgia,2022-01-01,55.492
Annual,Renewable energy - electricity,Percentage,Georgia,2023-01-01,66.257
Annual,Renewable energy - electricity,Percentage,Georgia,2024-01-01,68.413
Annual,Renewable energy - electricity,Percentage,Albania,2004-01-01,69.979
Annual,Renewable energy - electricity,Percentage,Albania,2005-01-01,76.112
Annual,Renewable energy - electricity,Percentage,Albania,2006-01-01,74.208
Annual,Renewable energy - electricity,Percentage,Albania,2007-01-01,79.631
Annual,Renewable energy - electricity,Percentage,Albania,2008-01-01,73.299
Annual,Renewable energy - electricity,Percentage,Albania,2009-01-01,70.714
Annual,Renewable energy - electricity,Percentage,Albania,2010-01-01,74.618
Annual,Renewable energy - electricity,Percentage,Albania,2011-01-01,66.131
Annual,Renewable energy - electricity,Percentage,Albania,2012-01-01,72.427
Annual,Renewable energy - electricity,Percentage,Albania,2013-01-01,62.665
Annual,Renewable energy - electricity,Percentage,Albania,2014-01-01,70.985
Annual,Renewable energy - electricity,Percentage,Albania,2015-01-01,79.222
Annual,Renewable energy - electricity,Percentage,Albania,2016-01-01,82.104
Annual,Renewable energy - electricity,Percentage,Albania,2017-01-01,91.025
Annual,Renewable energy - electricity,Percentage,Albania,2018-01-01,92.45
Annual,Renewable energy - electricity,Percentage,Albania,2019-01-01,92.994
Annual,Renewable energy - electricity,Percentage,Albania,2020-01-01,99.975
Annual,Renewable energy - electricity,Percentage,Albania,2021-01-01,94.421
Annual,Renewable energy - electricity,Percentage,Albania,2022-01-01,102.969
Annual,Renewable energy - electricity,Percentage,Albania,2023-01-01,105.381
Annual,Renewable energy - electricity,Percentage,Albania,2024-01-01,105.188
Annual,Renewable energy - electricity,Percentage,Serbia,2004-01-01,18.486
Annual,Renewable energy - electricity,Percentage,Serbia,2005-01-01,22.366
Annual,Renewable energy - electricity,Percentage,Serbia,2006-01-01,23.603
Annual,Renewable energy - electricity,Percentage,Serbia,2007-01-01,24.812
Annual,Renewable energy - electricity,Percentage,Serbia,2008-01-01,25.858
Annual,Renewable energy - electricity,Percentage,Serbia,2009-01-01,28.252
Annual,Renewable energy - electricity,Percentage,Serbia,2010-01-01,28.183
Annual,Renewable energy - electricity,Percentage,Serbia,2011-01-01,27.526
Annual,Renewable energy - electricity,Percentage,Serbia,2012-01-01,28.509
Annual,Renewable energy - electricity,Percentage,Serbia,2013-01-01,27.971
Annual,Renewable energy - electricity,Percentage,Serbia,2014-01-01,30.274
Annual,Renewable energy - electricity,Percentage,Serbia,2015-01-01,28.915
Annual,Renewable energy - electricity,Percentage,Serbia,2016-01-01,29.154
Annual,Renewable energy - electricity,Percentage,Serbia,2017-01-01,27.448
Annual,Renewable energy - electricity,Percentage,Serbia,2018-01-01,28.658
Annual,Renewable energy - electricity,Percentage,Serbia,2019-01-01,30.107
Annual,Renewable energy - electricity,Percentage,Serbia,2020-01-01,30.701
Annual,Renewable energy - electricity,Percentage,Serbia,2021-01-01,29.897
Annual,Renewable energy - electricity,Percentage,Serbia,2022-01-01,30.142
Annual,Renewable energy - electricity,Percentage,Serbia,2023-01-01,31.748
Annual,Renewable energy - electricity,Percentage,Serbia,2024-01-01,32.051
Annual,Renewable energy - electricity,Percentage,Kosovo*,2004-01-01,0.472
Annual,Renewable energy - electricity,Percentage,Kosovo*,2005-01-01,0.611
Annual,Renewable energy - electricity,Percentage,Kosovo*,2006-01-01,0.907
Annual,Renewable energy - electricity,Percentage,Kosovo*,2007-01-01,0.971
Annual,Renewable energy - electricity,Percentage,Kosovo*,2008-01-01,0.971
Annual,Renewable energy - electricity,Percentage,Kosovo*,2009-01-01,1.136
Annual,Renewable energy - electricity,Percentage,Kosovo*,2010-01-01,1.361
Annual,Renewable energy - electricity,Percentage,Kosovo*,2011-01-01,1.368
Annual,Renewable energy - electricity,Percentage,Kosovo*,2012-01-01,1.496
Annual,Renewable energy - electricity,Percentage,Kosovo*,2013-01-01,1.628
Annual,Renewable energy - electricity,Percentage,Kosovo*,2014-01-01,1.867
Annual,Renewable energy - electricity,Percentage,Kosovo*,2015-01-01,1.842
Annual,Renewable energy - electricity,Percentage,Kosovo*,2016-01-01,3.973
Annual,Renewable energy - electricity,Percentage,Kosovo*,2017-01-01,3.622
Annual,Renewable energy - electricity,Percentage,Kosovo*,2018-01-01,4.234
Annual,Renewable energy - electricity,Percentage,Kosovo*,2019-01-01,5.155
Annual,Renewable energy - electricity,Percentage,Kosovo*,2020-01-01,5.259
Annual,Renewable energy - electricity,Percentage,Kosovo*,2021-01-01,5.172
Annual,Renewable energy - electricity,Percentage,Kosovo*,2022-01-01,6.685
Annual,Renewable energy - electricity,Percentage,Kosovo*,2023-01-01,8.975
Annual,Renewable energy - electricity,Percentage,Kosovo*,2024-01-01,9.36
Annual,Renewable energy - heating and cooling,Percentage,European Union - 27 countries (from 2020),2004-01-01,11.735
Annual,Renewable energy - heating and cooling,Percentage,European Union - 27 countries (from 2020),2005-01-01,12.437
Annual,Renewable energy - heating and cooling,Percentage,European Union - 27 countries (from 2020),2006-01-01,13.21
Annual,Renewable energy - heating and cooling,Percentage,European Union - 27 countries (from 2020),2007-01-01,14.819
Annual,Renewable energy - heating and cooling,Percentage,European Union - 27 countries (from 2020),2008-01-01,15.325
Annual,Renewable energy - heating and cooling,Percentage,European Union - 27 countries (from 2020),2009-01-01,16.786
Annual,Renewable energy - heating and cooling,Percentage,European Union - 27 countries (from 2020),2010-01-01,16.995
Annual,Renewable energy - heating and cooling,Percentage,European Union - 27 countries (from 2020),2011-01-01,17.415
Annual,Renewable energy - heating and cooling,Percentage,European Union - 27 countries (from 2020),2012-01-01,18.582
Annual,Renewable energy - heating and cooling,Percentage,European Union - 27 countries (from 2020),2013-01-01,19.044
Annual,Renewable energy - heating and cooling,Percentage,European Union - 27 countries (from 2020),2014-01-01,19.929
Annual,Renewable energy - heating and cooling,Percentage,European Union - 27 countries (from 2020),2015-01-01,20.307
Annual,Renewable energy - heating and cooling,Percentage,European Union - 27 countries (from 2020),2016-01-01,20.4
Annual,Renewable energy - heating and cooling,Percentage,European Union - 27 countries (from 2020),2017-01-01,20.819
Annual,Renewable energy - heating and cooling,Percentage,European Union - 27 countries (from 2020),2018-01-01,21.604
Annual,Renewable energy - heating and cooling,Percentage,European Union - 27 countries (from 2020),2019-01-01,22.432
Annual,Renewable energy - heating and cooling,Percentage,European Union - 27 countries (from 2020),2020-01-01,22.983
Annual,Renewable energy - heating and cooling,Percentage,European Union - 27 countries (from 2020),2021-01-01,23.033
Annual,Renewable energy - heating and cooling,Percentage,European Union - 27 countries (from 2020),2022-01-01,24.775
Annual,Renewable energy - heating and cooling,Percentage,European Union - 27 countries (from 2020),2023-01-01,26.231
Annual,Renewable energy - heating and cooling,Percentage,European Union - 27 countries (from 2020),2024-01-01,26.738
Annual,Renewable energy - heating and cooling,Percentage,Euro area – 21 countries (from 2026),2021-01-01,50.522
Annual,Renewable energy - heating and cooling,Percentage,Euro area – 21 countries (from 2026),2022-01-01,53.917
Annual,Renewable energy - heating and cooling,Percentage,Euro area – 21 countries (from 2026),2023-01-01,60.076
Annual,Renewable energy - heating and cooling,Percentage,Euro area – 21 countries (from 2026),2024-01-01,58.761
Annual,Renewable energy - heating and cooling,Percentage,Euro area – 20 countries (2023-2025),2021-01-01,20.667
Annual,Renewable energy - heating and cooling,Percentage,Euro area – 20 countries (2023-2025),2022-01-01,22.432
Annual,Renewable energy - heating and cooling,Percentage,Euro area – 20 countries (2023-2025),2023-01-01,24.017
Annual,Renewable energy - heating and cooling,Percentage,Euro area – 20 countries (2023-2025),2024-01-01,24.574
Annual,Renewable energy - heating and cooling,Percentage,Belgium,2004-01-01,2.927
Annual,Renewable energy - heating and cooling,Percentage,Belgium,2005-01-01,3.418
Annual,Renewable energy - heating and cooling,Percentage,Belgium,2006-01-01,3.812
Annual,Renewable energy - heating and cooling,Percentage,Belgium,2007-01-01,4.713
Annual,Renewable energy - heating and cooling,Percentage,Belgium,2008-01-01,5.121
Annual,Renewable energy - heating and cooling,Percentage,Belgium,2009-01-01,6.087
Annual,Renewable energy - heating and cooling,Percentage,Belgium,2010-01-01,6.71
Annual,Renewable energy - heating and cooling,Percentage,Belgium,2011-01-01,6.718
Annual,Renewable energy - heating and cooling,Percentage,Belgium,2012-01-01,7.108
Annual,Renewable energy - heating and cooling,Percentage,Belgium,2013-01-01,7.639
Annual,Renewable energy - heating and cooling,Percentage,Belgium,2014-01-01,7.751
Annual,Renewable energy - heating and cooling,Percentage,Belgium,2015-01-01,7.942
Annual,Renewable energy - heating and cooling,Percentage,Belgium,2016-01-01,8.247
Annual,Renewable energy - heating and cooling,Percentage,Belgium,2017-01-01,8.2
Annual,Renewable energy - heating and cooling,Percentage,Belgium,2018-01-01,8.29
Annual,Renewable energy - heating and cooling,Percentage,Belgium,2019-01-01,8.319
Annual,Renewable energy - heating and cooling,Percentage,Belgium,2020-01-01,8.447
Annual,Renewable energy - heating and cooling,Percentage,Belgium,2021-01-01,9.21
Annual,Renewable energy - heating and cooling,Percentage,Belgium,2022-01-01,10.425
Annual,Renewable energy - heating and cooling,Percentage,Belgium,2023-01-01,11.211
Annual,Renewable energy - heating and cooling,Percentage,Belgium,2024-01-01,11.259
Annual,Renewable energy - heating and cooling,Percentage,Bulgaria,2004-01-01,14.056
Annual,Renewable energy - heating and cooling,Percentage,Bulgaria,2005-01-01,14.257
Annual,Renewable energy - heating and cooling,Percentage,Bulgaria,2006-01-01,14.79
Annual,Renewable energy - heating and cooling,Percentage,Bulgaria,2007-01-01,13.862
Annual,Renewable energy - heating and cooling,Percentage,Bulgaria,2008-01-01,17.262
Annual,Renewable energy - heating and cooling,Percentage,Bulgaria,2009-01-01,21.639
Annual,Renewable energy - heating and cooling,Percentage,Bulgaria,2010-01-01,24.334
Annual,Renewable energy - heating and cooling,Percentage,Bulgaria,2011-01-01,24.768
Annual,Renewable energy - heating and cooling,Percentage,Bulgaria,2012-01-01,27.241
Annual,Renewable energy - heating and cooling,Percentage,Bulgaria,2013-01-01,29.234
Annual,Renewable energy - heating and cooling,Percentage,Bulgaria,2014-01-01,28.518
Annual,Renewable energy - heating and cooling,Percentage,Bulgaria,2015-01-01,28.903
Annual,Renewable energy - heating and cooling,Percentage,Bulgaria,2016-01-01,29.99
Annual,Renewable energy - heating and cooling,Percentage,Bulgaria,2017-01-01,29.854
Annual,Renewable energy - heating and cooling,Percentage,Bulgaria,2018-01-01,33.25
Annual,Renewable energy - heating and cooling,Percentage,Bulgaria,2019-01-01,35.423
Annual,Renewable energy - heating and cooling,Percentage,Bulgaria,2020-01-01,37.178
Annual,Renewable energy - heating and cooling,Percentage,Bulgaria,2021-01-01,29.855
Annual,Renewable energy - heating and cooling,Percentage,Bulgaria,2022-01-01,31.485
Annual,Renewable energy - heating and cooling,Percentage,Bulgaria,2023-01-01,36.059
Annual,Renewable energy - heating and cooling,Percentage,Bulgaria,2024-01-01,34.187
Annual,Renewable energy - heating and cooling,Percentage,Czechia,2004-01-01,9.918
Annual,Renewable energy - heating and cooling,Percentage,Czechia,2005-01-01,10.835
Annual,Renewable energy - heating and cooling,Percentage,Czechia,2006-01-01,11.234
Annual,Renewable energy - heating and cooling,Percentage,Czechia,2007-01-01,12.37
Annual,Renewable energy - heating and cooling,Percentage,Czechia,2008-01-01,12.918
Annual,Renewable energy - heating and cooling,Percentage,Czechia,2009-01-01,14.26
Annual,Renewable energy - heating and cooling,Percentage,Czechia,2010-01-01,14.096
Annual,Renewable energy - heating and cooling,Percentage,Czechia,2011-01-01,15.388
Annual,Renewable energy - heating and cooling,Percentage,Czechia,2012-01-01,16.249
Annual,Renewable energy - heating and cooling,Percentage,Czechia,2013-01-01,17.706
Annual,Renewable energy - heating and cooling,Percentage,Czechia,2014-01-01,19.528
Annual,Renewable energy - heating and cooling,Percentage,Czechia,2015-01-01,19.787
Annual,Renewable energy - heating and cooling,Percentage,Czechia,2016-01-01,19.879
Annual,Renewable energy - heating and cooling,Percentage,Czechia,2017-01-01,19.728
Annual,Renewable energy - heating and cooling,Percentage,Czechia,2018-01-01,20.642
Annual,Renewable energy - heating and cooling,Percentage,Czechia,2019-01-01,22.632
Annual,Renewable energy - heating and cooling,Percentage,Czechia,2020-01-01,23.535
Annual,Renewable energy - heating and cooling,Percentage,Czechia,2021-01-01,24.349
Annual,Renewable energy - heating and cooling,Percentage,Czechia,2022-01-01,25.821
Annual,Renewable energy - heating and cooling,Percentage,Czechia,2023-01-01,27.675
Annual,Renewable energy - heating and cooling,Percentage,Czechia,2024-01-01,29.057
Annual,Renewable energy - heating and cooling,Percentage,Denmark,2004-01-01,20.501
Annual,Renewable energy - heating and cooling,Percentage,Denmark,2005-01-01,22.612
Annual,Renewable energy - heating and cooling,Percentage,Denmark,2006-01-01,23.661
Annual,Renewable energy - heating and cooling,Percentage,Denmark,2007-01-01,26.707
Annual,Renewable energy - heating and cooling,Percentage,Denmark,2008-01-01,27.964
Annual,Renewable energy - heating and cooling,Percentage,Denmark,2009-01-01,29.403
Annual,Renewable energy - heating and cooling,Percentage,Denmark,2010-01-01,30.369
Annual,Renewable energy - heating and cooling,Percentage,Denmark,2011-01-01,31.889
Annual,Renewable energy - heating and cooling,Percentage,Denmark,2012-01-01,33.201
Annual,Renewable energy - heating and cooling,Percentage,Denmark,2013-01-01,34.679
Annual,Renewable energy - heating and cooling,Percentage,Denmark,2014-01-01,38.014
Annual,Renewable energy - heating and cooling,Percentage,Denmark,2015-01-01,39.536
Annual,Renewable energy - heating and cooling,Percentage,Denmark,2016-01-01,41.078
Annual,Renewable energy - heating and cooling,Percentage,Denmark,2017-01-01,44.063
Annual,Renewable energy - heating and cooling,Percentage,Denmark,2018-01-01,44.968
Annual,Renewable energy - heating and cooling,Percentage,Denmark,2019-01-01,47.302
Annual,Renewable energy - heating and cooling,Percentage,Denmark,2020-01-01,51.073
Annual,Renewable energy - heating and cooling,Percentage,Denmark,2021-01-01,51.552
Annual,Renewable energy - heating and cooling,Percentage,Denmark,2022-01-01,51.4
Annual,Renewable energy - heating and cooling,Percentage,Denmark,2023-01-01,54.503
Annual,Renewable energy - heating and cooling,Percentage,Denmark,2024-01-01,56.42
Annual,Renewable energy - heating and cooling,Percentage,Germany,2004-01-01,7.198
Annual,Renewable energy - heating and cooling,Percentage,Germany,2005-01-01,7.711
Annual,Renewable energy - heating and cooling,Percentage,Germany,2006-01-01,8.41
Annual,Renewable energy - heating and cooling,Percentage,Germany,2007-01-01,10.249
Annual,Renewable energy - heating and cooling,Percentage,Germany,2008-01-01,10.33
Annual,Renewable energy - heating and cooling,Percentage,Germany,2009-01-01,11.155
Annual,Renewable energy - heating and cooling,Percentage,Germany,2010-01-01,12.055
Annual,Renewable energy - heating and cooling,Percentage,Germany,2011-01-01,12.607
Annual,Renewable energy - heating and cooling,Percentage,Germany,2012-01-01,13.423
Annual,Renewable energy - heating and cooling,Percentage,Germany,2013-01-01,13.408
Annual,Renewable energy - heating and cooling,Percentage,Germany,2014-01-01,13.409
Annual,Renewable energy - heating and cooling,Percentage,Germany,2015-01-01,13.432
Annual,Renewable energy - heating and cooling,Percentage,Germany,2016-01-01,13.032
Annual,Renewable energy - heating and cooling,Percentage,Germany,2017-01-01,13.369
Annual,Renewable energy - heating and cooling,Percentage,Germany,2018-01-01,14.22
Annual,Renewable energy - heating and cooling,Percentage,Germany,2019-01-01,14.504
Annual,Renewable energy - heating and cooling,Percentage,Germany,2020-01-01,14.481
Annual,Renewable energy - heating and cooling,Percentage,Germany,2021-01-01,15.533
Annual,Renewable energy - heating and cooling,Percentage,Germany,2022-01-01,17.391
Annual,Renewable energy - heating and cooling,Percentage,Germany,2023-01-01,16.909
Annual,Renewable energy - heating and cooling,Percentage,Germany,2024-01-01,17.677
Annual,Renewable energy - heating and cooling,Percentage,Estonia,2004-01-01,33.361
Annual,Renewable energy - heating and cooling,Percentage,Estonia,2005-01-01,32.369
Annual,Renewable energy - heating and cooling,Percentage,Estonia,2006-01-01,30.838
Annual,Renewable energy - heating and cooling,Percentage,Estonia,2007-01-01,33.037
Annual,Renewable energy - heating and cooling,Percentage,Estonia,2008-01-01,35.997
Annual,Renewable energy - heating and cooling,Percentage,Estonia,2009-01-01,42.028
Annual,Renewable energy - heating and cooling,Percentage,Estonia,2010-01-01,43.162
Annual,Renewable energy - heating and cooling,Percentage,Estonia,2011-01-01,44.55
Annual,Renewable energy - heating and cooling,Percentage,Estonia,2012-01-01,43.218
Annual,Renewable energy - heating and cooling,Percentage,Estonia,2013-01-01,43.112
Annual,Renewable energy - heating and cooling,Percentage,Estonia,2014-01-01,44.934
Annual,Renewable energy - heating and cooling,Percentage,Estonia,2015-01-01,50.031
Annual,Renewable energy - heating and cooling,Percentage,Estonia,2016-01-01,51.765
Annual,Renewable energy - heating and cooling,Percentage,Estonia,2017-01-01,52.217
Annual,Renewable energy - heating and cooling,Percentage,Estonia,2018-01-01,53.671
Annual,Renewable energy - heating and cooling,Percentage,Estonia,2019-01-01,52.193
Annual,Renewable energy - heating and cooling,Percentage,Estonia,2020-01-01,58.834
Annual,Renewable energy - heating and cooling,Percentage,Estonia,2021-01-01,61.347
Annual,Renewable energy - heating and cooling,Percentage,Estonia,2022-01-01,65.442
Annual,Renewable energy - heating and cooling,Percentage,Estonia,2023-01-01,66.668
Annual,Renewable energy - heating and cooling,Percentage,Estonia,2024-01-01,67.811
Annual,Renewable energy - heating and cooling,Percentage,Ireland,2004-01-01,2.873
Annual,Renewable energy - heating and cooling,Percentage,Ireland,2005-01-01,3.442
Annual,Renewable energy - heating and cooling,Percentage,Ireland,2006-01-01,3.592
Annual,Renewable energy - heating and cooling,Percentage,Ireland,2007-01-01,3.786
Annual,Renewable energy - heating and cooling,Percentage,Ireland,2008-01-01,3.513
Annual,Renewable energy - heating and cooling,Percentage,Ireland,2009-01-01,4.181
Annual,Renewable energy - heating and cooling,Percentage,Ireland,2010-01-01,4.281
Annual,Renewable energy - heating and cooling,Percentage,Ireland,2011-01-01,4.657
Annual,Renewable energy - heating and cooling,Percentage,Ireland,2012-01-01,4.849
Annual,Renewable energy - heating and cooling,Percentage,Ireland,2013-01-01,5.185
Annual,Renewable energy - heating and cooling,Percentage,Ireland,2014-01-01,6.261
Annual,Renewable energy - heating and cooling,Percentage,Ireland,2015-01-01,6.184
Annual,Renewable energy - heating and cooling,Percentage,Ireland,2016-01-01,6.243
Annual,Renewable energy - heating and cooling,Percentage,Ireland,2017-01-01,6.624
Annual,Renewable energy - heating and cooling,Percentage,Ireland,2018-01-01,6.381
Annual,Renewable energy - heating and cooling,Percentage,Ireland,2019-01-01,6.344
Annual,Renewable energy - heating and cooling,Percentage,Ireland,2020-01-01,6.264
Annual,Renewable energy - heating and cooling,Percentage,Ireland,2021-01-01,5.421
Annual,Renewable energy - heating and cooling,Percentage,Ireland,2022-01-01,5.334
Annual,Renewable energy - heating and cooling,Percentage,Ireland,2023-01-01,7.778
Annual,Renewable energy - heating and cooling,Percentage,Ireland,2024-01-01,7.913
Annual,Renewable energy - heating and cooling,Percentage,Greece,2004-01-01,13.465
Annual,Renewable energy - heating and cooling,Percentage,Greece,2005-01-01,13.384
Annual,Renewable energy - heating and cooling,Percentage,Greece,2006-01-01,13.095
Annual,Renewable energy - heating and cooling,Percentage,Greece,2007-01-01,14.675
Annual,Renewable energy - heating and cooling,Percentage,Greece,2008-01-01,14.718
Annual,Renewable energy - heating and cooling,Percentage,Greece,2009-01-01,17.247
Annual,Renewable energy - heating and cooling,Percentage,Greece,2010-01-01,18.658
Annual,Renewable energy - heating and cooling,Percentage,Greece,2011-01-01,20.111
Annual,Renewable energy - heating and cooling,Percentage,Greece,2012-01-01,24.122
Annual,Renewable energy - heating and cooling,Percentage,Greece,2013-01-01,27.418
Annual,Renewable energy - heating and cooling,Percentage,Greece,2014-01-01,27.87
Annual,Renewable energy - heating and cooling,Percentage,Greece,2015-01-01,26.557
Annual,Renewable energy - heating and cooling,Percentage,Greece,2016-01-01,25.422
Annual,Renewable energy - heating and cooling,Percentage,Greece,2017-01-01,28.246
Annual,Renewable energy - heating and cooling,Percentage,Greece,2018-01-01,30.123
Annual,Renewable energy - heating and cooling,Percentage,Greece,2019-01-01,30.048
Annual,Renewable energy - heating and cooling,Percentage,Greece,2020-01-01,31.941
Annual,Renewable energy - heating and cooling,Percentage,Greece,2021-01-01,31.081
Annual,Renewable energy - heating and cooling,Percentage,Greece,2022-01-01,30.622
Annual,Renewable energy - heating and cooling,Percentage,Greece,2023-01-01,35.547
Annual,Renewable energy - heating and cooling,Percentage,Greece,2024-01-01,32.639
Annual,Renewable energy - heating and cooling,Percentage,Spain,2004-01-01,9.55
Annual,Renewable energy - heating and cooling,Percentage,Spain,2005-01-01,9.409
Annual,Renewable energy - heating and cooling,Percentage,Spain,2006-01-01,11.376
Annual,Renewable energy - heating and cooling,Percentage,Spain,2007-01-01,11.246
Annual,Renewable energy - heating and cooling,Percentage,Spain,2008-01-01,11.618
Annual,Renewable energy - heating and cooling,Percentage,Spain,2009-01-01,13.218
Annual,Renewable energy - heating and cooling,Percentage,Spain,2010-01-01,12.498
Annual,Renewable energy - heating and cooling,Percentage,Spain,2011-01-01,13.469
Annual,Renewable energy - heating and cooling,Percentage,Spain,2012-01-01,13.969
Annual,Renewable energy - heating and cooling,Percentage,Spain,2013-01-01,13.967
Annual,Renewable energy - heating and cooling,Percentage,Spain,2014-01-01,15.557
Annual,Renewable energy - heating and cooling,Percentage,Spain,2015-01-01,16.85
Annual,Renewable energy - heating and cooling,Percentage,Spain,2016-01-01,15.898
Annual,Renewable energy - heating and cooling,Percentage,Spain,2017-01-01,16.205
Annual,Renewable energy - heating and cooling,Percentage,Spain,2018-01-01,16.135
Annual,Renewable energy - heating and cooling,Percentage,Spain,2019-01-01,17.203
Annual,Renewable energy - heating and cooling,Percentage,Spain,2020-01-01,17.966
Annual,Renewable energy - heating and cooling,Percentage,Spain,2021-01-01,16.971
Annual,Renewable energy - heating and cooling,Percentage,Spain,2022-01-01,19.332
Annual,Renewable energy - heating and cooling,Percentage,Spain,2023-01-01,21.904
Annual,Renewable energy - heating and cooling,Percentage,Spain,2024-01-01,21.572
Annual,Renewable energy - heating and cooling,Percentage,France,2004-01-01,12.531
Annual,Renewable energy - heating and cooling,Percentage,France,2005-01-01,12.363
Annual,Renewable energy - heating and cooling,Percentage,France,2006-01-01,11.696
Annual,Renewable energy - heating and cooling,Percentage,France,2007-01-01,12.787
Annual,Renewable energy - heating and cooling,Percentage,France,2008-01-01,13.283
Annual,Renewable energy - heating and cooling,Percentage,France,2009-01-01,15.038
Annual,Renewable energy - heating and cooling,Percentage,France,2010-01-01,16.16
Annual,Renewable energy - heating and cooling,Percentage,France,2011-01-01,15.263
Annual,Renewable energy - heating and cooling,Percentage,France,2012-01-01,16.589
Annual,Renewable energy - heating and cooling,Percentage,France,2013-01-01,17.608
Annual,Renewable energy - heating and cooling,Percentage,France,2014-01-01,18.047
Annual,Renewable energy - heating and cooling,Percentage,France,2015-01-01,18.879
Annual,Renewable energy - heating and cooling,Percentage,France,2016-01-01,20.12
Annual,Renewable energy - heating and cooling,Percentage,France,2017-01-01,20.599
Annual,Renewable energy - heating and cooling,Percentage,France,2018-01-01,21.216
Annual,Renewable energy - heating and cooling,Percentage,France,2019-01-01,22.36
Annual,Renewable energy - heating and cooling,Percentage,France,2020-01-01,23.368
Annual,Renewable energy - heating and cooling,Percentage,France,2021-01-01,24.757
Annual,Renewable energy - heating and cooling,Percentage,France,2022-01-01,26.603
Annual,Renewable energy - heating and cooling,Percentage,France,2023-01-01,30.182
Annual,Renewable energy - heating and cooling,Percentage,France,2024-01-01,31.316
Annual,Renewable energy - heating and cooling,Percentage,Croatia,2004-01-01,29.406
Annual,Renewable energy - heating and cooling,Percentage,Croatia,2005-01-01,30.002
Annual,Renewable energy - heating and cooling,Percentage,Croatia,2006-01-01,29.069
Annual,Renewable energy - heating and cooling,Percentage,Croatia,2007-01-01,29.301
Annual,Renewable energy - heating and cooling,Percentage,Croatia,2008-01-01,28.818
Annual,Renewable energy - heating and cooling,Percentage,Croatia,2009-01-01,31.298
Annual,Renewable energy - heating and cooling,Percentage,Croatia,2010-01-01,32.881
Annual,Renewable energy - heating and cooling,Percentage,Croatia,2011-01-01,33.82
Annual,Renewable energy - heating and cooling,Percentage,Croatia,2012-01-01,36.554
Annual,Renewable energy - heating and cooling,Percentage,Croatia,2013-01-01,37.308
Annual,Renewable energy - heating and cooling,Percentage,Croatia,2014-01-01,36.219
Annual,Renewable energy - heating and cooling,Percentage,Croatia,2015-01-01,38.619
Annual,Renewable energy - heating and cooling,Percentage,Croatia,2016-01-01,37.636
Annual,Renewable energy - heating and cooling,Percentage,Croatia,2017-01-01,36.627
Annual,Renewable energy - heating and cooling,Percentage,Croatia,2018-01-01,36.65
Annual,Renewable energy - heating and cooling,Percentage,Croatia,2019-01-01,36.791
Annual,Renewable energy - heating and cooling,Percentage,Croatia,2020-01-01,36.928
Annual,Renewable energy - heating and cooling,Percentage,Croatia,2021-01-01,38.006
Annual,Renewable energy - heating and cooling,Percentage,Croatia,2022-01-01,37.213
Annual,Renewable energy - heating and cooling,Percentage,Croatia,2023-01-01,36.173
Annual,Renewable energy - heating and cooling,Percentage,Croatia,2024-01-01,34.805
Annual,Renewable energy - heating and cooling,Percentage,Italy,2004-01-01,5.713
Annual,Renewable energy - heating and cooling,Percentage,Italy,2005-01-01,8.223
Annual,Renewable energy - heating and cooling,Percentage,Italy,2006-01-01,10.094
Annual,Renewable energy - heating and cooling,Percentage,Italy,2007-01-01,13.334
Annual,Renewable energy - heating and cooling,Percentage,Italy,2008-01-01,15.311
Annual,Renewable energy - heating and cooling,Percentage,Italy,2009-01-01,16.431
Annual,Renewable energy - heating and cooling,Percentage,Italy,2010-01-01,15.642
Annual,Renewable energy - heating and cooling,Percentage,Italy,2011-01-01,13.818
Annual,Renewable energy - heating and cooling,Percentage,Italy,2012-01-01,16.984
Annual,Renewable energy - heating and cooling,Percentage,Italy,2013-01-01,18.092
Annual,Renewable energy - heating and cooling,Percentage,Italy,2014-01-01,18.914
Annual,Renewable energy - heating and cooling,Percentage,Italy,2015-01-01,19.255
Annual,Renewable energy - heating and cooling,Percentage,Italy,2016-01-01,18.887
Annual,Renewable energy - heating and cooling,Percentage,Italy,2017-01-01,20.083
Annual,Renewable energy - heating and cooling,Percentage,Italy,2018-01-01,19.279
Annual,Renewable energy - heating and cooling,Percentage,Italy,2019-01-01,19.699
Annual,Renewable energy - heating and cooling,Percentage,Italy,2020-01-01,19.949
Annual,Renewable energy - heating and cooling,Percentage,Italy,2021-01-01,19.354
Annual,Renewable energy - heating and cooling,Percentage,Italy,2022-01-01,19.901
Annual,Renewable energy - heating and cooling,Percentage,Italy,2023-01-01,20.283
Annual,Renewable energy - heating and cooling,Percentage,Italy,2024-01-01,20.223
Annual,Renewable energy - heating and cooling,Percentage,Cyprus,2004-01-01,9.264
Annual,Renewable energy - heating and cooling,Percentage,Cyprus,2005-01-01,9.97
Annual,Renewable energy - heating and cooling,Percentage,Cyprus,2006-01-01,10.434
Annual,Renewable energy - heating and cooling,Percentage,Cyprus,2007-01-01,13.064
Annual,Renewable energy - heating and cooling,Percentage,Cyprus,2008-01-01,14.469
Annual,Renewable energy - heating and cooling,Percentage,Cyprus,2009-01-01,17.313
Annual,Renewable energy - heating and cooling,Percentage,Cyprus,2010-01-01,18.813
Annual,Renewable energy - heating and cooling,Percentage,Cyprus,2011-01-01,19.977
Annual,Renewable energy - heating and cooling,Percentage,Cyprus,2012-01-01,21.764
Annual,Renewable energy - heating and cooling,Percentage,Cyprus,2013-01-01,22.537
Annual,Renewable energy - heating and cooling,Percentage,Cyprus,2014-01-01,22.186
Annual,Renewable energy - heating and cooling,Percentage,Cyprus,2015-01-01,24.066
Annual,Renewable energy - heating and cooling,Percentage,Cyprus,2016-01-01,24.69
Annual,Renewable energy - heating and cooling,Percentage,Cyprus,2017-01-01,26.42
Annual,Renewable energy - heating and cooling,Percentage,Cyprus,2018-01-01,37.164
Annual,Renewable energy - heating and cooling,Percentage,Cyprus,2019-01-01,35.051
Annual,Renewable energy - heating and cooling,Percentage,Cyprus,2020-01-01,37.117
Annual,Renewable energy - heating and cooling,Percentage,Cyprus,2021-01-01,42.595
Annual,Renewable energy - heating and cooling,Percentage,Cyprus,2022-01-01,41.56
Annual,Renewable energy - heating and cooling,Percentage,Cyprus,2023-01-01,42.75
Annual,Renewable energy - heating and cooling,Percentage,Cyprus,2024-01-01,42.297
Annual,Renewable energy - heating and cooling,Percentage,Latvia,2004-01-01,42.488
Annual,Renewable energy - heating and cooling,Percentage,Latvia,2005-01-01,42.679
Annual,Renewable energy - heating and cooling,Percentage,Latvia,2006-01-01,42.594
Annual,Renewable energy - heating and cooling,Percentage,Latvia,2007-01-01,42.363
Annual,Renewable energy - heating and cooling,Percentage,Latvia,2008-01-01,42.937
Annual,Renewable energy - heating and cooling,Percentage,Latvia,2009-01-01,47.887
Annual,Renewable energy - heating and cooling,Percentage,Latvia,2010-01-01,40.745
Annual,Renewable energy - heating and cooling,Percentage,Latvia,2011-01-01,44.71
Annual,Renewable energy - heating and cooling,Percentage,Latvia,2012-01-01,47.265
Annual,Renewable energy - heating and cooling,Percentage,Latvia,2013-01-01,49.65
Annual,Renewable energy - heating and cooling,Percentage,Latvia,2014-01-01,52.15
Annual,Renewable energy - heating and cooling,Percentage,Latvia,2015-01-01,51.738
Annual,Renewable energy - heating and cooling,Percentage,Latvia,2016-01-01,51.812
Annual,Renewable energy - heating and cooling,Percentage,Latvia,2017-01-01,54.582
Annual,Renewable energy - heating and cooling,Percentage,Latvia,2018-01-01,55.413
Annual,Renewable energy - heating and cooling,Percentage,Latvia,2019-01-01,57.749
Annual,Renewable energy - heating and cooling,Percentage,Latvia,2020-01-01,57.094
Annual,Renewable energy - heating and cooling,Percentage,Latvia,2021-01-01,57.383
Annual,Renewable energy - heating and cooling,Percentage,Latvia,2022-01-01,60.996
Annual,Renewable energy - heating and cooling,Percentage,Latvia,2023-01-01,61.401
Annual,Renewable energy - heating and cooling,Percentage,Latvia,2024-01-01,61.787
Annual,Renewable energy - heating and cooling,Percentage,Lithuania,2004-01-01,30.439
Annual,Renewable energy - heating and cooling,Percentage,Lithuania,2005-01-01,29.318
Annual,Renewable energy - heating and cooling,Percentage,Lithuania,2006-01-01,29.227
Annual,Renewable energy - heating and cooling,Percentage,Lithuania,2007-01-01,29.094
Annual,Renewable energy - heating and cooling,Percentage,Lithuania,2008-01-01,31.992
Annual,Renewable energy - heating and cooling,Percentage,Lithuania,2009-01-01,33.72
Annual,Renewable energy - heating and cooling,Percentage,Lithuania,2010-01-01,32.534
Annual,Renewable energy - heating and cooling,Percentage,Lithuania,2011-01-01,32.788
Annual,Renewable energy - heating and cooling,Percentage,Lithuania,2012-01-01,34.535
Annual,Renewable energy - heating and cooling,Percentage,Lithuania,2013-01-01,36.873
Annual,Renewable energy - heating and cooling,Percentage,Lithuania,2014-01-01,40.628
Annual,Renewable energy - heating and cooling,Percentage,Lithuania,2015-01-01,46.081
Annual,Renewable energy - heating and cooling,Percentage,Lithuania,2016-01-01,46.563
Annual,Renewable energy - heating and cooling,Percentage,Lithuania,2017-01-01,46.495
Annual,Renewable energy - heating and cooling,Percentage,Lithuania,2018-01-01,46.016
Annual,Renewable energy - heating and cooling,Percentage,Lithuania,2019-01-01,47.372
Annual,Renewable energy - heating and cooling,Percentage,Lithuania,2020-01-01,50.35
Annual,Renewable energy - heating and cooling,Percentage,Lithuania,2021-01-01,48.625
Annual,Renewable energy - heating and cooling,Percentage,Lithuania,2022-01-01,51.54
Annual,Renewable energy - heating and cooling,Percentage,Lithuania,2023-01-01,53.611
Annual,Renewable energy - heating and cooling,Percentage,Lithuania,2024-01-01,52.084
Annual,Renewable energy - heating and cooling,Percentage,Luxembourg,2004-01-01,1.822
Annual,Renewable energy - heating and cooling,Percentage,Luxembourg,2005-01-01,3.612
Annual,Renewable energy - heating and cooling,Percentage,Luxembourg,2006-01-01,3.63
Annual,Renewable energy - heating and cooling,Percentage,Luxembourg,2007-01-01,4.354
Annual,Renewable energy - heating and cooling,Percentage,Luxembourg,2008-01-01,4.571
Annual,Renewable energy - heating and cooling,Percentage,Luxembourg,2009-01-01,4.629
Annual,Renewable energy - heating and cooling,Percentage,Luxembourg,2010-01-01,4.704
Annual,Renewable energy - heating and cooling,Percentage,Luxembourg,2011-01-01,4.736
Annual,Renewable energy - heating and cooling,Percentage,Luxembourg,2012-01-01,4.932
Annual,Renewable energy - heating and cooling,Percentage,Luxembourg,2013-01-01,5.33
Annual,Renewable energy - heating and cooling,Percentage,Luxembourg,2014-01-01,7.07
Annual,Renewable energy - heating and cooling,Percentage,Luxembourg,2015-01-01,6.858
Annual,Renewable energy - heating and cooling,Percentage,Luxembourg,2016-01-01,7.058
Annual,Renewable energy - heating and cooling,Percentage,Luxembourg,2017-01-01,7.45
Annual,Renewable energy - heating and cooling,Percentage,Luxembourg,2018-01-01,8.362
Annual,Renewable energy - heating and cooling,Percentage,Luxembourg,2019-01-01,8.687
Annual,Renewable energy - heating and cooling,Percentage,Luxembourg,2020-01-01,12.614
Annual,Renewable energy - heating and cooling,Percentage,Luxembourg,2021-01-01,12.842
Annual,Renewable energy - heating and cooling,Percentage,Luxembourg,2022-01-01,14.976
Annual,Renewable energy - heating and cooling,Percentage,Luxembourg,2023-01-01,15.388
Annual,Renewable energy - heating and cooling,Percentage,Luxembourg,2024-01-01,19.033
Annual,Renewable energy - heating and cooling,Percentage,Hungary,2004-01-01,6.45
Annual,Renewable energy - heating and cooling,Percentage,Hungary,2005-01-01,9.935
Annual,Renewable energy - heating and cooling,Percentage,Hungary,2006-01-01,11.38
Annual,Renewable energy - heating and cooling,Percentage,Hungary,2007-01-01,13.544
Annual,Renewable energy - heating and cooling,Percentage,Hungary,2008-01-01,11.97
Annual,Renewable energy - heating and cooling,Percentage,Hungary,2009-01-01,17.019
Annual,Renewable energy - heating and cooling,Percentage,Hungary,2010-01-01,18.077
Annual,Renewable energy - heating and cooling,Percentage,Hungary,2011-01-01,20.043
Annual,Renewable energy - heating and cooling,Percentage,Hungary,2012-01-01,23.313
Annual,Renewable energy - heating and cooling,Percentage,Hungary,2013-01-01,23.699
Annual,Renewable energy - heating and cooling,Percentage,Hungary,2014-01-01,21.283
Annual,Renewable energy - heating and cooling,Percentage,Hungary,2015-01-01,21.335
Annual,Renewable energy - heating and cooling,Percentage,Hungary,2016-01-01,21.027
Annual,Renewable energy - heating and cooling,Percentage,Hungary,2017-01-01,19.902
Annual,Renewable energy - heating and cooling,Percentage,Hungary,2018-01-01,18.204
Annual,Renewable energy - heating and cooling,Percentage,Hungary,2019-01-01,18.16
Annual,Renewable energy - heating and cooling,Percentage,Hungary,2020-01-01,17.72
Annual,Renewable energy - heating and cooling,Percentage,Hungary,2021-01-01,17.898
Annual,Renewable energy - heating and cooling,Percentage,Hungary,2022-01-01,20.232
Annual,Renewable energy - heating and cooling,Percentage,Hungary,2023-01-01,22.268
Annual,Renewable energy - heating and cooling,Percentage,Hungary,2024-01-01,22.608
Annual,Renewable energy - heating and cooling,Percentage,Malta,2004-01-01,1.035
Annual,Renewable energy - heating and cooling,Percentage,Malta,2005-01-01,1.028
Annual,Renewable energy - heating and cooling,Percentage,Malta,2006-01-01,1.363
Annual,Renewable energy - heating and cooling,Percentage,Malta,2007-01-01,1.507
Annual,Renewable energy - heating and cooling,Percentage,Malta,2008-01-01,1.696
Annual,Renewable energy - heating and cooling,Percentage,Malta,2009-01-01,2.011
Annual,Renewable energy - heating and cooling,Percentage,Malta,2010-01-01,7.282
Annual,Renewable energy - heating and cooling,Percentage,Malta,2011-01-01,12.026
Annual,Renewable energy - heating and cooling,Percentage,Malta,2012-01-01,13.397
Annual,Renewable energy - heating and cooling,Percentage,Malta,2013-01-01,15.399
Annual,Renewable energy - heating and cooling,Percentage,Malta,2014-01-01,15.028
Annual,Renewable energy - heating and cooling,Percentage,Malta,2015-01-01,14.639
Annual,Renewable energy - heating and cooling,Percentage,Malta,2016-01-01,16.854
Annual,Renewable energy - heating and cooling,Percentage,Malta,2017-01-01,19.314
Annual,Renewable energy - heating and cooling,Percentage,Malta,2018-01-01,22.825
Annual,Renewable energy - heating and cooling,Percentage,Malta,2019-01-01,23.602
Annual,Renewable energy - heating and cooling,Percentage,Malta,2020-01-01,23.027
Annual,Renewable energy - heating and cooling,Percentage,Malta,2021-01-01,32.606
Annual,Renewable energy - heating and cooling,Percentage,Malta,2022-01-01,40.224
Annual,Renewable energy - heating and cooling,Percentage,Malta,2023-01-01,53.231
Annual,Renewable energy - heating and cooling,Percentage,Malta,2024-01-01,59.209
Annual,Renewable energy - heating and cooling,Percentage,Netherlands,2004-01-01,2.178
Annual,Renewable energy - heating and cooling,Percentage,Netherlands,2005-01-01,2.379
Annual,Renewable energy - heating and cooling,Percentage,Netherlands,2006-01-01,2.7
Annual,Renewable energy - heating and cooling,Percentage,Netherlands,2007-01-01,2.914
Annual,Renewable energy - heating and cooling,Percentage,Netherlands,2008-01-01,3.024
Annual,Renewable energy - heating and cooling,Percentage,Netherlands,2009-01-01,3.37
Annual,Renewable energy - heating and cooling,Percentage,Netherlands,2010-01-01,3.1
Annual,Renewable energy - heating and cooling,Percentage,Netherlands,2011-01-01,3.688
Annual,Renewable energy - heating and cooling,Percentage,Netherlands,2012-01-01,3.768
Annual,Renewable energy - heating and cooling,Percentage,Netherlands,2013-01-01,4.002
Annual,Renewable energy - heating and cooling,Percentage,Netherlands,2014-01-01,4.925
Annual,Renewable energy - heating and cooling,Percentage,Netherlands,2015-01-01,5.278
Annual,Renewable energy - heating and cooling,Percentage,Netherlands,2016-01-01,5.192
Annual,Renewable energy - heating and cooling,Percentage,Netherlands,2017-01-01,5.75
Annual,Renewable energy - heating and cooling,Percentage,Netherlands,2018-01-01,6.16
Annual,Renewable energy - heating and cooling,Percentage,Netherlands,2019-01-01,7.217
Annual,Renewable energy - heating and cooling,Percentage,Netherlands,2020-01-01,8.053
Annual,Renewable energy - heating and cooling,Percentage,Netherlands,2021-01-01,8.071
Annual,Renewable energy - heating and cooling,Percentage,Netherlands,2022-01-01,9.192
Annual,Renewable energy - heating and cooling,Percentage,Netherlands,2023-01-01,10.359
Annual,Renewable energy - heating and cooling,Percentage,Netherlands,2024-01-01,11.274
Annual,Renewable energy - heating and cooling,Percentage,Austria,2004-01-01,20.165
Annual,Renewable energy - heating and cooling,Percentage,Austria,2005-01-01,22.817
Annual,Renewable energy - heating and cooling,Percentage,Austria,2006-01-01,24.491
Annual,Renewable energy - heating and cooling,Percentage,Austria,2007-01-01,27.142
Annual,Renewable energy - heating and cooling,Percentage,Austria,2008-01-01,27.195
Annual,Renewable energy - heating and cooling,Percentage,Austria,2009-01-01,29.626
Annual,Renewable energy - heating and cooling,Percentage,Austria,2010-01-01,30.959
Annual,Renewable energy - heating and cooling,Percentage,Austria,2011-01-01,31.517
Annual,Renewable energy - heating and cooling,Percentage,Austria,2012-01-01,33.077
Annual,Renewable energy - heating and cooling,Percentage,Austria,2013-01-01,33.222
Annual,Renewable energy - heating and cooling,Percentage,Austria,2014-01-01,33.375
Annual,Renewable energy - heating and cooling,Percentage,Austria,2015-01-01,33.231
Annual,Renewable energy - heating and cooling,Percentage,Austria,2016-01-01,33.48
Annual,Renewable energy - heating and cooling,Percentage,Austria,2017-01-01,33.67
Annual,Renewable energy - heating and cooling,Percentage,Austria,2018-01-01,34.178
Annual,Renewable energy - heating and cooling,Percentage,Austria,2019-01-01,33.929
Annual,Renewable energy - heating and cooling,Percentage,Austria,2020-01-01,34.995
Annual,Renewable energy - heating and cooling,Percentage,Austria,2021-01-01,33.127
Annual,Renewable energy - heating and cooling,Percentage,Austria,2022-01-01,31.819
Annual,Renewable energy - heating and cooling,Percentage,Austria,2023-01-01,40.77
Annual,Renewable energy - heating and cooling,Percentage,Austria,2024-01-01,42.169
Annual,Renewable energy - heating and cooling,Percentage,Poland,2004-01-01,10.207
Annual,Renewable energy - heating and cooling,Percentage,Poland,2005-01-01,10.161
Annual,Renewable energy - heating and cooling,Percentage,Poland,2006-01-01,10.168
Annual,Renewable energy - heating and cooling,Percentage,Poland,2007-01-01,10.46
Annual,Renewable energy - heating and cooling,Percentage,Poland,2008-01-01,10.846
Annual,Renewable energy - heating and cooling,Percentage,Poland,2009-01-01,11.607
Annual,Renewable energy - heating and cooling,Percentage,Poland,2010-01-01,11.812
Annual,Renewable energy - heating and cooling,Percentage,Poland,2011-01-01,13.24
Annual,Renewable energy - heating and cooling,Percentage,Poland,2012-01-01,13.497
Annual,Renewable energy - heating and cooling,Percentage,Poland,2013-01-01,14.265
Annual,Renewable energy - heating and cooling,Percentage,Poland,2014-01-01,14.237
Annual,Renewable energy - heating and cooling,Percentage,Poland,2015-01-01,14.795
Annual,Renewable energy - heating and cooling,Percentage,Poland,2016-01-01,14.919
Annual,Renewable energy - heating and cooling,Percentage,Poland,2017-01-01,14.779
Annual,Renewable energy - heating and cooling,Percentage,Poland,2018-01-01,21.473
Annual,Renewable energy - heating and cooling,Percentage,Poland,2019-01-01,22.005
Annual,Renewable energy - heating and cooling,Percentage,Poland,2020-01-01,22.143
Annual,Renewable energy - heating and cooling,Percentage,Poland,2021-01-01,20.978
Annual,Renewable energy - heating and cooling,Percentage,Poland,2022-01-01,22.095
Annual,Renewable energy - heating and cooling,Percentage,Poland,2023-01-01,20.61
Annual,Renewable energy - heating and cooling,Percentage,Poland,2024-01-01,21.287
Annual,Renewable energy - heating and cooling,Percentage,Portugal,2004-01-01,32.49
Annual,Renewable energy - heating and cooling,Percentage,Portugal,2005-01-01,32.075
Annual,Renewable energy - heating and cooling,Percentage,Portugal,2006-01-01,34.234
Annual,Renewable energy - heating and cooling,Percentage,Portugal,2007-01-01,34.951
Annual,Renewable energy - heating and cooling,Percentage,Portugal,2008-01-01,37.451
Annual,Renewable energy - heating and cooling,Percentage,Portugal,2009-01-01,37.931
Annual,Renewable energy - heating and cooling,Percentage,Portugal,2010-01-01,33.814
Annual,Renewable energy - heating and cooling,Percentage,Portugal,2011-01-01,35.184
Annual,Renewable energy - heating and cooling,Percentage,Portugal,2012-01-01,33.153
Annual,Renewable energy - heating and cooling,Percentage,Portugal,2013-01-01,34.628
Annual,Renewable energy - heating and cooling,Percentage,Portugal,2014-01-01,40.454
Annual,Renewable energy - heating and cooling,Percentage,Portugal,2015-01-01,40.1
Annual,Renewable energy - heating and cooling,Percentage,Portugal,2016-01-01,41.614
Annual,Renewable energy - heating and cooling,Percentage,Portugal,2017-01-01,41.022
Annual,Renewable energy - heating and cooling,Percentage,Portugal,2018-01-01,40.924
Annual,Renewable energy - heating and cooling,Percentage,Portugal,2019-01-01,41.657
Annual,Renewable energy - heating and cooling,Percentage,Portugal,2020-01-01,41.546
Annual,Renewable energy - heating and cooling,Percentage,Portugal,2021-01-01,42.681
Annual,Renewable energy - heating and cooling,Percentage,Portugal,2022-01-01,45.545
Annual,Renewable energy - heating and cooling,Percentage,Portugal,2023-01-01,47.098
Annual,Renewable energy - heating and cooling,Percentage,Portugal,2024-01-01,46.952
Annual,Renewable energy - heating and cooling,Percentage,Romania,2004-01-01,17.337
Annual,Renewable energy - heating and cooling,Percentage,Romania,2005-01-01,17.928
Annual,Renewable energy - heating and cooling,Percentage,Romania,2006-01-01,17.582
Annual,Renewable energy - heating and cooling,Percentage,Romania,2007-01-01,19.465
Annual,Renewable energy - heating and cooling,Percentage,Romania,2008-01-01,23.167
Annual,Renewable energy - heating and cooling,Percentage,Romania,2009-01-01,26.433
Annual,Renewable energy - heating and cooling,Percentage,Romania,2010-01-01,27.227
Annual,Renewable energy - heating and cooling,Percentage,Romania,2011-01-01,24.306
Annual,Renewable energy - heating and cooling,Percentage,Romania,2012-01-01,25.745
Annual,Renewable energy - heating and cooling,Percentage,Romania,2013-01-01,26.195
Annual,Renewable energy - heating and cooling,Percentage,Romania,2014-01-01,26.739
Annual,Renewable energy - heating and cooling,Percentage,Romania,2015-01-01,25.886
Annual,Renewable energy - heating and cooling,Percentage,Romania,2016-01-01,26.865
Annual,Renewable energy - heating and cooling,Percentage,Romania,2017-01-01,26.581
Annual,Renewable energy - heating and cooling,Percentage,Romania,2018-01-01,25.434
Annual,Renewable energy - heating and cooling,Percentage,Romania,2019-01-01,25.739
Annual,Renewable energy - heating and cooling,Percentage,Romania,2020-01-01,25.327
Annual,Renewable energy - heating and cooling,Percentage,Romania,2021-01-01,24.573
Annual,Renewable energy - heating and cooling,Percentage,Romania,2022-01-01,26.251
Annual,Renewable energy - heating and cooling,Percentage,Romania,2023-01-01,29.126
Annual,Renewable energy - heating and cooling,Percentage,Romania,2024-01-01,28.097
Annual,Renewable energy - heating and cooling,Percentage,Slovenia,2004-01-01,22.824
Annual,Renewable energy - heating and cooling,Percentage,Slovenia,2005-01-01,26.404
Annual,Renewable energy - heating and cooling,Percentage,Slovenia,2006-01-01,24.354
Annual,Renewable energy - heating and cooling,Percentage,Slovenia,2007-01-01,29.311
Annual,Renewable energy - heating and cooling,Percentage,Slovenia,2008-01-01,27.527
Annual,Renewable energy - heating and cooling,Percentage,Slovenia,2009-01-01,28.874
Annual,Renewable energy - heating and cooling,Percentage,Slovenia,2010-01-01,29.537
Annual,Renewable energy - heating and cooling,Percentage,Slovenia,2011-01-01,31.785
Annual,Renewable energy - heating and cooling,Percentage,Slovenia,2012-01-01,33.146
Annual,Renewable energy - heating and cooling,Percentage,Slovenia,2013-01-01,35.116
Annual,Renewable energy - heating and cooling,Percentage,Slovenia,2014-01-01,34.641
Annual,Renewable energy - heating and cooling,Percentage,Slovenia,2015-01-01,36.15
Annual,Renewable energy - heating and cooling,Percentage,Slovenia,2016-01-01,35.563
Annual,Renewable energy - heating and cooling,Percentage,Slovenia,2017-01-01,34.639
Annual,Renewable energy - heating and cooling,Percentage,Slovenia,2018-01-01,32.337
Annual,Renewable energy - heating and cooling,Percentage,Slovenia,2019-01-01,32.132
Annual,Renewable energy - heating and cooling,Percentage,Slovenia,2020-01-01,32.141
Annual,Renewable energy - heating and cooling,Percentage,Slovenia,2021-01-01,35.216
Annual,Renewable energy - heating and cooling,Percentage,Slovenia,2022-01-01,33.989
Annual,Renewable energy - heating and cooling,Percentage,Slovenia,2023-01-01,34.302
Annual,Renewable energy - heating and cooling,Percentage,Slovenia,2024-01-01,33.661
Annual,Renewable energy - heating and cooling,Percentage,Slovakia,2004-01-01,5.062
Annual,Renewable energy - heating and cooling,Percentage,Slovakia,2005-01-01,5.031
Annual,Renewable energy - heating and cooling,Percentage,Slovakia,2006-01-01,4.451
Annual,Renewable energy - heating and cooling,Percentage,Slovakia,2007-01-01,6.232
Annual,Renewable energy - heating and cooling,Percentage,Slovakia,2008-01-01,6.097
Annual,Renewable energy - heating and cooling,Percentage,Slovakia,2009-01-01,8.178
Annual,Renewable energy - heating and cooling,Percentage,Slovakia,2010-01-01,7.898
Annual,Renewable energy - heating and cooling,Percentage,Slovakia,2011-01-01,9.258
Annual,Renewable energy - heating and cooling,Percentage,Slovakia,2012-01-01,8.803
Annual,Renewable energy - heating and cooling,Percentage,Slovakia,2013-01-01,7.875
Annual,Renewable energy - heating and cooling,Percentage,Slovakia,2014-01-01,8.865
Annual,Renewable energy - heating and cooling,Percentage,Slovakia,2015-01-01,10.791
Annual,Renewable energy - heating and cooling,Percentage,Slovakia,2016-01-01,9.879
Annual,Renewable energy - heating and cooling,Percentage,Slovakia,2017-01-01,9.837
Annual,Renewable energy - heating and cooling,Percentage,Slovakia,2018-01-01,10.599
Annual,Renewable energy - heating and cooling,Percentage,Slovakia,2019-01-01,19.696
Annual,Renewable energy - heating and cooling,Percentage,Slovakia,2020-01-01,19.427
Annual,Renewable energy - heating and cooling,Percentage,Slovakia,2021-01-01,19.521
Annual,Renewable energy - heating and cooling,Percentage,Slovakia,2022-01-01,19.883
Annual,Renewable energy - heating and cooling,Percentage,Slovakia,2023-01-01,18.795
Annual,Renewable energy - heating and cooling,Percentage,Slovakia,2024-01-01,20.427
Annual,Renewable energy - heating and cooling,Percentage,Finland,2004-01-01,39.504
Annual,Renewable energy - heating and cooling,Percentage,Finland,2005-01-01,39.116
Annual,Renewable energy - heating and cooling,Percentage,Finland,2006-01-01,41.409
Annual,Renewable energy - heating and cooling,Percentage,Finland,2007-01-01,41.434
Annual,Renewable energy - heating and cooling,Percentage,Finland,2008-01-01,43.078
Annual,Renewable energy - heating and cooling,Percentage,Finland,2009-01-01,42.888
Annual,Renewable energy - heating and cooling,Percentage,Finland,2010-01-01,43.973
Annual,Renewable energy - heating and cooling,Percentage,Finland,2011-01-01,45.732
Annual,Renewable energy - heating and cooling,Percentage,Finland,2012-01-01,48.23
Annual,Renewable energy - heating and cooling,Percentage,Finland,2013-01-01,50.772
Annual,Renewable energy - heating and cooling,Percentage,Finland,2014-01-01,51.955
Annual,Renewable energy - heating and cooling,Percentage,Finland,2015-01-01,52.618
Annual,Renewable energy - heating and cooling,Percentage,Finland,2016-01-01,53.704
Annual,Renewable energy - heating and cooling,Percentage,Finland,2017-01-01,54.593
Annual,Renewable energy - heating and cooling,Percentage,Finland,2018-01-01,54.905
Annual,Renewable energy - heating and cooling,Percentage,Finland,2019-01-01,56.884
Annual,Renewable energy - heating and cooling,Percentage,Finland,2020-01-01,57.622
Annual,Renewable energy - heating and cooling,Percentage,Finland,2021-01-01,52.085
Annual,Renewable energy - heating and cooling,Percentage,Finland,2022-01-01,58.292
Annual,Renewable energy - heating and cooling,Percentage,Finland,2023-01-01,61.355
Annual,Renewable energy - heating and cooling,Percentage,Finland,2024-01-01,62.592
Annual,Renewable energy - heating and cooling,Percentage,Sweden,2004-01-01,45.929
Annual,Renewable energy - heating and cooling,Percentage,Sweden,2005-01-01,49.022
Annual,Renewable energy - heating and cooling,Percentage,Sweden,2006-01-01,52.496
Annual,Renewable energy - heating and cooling,Percentage,Sweden,2007-01-01,54.465
Annual,Renewable energy - heating and cooling,Percentage,Sweden,2008-01-01,55.778
Annual,Renewable energy - heating and cooling,Percentage,Sweden,2009-01-01,59.203
Annual,Renewable energy - heating and cooling,Percentage,Sweden,2010-01-01,57.07
Annual,Renewable energy - heating and cooling,Percentage,Sweden,2011-01-01,58.519
Annual,Renewable energy - heating and cooling,Percentage,Sweden,2012-01-01,60.635
Annual,Renewable energy - heating and cooling,Percentage,Sweden,2013-01-01,61.708
Annual,Renewable energy - heating and cooling,Percentage,Sweden,2014-01-01,62.566
Annual,Renewable energy - heating and cooling,Percentage,Sweden,2015-01-01,63.235
Annual,Renewable energy - heating and cooling,Percentage,Sweden,2016-01-01,63.412
Annual,Renewable energy - heating and cooling,Percentage,Sweden,2017-01-01,63.62
Annual,Renewable energy - heating and cooling,Percentage,Sweden,2018-01-01,63.301
Annual,Renewable energy - heating and cooling,Percentage,Sweden,2019-01-01,64.394
Annual,Renewable energy - heating and cooling,Percentage,Sweden,2020-01-01,66.381
Annual,Renewable energy - heating and cooling,Percentage,Sweden,2021-01-01,68.53
Annual,Renewable energy - heating and cooling,Percentage,Sweden,2022-01-01,69.81
Annual,Renewable energy - heating and cooling,Percentage,Sweden,2023-01-01,67.068
Annual,Renewable energy - heating and cooling,Percentage,Sweden,2024-01-01,67.828
Annual,Renewable energy - heating and cooling,Percentage,Iceland,2004-01-01,52.343
Annual,Renewable energy - heating and cooling,Percentage,Iceland,2005-01-01,53.725
Annual,Renewable energy - heating and cooling,Percentage,Iceland,2006-01-01,57.194
Annual,Renewable energy - heating and cooling,Percentage,Iceland,2007-01-01,60.91
Annual,Renewable energy - heating and cooling,Percentage,Iceland,2008-01-01,64.08
Annual,Renewable energy - heating and cooling,Percentage,Iceland,2009-01-01,64.412
Annual,Renewable energy - heating and cooling,Percentage,Iceland,2010-01-01,66.188
Annual,Renewable energy - heating and cooling,Percentage,Iceland,2011-01-01,68.1
Annual,Renewable energy - heating and cooling,Percentage,Iceland,2012-01-01,68.75
Annual,Renewable energy - heating and cooling,Percentage,Iceland,2013-01-01,65.893
Annual,Renewable energy - heating and cooling,Percentage,Iceland,2014-01-01,67.025
Annual,Renewable energy - heating and cooling,Percentage,Iceland,2015-01-01,69.196
Annual,Renewable energy - heating and cooling,Percentage,Iceland,2016-01-01,78.245
Annual,Renewable energy - heating and cooling,Percentage,Iceland,2017-01-01,78.253
Annual,Renewable energy - heating and cooling,Percentage,Iceland,2018-01-01,79.949
Annual,Renewable energy - heating and cooling,Percentage,Iceland,2019-01-01,80.896
Annual,Renewable energy - heating and cooling,Percentage,Iceland,2020-01-01,80.504
Annual,Renewable energy - heating and cooling,Percentage,Iceland,2021-01-01,79.621
Annual,Renewable energy - heating and cooling,Percentage,Iceland,2022-01-01,82.031
Annual,Renewable energy - heating and cooling,Percentage,Iceland,2023-01-01,83.114
Annual,Renewable energy - heating and cooling,Percentage,Iceland,2024-01-01,79.453
Annual,Renewable energy - heating and cooling,Percentage,Norway,2004-01-01,25.549
Annual,Renewable energy - heating and cooling,Percentage,Norway,2005-01-01,28.837
Annual,Renewable energy - heating and cooling,Percentage,Norway,2006-01-01,28.435
Annual,Renewable energy - heating and cooling,Percentage,Norway,2007-01-01,29.326
Annual,Renewable energy - heating and cooling,Percentage,Norway,2008-01-01,30.918
Annual,Renewable energy - heating and cooling,Percentage,Norway,2009-01-01,31.814
Annual,Renewable energy - heating and cooling,Percentage,Norway,2010-01-01,33.727
Annual,Renewable energy - heating and cooling,Percentage,Norway,2011-01-01,34.671
Annual,Renewable energy - heating and cooling,Percentage,Norway,2012-01-01,33.968
Annual,Renewable energy - heating and cooling,Percentage,Norway,2013-01-01,32.758
Annual,Renewable energy - heating and cooling,Percentage,Norway,2014-01-01,30.907
Annual,Renewable energy - heating and cooling,Percentage,Norway,2015-01-01,32.674
Annual,Renewable energy - heating and cooling,Percentage,Norway,2016-01-01,32.346
Annual,Renewable energy - heating and cooling,Percentage,Norway,2017-01-01,32.464
Annual,Renewable energy - heating and cooling,Percentage,Norway,2018-01-01,33.099
Annual,Renewable energy - heating and cooling,Percentage,Norway,2019-01-01,35.384
Annual,Renewable energy - heating and cooling,Percentage,Norway,2020-01-01,36.126
Annual,Renewable energy - heating and cooling,Percentage,Norway,2021-01-01,31.371
Annual,Renewable energy - heating and cooling,Percentage,Norway,2022-01-01,33.167
Annual,Renewable energy - heating and cooling,Percentage,Norway,2023-01-01,34.073
Annual,Renewable energy - heating and cooling,Percentage,Norway,2024-01-01,35.235
Annual,Renewable energy - heating and cooling,Percentage,Bosnia and Herzegovina,2014-01-01,28.626
Annual,Renewable energy - heating and cooling,Percentage,Bosnia and Herzegovina,2015-01-01,32.768
Annual,Renewable energy - heating and cooling,Percentage,Bosnia and Herzegovina,2016-01-01,32.329
Annual,Renewable energy - heating and cooling,Percentage,Bosnia and Herzegovina,2017-01-01,28.739
Annual,Renewable energy - heating and cooling,Percentage,Bosnia and Herzegovina,2018-01-01,52.685
Annual,Renewable energy - heating and cooling,Percentage,Bosnia and Herzegovina,2019-01-01,55.873
Annual,Renewable energy - heating and cooling,Percentage,Bosnia and Herzegovina,2020-01-01,56.623
Annual,Renewable energy - heating and cooling,Percentage,Bosnia and Herzegovina,2021-01-01,53.31
Annual,Renewable energy - heating and cooling,Percentage,Bosnia and Herzegovina,2022-01-01,57.648
Annual,Renewable energy - heating and cooling,Percentage,Bosnia and Herzegovina,2023-01-01,59.672
Annual,Renewable energy - heating and cooling,Percentage,Bosnia and Herzegovina,2024-01-01,56.596
Annual,Renewable energy - heating and cooling,Percentage,Montenegro,2005-01-01,52.907
Annual,Renewable energy - heating and cooling,Percentage,Montenegro,2006-01-01,51.358
Annual,Renewable energy - heating and cooling,Percentage,Montenegro,2007-01-01,49.126
Annual,Renewable energy - heating and cooling,Percentage,Montenegro,2008-01-01,46.008
Annual,Renewable energy - heating and cooling,Percentage,Montenegro,2009-01-01,62.078
Annual,Renewable energy - heating and cooling,Percentage,Montenegro,2010-01-01,76.478
Annual,Renewable energy - heating and cooling,Percentage,Montenegro,2011-01-01,81.291
Annual,Renewable energy - heating and cooling,Percentage,Montenegro,2012-01-01,79.793
Annual,Renewable energy - heating and cooling,Percentage,Montenegro,2013-01-01,68.492
Annual,Renewable energy - heating and cooling,Percentage,Montenegro,2014-01-01,67.618
Annual,Renewable energy - heating and cooling,Percentage,Montenegro,2015-01-01,68.543
Annual,Renewable energy - heating and cooling,Percentage,Montenegro,2016-01-01,69.085
Annual,Renewable energy - heating and cooling,Percentage,Montenegro,2017-01-01,65.679
Annual,Renewable energy - heating and cooling,Percentage,Montenegro,2018-01-01,64.497
Annual,Renewable energy - heating and cooling,Percentage,Montenegro,2019-01-01,62.648
Annual,Renewable energy - heating and cooling,Percentage,Montenegro,2020-01-01,64.782
Annual,Renewable energy - heating and cooling,Percentage,Montenegro,2021-01-01,63.498
Annual,Renewable energy - heating and cooling,Percentage,Montenegro,2022-01-01,64.895
Annual,Renewable energy - heating and cooling,Percentage,Montenegro,2023-01-01,66.594
Annual,Renewable energy - heating and cooling,Percentage,Montenegro,2024-01-01,68.304
Annual,Renewable energy - heating and cooling,Percentage,Moldova,2004-01-01,20.159
Annual,Renewable energy - heating and cooling,Percentage,Moldova,2005-01-01,17.417
Annual,Renewable energy - heating and cooling,Percentage,Moldova,2006-01-01,18.399
Annual,Renewable energy - heating and cooling,Percentage,Moldova,2007-01-01,17.35
Annual,Renewable energy - heating and cooling,Percentage,Moldova,2008-01-01,19.02
Annual,Renewable energy - heating and cooling,Percentage,Moldova,2009-01-01,21.408
Annual,Renewable energy - heating and cooling,Percentage,Moldova,2010-01-01,34.579
Annual,Renewable energy - heating and cooling,Percentage,Moldova,2011-01-01,36.339
Annual,Renewable energy - heating and cooling,Percentage,Moldova,2012-01-01,39.025
Annual,Renewable energy - heating and cooling,Percentage,Moldova,2013-01-01,40.014
Annual,Renewable energy - heating and cooling,Percentage,Moldova,2014-01-01,43.634
Annual,Renewable energy - heating and cooling,Percentage,Moldova,2015-01-01,44.557
Annual,Renewable energy - heating and cooling,Percentage,Moldova,2016-01-01,45.544
Annual,Renewable energy - heating and cooling,Percentage,Moldova,2017-01-01,46.099
Annual,Renewable energy - heating and cooling,Percentage,Moldova,2018-01-01,45.056
Annual,Renewable energy - heating and cooling,Percentage,Moldova,2019-01-01,40.472
Annual,Renewable energy - heating and cooling,Percentage,Moldova,2020-01-01,41.173
Annual,Renewable energy - heating and cooling,Percentage,Moldova,2021-01-01,36.877
Annual,Renewable energy - heating and cooling,Percentage,Moldova,2022-01-01,38.39
Annual,Renewable energy - heating and cooling,Percentage,Moldova,2023-01-01,40.655
Annual,Renewable energy - heating and cooling,Percentage,Moldova,2024-01-01,36.654
Annual,Renewable energy - heating and cooling,Percentage,North Macedonia,2004-01-01,23.308
Annual,Renewable energy - heating and cooling,Percentage,North Macedonia,2005-01-01,24.681
Annual,Renewable energy - heating and cooling,Percentage,North Macedonia,2006-01-01,24.917
Annual,Renewable energy - heating and cooling,Percentage,North Macedonia,2007-01-01,22.491
Annual,Renewable energy - heating and cooling,Percentage,North Macedonia,2008-01-01,24.642
Annual,Renewable energy - heating and cooling,Percentage,North Macedonia,2009-01-01,29.207
Annual,Renewable energy - heating and cooling,Percentage,North Macedonia,2010-01-01,26.503
Annual,Renewable energy - heating and cooling,Percentage,North Macedonia,2011-01-01,27.338
Annual,Renewable energy - heating and cooling,Percentage,North Macedonia,2012-01-01,29.595
Annual,Renewable energy - heating and cooling,Percentage,North Macedonia,2013-01-01,31.762
Annual,Renewable energy - heating and cooling,Percentage,North Macedonia,2014-01-01,34.991
Annual,Renewable energy - heating and cooling,Percentage,North Macedonia,2015-01-01,34.474
Annual,Renewable energy - heating and cooling,Percentage,North Macedonia,2016-01-01,30.924
Annual,Renewable energy - heating and cooling,Percentage,North Macedonia,2017-01-01,36.301
Annual,Renewable energy - heating and cooling,Percentage,North Macedonia,2018-01-01,32.45
Annual,Renewable energy - heating and cooling,Percentage,North Macedonia,2019-01-01,32.066
Annual,Renewable energy - heating and cooling,Percentage,North Macedonia,2020-01-01,33.729
Annual,Renewable energy - heating and cooling,Percentage,North Macedonia,2021-01-01,40.864
Annual,Renewable energy - heating and cooling,Percentage,North Macedonia,2022-01-01,43.786
Annual,Renewable energy - heating and cooling,Percentage,North Macedonia,2023-01-01,37.283
Annual,Renewable energy - heating and cooling,Percentage,North Macedonia,2024-01-01,37.885
Annual,Renewable energy - heating and cooling,Percentage,Georgia,2021-01-01,12.371
Annual,Renewable energy - heating and cooling,Percentage,Georgia,2022-01-01,10.427
Annual,Renewable energy - heating and cooling,Percentage,Georgia,2023-01-01,10.781
Annual,Renewable energy - heating and cooling,Percentage,Georgia,2024-01-01,9.331
Annual,Renewable energy - heating and cooling,Percentage,Albania,2004-01-01,33.138
Annual,Renewable energy - heating and cooling,Percentage,Albania,2005-01-01,37.757
Annual,Renewable energy - heating and cooling,Percentage,Albania,2006-01-01,30.964
Annual,Renewable energy - heating and cooling,Percentage,Albania,2007-01-01,33.15
Annual,Renewable energy - heating and cooling,Percentage,Albania,2008-01-01,37.056
Annual,Renewable energy - heating and cooling,Percentage,Albania,2009-01-01,34.73
Annual,Renewable energy - heating and cooling,Percentage,Albania,2010-01-01,31.257
Annual,Renewable energy - heating and cooling,Percentage,Albania,2011-01-01,31.427
Annual,Renewable energy - heating and cooling,Percentage,Albania,2012-01-01,39.1
Annual,Renewable energy - heating and cooling,Percentage,Albania,2013-01-01,37.766
Annual,Renewable energy - heating and cooling,Percentage,Albania,2014-01-01,30.977
Annual,Renewable energy - heating and cooling,Percentage,Albania,2015-01-01,34.609
Annual,Renewable energy - heating and cooling,Percentage,Albania,2016-01-01,32.495
Annual,Renewable energy - heating and cooling,Percentage,Albania,2017-01-01,23.969
Annual,Renewable energy - heating and cooling,Percentage,Albania,2018-01-01,21.993
Annual,Renewable energy - heating and cooling,Percentage,Albania,2019-01-01,24.754
Annual,Renewable energy - heating and cooling,Percentage,Albania,2020-01-01,25.125
Annual,Renewable energy - heating and cooling,Percentage,Albania,2021-01-01,21.2
Annual,Renewable energy - heating and cooling,Percentage,Albania,2022-01-01,22.087
Annual,Renewable energy - heating and cooling,Percentage,Albania,2023-01-01,22.917
Annual,Renewable energy - heating and cooling,Percentage,Albania,2024-01-01,3.368
Annual,Renewable energy - heating and cooling,Percentage,Serbia,2004-01-01,14.027
Annual,Renewable energy - heating and cooling,Percentage,Serbia,2005-01-01,15.563
Annual,Renewable energy - heating and cooling,Percentage,Serbia,2006-01-01,15.758
Annual,Renewable energy - heating and cooling,Percentage,Serbia,2007-01-01,13.189
Annual,Renewable energy - heating and cooling,Percentage,Serbia,2008-01-01,16.73
Annual,Renewable energy - heating and cooling,Percentage,Serbia,2009-01-01,26.503
Annual,Renewable energy - heating and cooling,Percentage,Serbia,2010-01-01,23.196
Annual,Renewable energy - heating and cooling,Percentage,Serbia,2011-01-01,21.089
Annual,Renewable energy - heating and cooling,Percentage,Serbia,2012-01-01,23.205
Annual,Renewable energy - heating and cooling,Percentage,Serbia,2013-01-01,25.145
Annual,Renewable energy - heating and cooling,Percentage,Serbia,2014-01-01,28.844
Annual,Renewable energy - heating and cooling,Percentage,Serbia,2015-01-01,26.929
Annual,Renewable energy - heating and cooling,Percentage,Serbia,2016-01-01,25.079
Annual,Renewable energy - heating and cooling,Percentage,Serbia,2017-01-01,24.896
Annual,Renewable energy - heating and cooling,Percentage,Serbia,2018-01-01,24.294
Annual,Renewable energy - heating and cooling,Percentage,Serbia,2019-01-01,26.648
Annual,Renewable energy - heating and cooling,Percentage,Serbia,2020-01-01,35.68
Annual,Renewable energy - heating and cooling,Percentage,Serbia,2021-01-01,35.401
Annual,Renewable energy - heating and cooling,Percentage,Serbia,2022-01-01,34.733
Annual,Renewable energy - heating and cooling,Percentage,Serbia,2023-01-01,35.88
Annual,Renewable energy - heating and cooling,Percentage,Serbia,2024-01-01,37.235
Annual,Renewable energy - heating and cooling,Percentage,Kosovo*,2004-01-01,51.857
Annual,Renewable energy - heating and cooling,Percentage,Kosovo*,2005-01-01,49.49
Annual,Renewable energy - heating and cooling,Percentage,Kosovo*,2006-01-01,48.926
Annual,Renewable energy - heating and cooling,Percentage,Kosovo*,2007-01-01,49.214
Annual,Renewable energy - heating and cooling,Percentage,Kosovo*,2008-01-01,47.794
Annual,Renewable energy - heating and cooling,Percentage,Kosovo*,2009-01-01,47.761
Annual,Renewable energy - heating and cooling,Percentage,Kosovo*,2010-01-01,45.549
Annual,Renewable energy - heating and cooling,Percentage,Kosovo*,2011-01-01,44.683
Annual,Renewable energy - heating and cooling,Percentage,Kosovo*,2012-01-01,49.341
Annual,Renewable energy - heating and cooling,Percentage,Kosovo*,2013-01-01,49.72
Annual,Renewable energy - heating and cooling,Percentage,Kosovo*,2014-01-01,51.816
Annual,Renewable energy - heating and cooling,Percentage,Kosovo*,2015-01-01,46.725
Annual,Renewable energy - heating and cooling,Percentage,Kosovo*,2016-01-01,51.785
Annual,Renewable energy - heating and cooling,Percentage,Kosovo*,2017-01-01,50.531
Annual,Renewable energy - heating and cooling,Percentage,Kosovo*,2018-01-01,56.739
Annual,Renewable energy - heating and cooling,Percentage,Kosovo*,2019-01-01,54.793
Annual,Renewable energy - heating and cooling,Percentage,Kosovo*,2020-01-01,55.888
Annual,Renewable energy - heating and cooling,Percentage,Kosovo*,2021-01-01,52.099
Annual,Renewable energy - heating and cooling,Percentage,Kosovo*,2022-01-01,46.069
Annual,Renewable energy - heating and cooling,Percentage,Kosovo*,2023-01-01,45.347
Annual,Renewable energy - heating and cooling,Percentage,Kosovo*,2024-01-01,42.809
Annual,Renewable energy - heating and cooling - waste heat and cold,Percentage,European Union - 27 countries (from 2020),2021-01-01,23.091
Annual,Renewable energy - heating and cooling - waste heat and cold,Percentage,European Union - 27 countries (from 2020),2022-01-01,24.833
Annual,Renewable energy - heating and cooling - waste heat and cold,Percentage,European Union - 27 countries (from 2020),2023-01-01,26.294
Annual,Renewable energy - heating and cooling - waste heat and cold,Percentage,European Union - 27 countries (from 2020),2024-01-01,26.808
Annual,Renewable energy - heating and cooling - waste heat and cold,Percentage,Euro area – 21 countries (from 2026),2021-01-01,20.704
Annual,Renewable energy - heating and cooling - waste heat and cold,Percentage,Euro area – 21 countries (from 2026),2022-01-01,22.47
Annual,Renewable energy - heating and cooling - waste heat and cold,Percentage,Euro area – 21 countries (from 2026),2023-01-01,24.063
Annual,Renewable energy - heating and cooling - waste heat and cold,Percentage,Euro area – 21 countries (from 2026),2024-01-01,24.628
Annual,Renewable energy - heating and cooling - waste heat and cold,Percentage,Euro area – 20 countries (2023-2025),2021-01-01,20.704
Annual,Renewable energy - heating and cooling - waste heat and cold,Percentage,Euro area – 20 countries (2023-2025),2022-01-01,22.47
Annual,Renewable energy - heating and cooling - waste heat and cold,Percentage,Euro area – 20 countries (2023-2025),2023-01-01,24.063
Annual,Renewable energy - heating and cooling - waste heat and cold,Percentage,Euro area – 20 countries (2023-2025),2024-01-01,24.628
Annual,Renewable energy - heating and cooling - waste heat and cold,Percentage,Belgium,2021-01-01,9.452
Annual,Renewable energy - heating and cooling - waste heat and cold,Percentage,Belgium,2022-01-01,10.632
Annual,Renewable energy - heating and cooling - waste heat and cold,Percentage,Belgium,2023-01-01,11.458
Annual,Renewable energy - heating and cooling - waste heat and cold,Percentage,Belgium,2024-01-01,11.493
Annual,Renewable energy - heating and cooling - waste heat and cold,Percentage,Denmark,2021-01-01,53.333
Annual,Renewable energy - heating and cooling - waste heat and cold,Percentage,Denmark,2022-01-01,53.171
Annual,Renewable energy - heating and cooling - waste heat and cold,Percentage,Denmark,2023-01-01,56.161
Annual,Renewable energy - heating and cooling - waste heat and cold,Percentage,Denmark,2024-01-01,58.11
Annual,Renewable energy - heating and cooling - waste heat and cold,Percentage,Spain,2021-01-01,16.989
Annual,Renewable energy - heating and cooling - waste heat and cold,Percentage,Spain,2022-01-01,19.369
Annual,Renewable energy - heating and cooling - waste heat and cold,Percentage,Spain,2023-01-01,21.946
Annual,Renewable energy - heating and cooling - waste heat and cold,Percentage,Spain,2024-01-01,21.618
Annual,Renewable energy - heating and cooling - waste heat and cold,Percentage,Italy,2021-01-01,19.371
Annual,Renewable energy - heating and cooling - waste heat and cold,Percentage,Italy,2022-01-01,19.921
Annual,Renewable energy - heating and cooling - waste heat and cold,Percentage,Italy,2023-01-01,20.329
Annual,Renewable energy - heating and cooling - waste heat and cold,Percentage,Italy,2024-01-01,20.289
Annual,Renewable energy - heating and cooling - waste heat and cold,Percentage,Luxembourg,2021-01-01,19.699
Annual,Renewable energy - heating and cooling - waste heat and cold,Percentage,Luxembourg,2022-01-01,22.936
Annual,Renewable energy - heating and cooling - waste heat and cold,Percentage,Luxembourg,2023-01-01,23.665
Annual,Renewable energy - heating and cooling - waste heat and cold,Percentage,Luxembourg,2024-01-01,28.532
Annual,Renewable energy - heating and cooling - waste heat and cold,Percentage,Hungary,2021-01-01,17.908
Annual,Renewable energy - heating and cooling - waste heat and cold,Percentage,Hungary,2022-01-01,20.243
Annual,Renewable energy - heating and cooling - waste heat and cold,Percentage,Hungary,2023-01-01,22.28
Annual,Renewable energy - heating and cooling - waste heat and cold,Percentage,Hungary,2024-01-01,22.62
Annual,Renewable energy and waste heat and cold - district heating and cooling,Percentage,European Union - 27 countries (from 2020),2021-01-01,30.13
Annual,Renewable energy and waste heat and cold - district heating and cooling,Percentage,European Union - 27 countries (from 2020),2022-01-01,31.564
Annual,Renewable energy and waste heat and cold - district heating and cooling,Percentage,European Union - 27 countries (from 2020),2023-01-01,33.174
Annual,Renewable energy and waste heat and cold - district heating and cooling,Percentage,European Union - 27 countries (from 2020),2024-01-01,34.527
Annual,Renewable energy and waste heat and cold - district heating and cooling,Percentage,Euro area – 21 countries (from 2026),2021-01-01,20.24
Annual,Renewable energy and waste heat and cold - district heating and cooling,Percentage,Euro area – 21 countries (from 2026),2022-01-01,22.165
Annual,Renewable energy and waste heat and cold - district heating and cooling,Percentage,Euro area – 21 countries (from 2026),2023-01-01,23.312
Annual,Renewable energy and waste heat and cold - district heating and cooling,Percentage,Euro area – 21 countries (from 2026),2024-01-01,24.228
Annual,Renewable energy and waste heat and cold - district heating and cooling,Percentage,Euro area – 20 countries (2023-2025),2021-01-01,20.24
Annual,Renewable energy and waste heat and cold - district heating and cooling,Percentage,Euro area – 20 countries (2023-2025),2022-01-01,22.165
Annual,Renewable energy and waste heat and cold - district heating and cooling,Percentage,Euro area – 20 countries (2023-2025),2023-01-01,23.312
Annual,Renewable energy and waste heat and cold - district heating and cooling,Percentage,Euro area – 20 countries (2023-2025),2024-01-01,24.228
Annual,Renewable energy and waste heat and cold - district heating and cooling,Percentage,Belgium,2021-01-01,73.0
Annual,Renewable energy and waste heat and cold - district heating and cooling,Percentage,Belgium,2022-01-01,74.0
Annual,Renewable energy and waste heat and cold - district heating and cooling,Percentage,Belgium,2023-01-01,74.0
Annual,Renewable energy and waste heat and cold - district heating and cooling,Percentage,Belgium,2024-01-01,68.0
Annual,Renewable energy and waste heat and cold - district heating and cooling,Percentage,Denmark,2021-01-01,70.0
Annual,Renewable energy and waste heat and cold - district heating and cooling,Percentage,Denmark,2022-01-01,70.0
Annual,Renewable energy and waste heat and cold - district heating and cooling,Percentage,Denmark,2023-01-01,70.0
Annual,Renewable energy and waste heat and cold - district heating and cooling,Percentage,Denmark,2024-01-01,72.0
Annual,Renewable energy and waste heat and cold - district heating and cooling,Percentage,Germany,2021-01-01,18.568
Annual,Renewable energy and waste heat and cold - district heating and cooling,Percentage,Germany,2022-01-01,20.257
Annual,Renewable energy and waste heat and cold - district heating and cooling,Percentage,Germany,2023-01-01,21.262
Annual,Renewable energy and waste heat and cold - district heating and cooling,Percentage,Germany,2024-01-01,22.154
Annual,Renewable energy and waste heat and cold - district heating and cooling,Percentage,Spain,2021-01-01,41.0
Annual,Renewable energy and waste heat and cold - district heating and cooling,Percentage,Spain,2022-01-01,78.0
Annual,Renewable energy and waste heat and cold - district heating and cooling,Percentage,Spain,2023-01-01,82.0
Annual,Renewable energy and waste heat and cold - district heating and cooling,Percentage,Spain,2024-01-01,82.0
Annual,Renewable energy and waste heat and cold - district heating and cooling,Percentage,Italy,2021-01-01,25.0
Annual,Renewable energy and waste heat and cold - district heating and cooling,Percentage,Italy,2022-01-01,27.0
Annual,Renewable energy and waste heat and cold - district heating and cooling,Percentage,Italy,2023-01-01,28.0
Annual,Renewable energy and waste heat and cold - district heating and cooling,Percentage,Italy,2024-01-01,28.0
Annual,Renewable energy and waste heat and cold - district heating and cooling,Percentage,Luxembourg,2021-01-01,76.0
Annual,Renewable energy and waste heat and cold - district heating and cooling,Percentage,Luxembourg,2022-01-01,79.0
Annual,Renewable energy and waste heat and cold - district heating and cooling,Percentage,Luxembourg,2023-01-01,82.0
Annual,Renewable energy and waste heat and cold - district heating and cooling,Percentage,Luxembourg,2024-01-01,84.0
Annual,Renewable energy and waste heat and cold - district heating and cooling,Percentage,Hungary,2021-01-01,16.0
Annual,Renewable energy and waste heat and cold - district heating and cooling,Percentage,Hungary,2022-01-01,18.0
Annual,Renewable energy and waste heat and cold - district heating and cooling,Percentage,Hungary,2023-01-01,20.0
Annual,Renewable energy and waste heat and cold - district heating and cooling,Percentage,Hungary,2024-01-01,23.0
