freq,nrg_bal,siec,unit,geo,time,value,dataset
Annual,Final consumption - energy use,Total,Thousand tonnes of oil equivalent,European Union - 27 countries (from 2020),2013,918671.439,energy_consumption
Annual,Final consumption - energy use,Total,Thousand tonnes of oil equivalent,European Union - 27 countries (from 2020),2014,876100.968,energy_consumption
Annual,Final consumption - energy use,Total,Thousand tonnes of oil equivalent,European Union - 27 countries (from 2020),2015,895850.777,energy_consumption
Annual,Final consumption - energy use,Total,Thousand tonnes of oil equivalent,European Union - 27 countries (from 2020),2016,914626.279,energy_consumption
Annual,Final consumption - energy use,Total,Thousand tonnes of oil equivalent,European Union - 27 countries (from 2020),2017,927346.083,energy_consumption
Annual,Final consumption - energy use,Total,Thousand tonnes of oil equivalent,European Union - 27 countries (from 2020),2018,928645.111,energy_consumption
Annual,Final consumption - energy use,Total,Thousand tonnes of oil equivalent,European Union - 27 countries (from 2020),2019,922846.966,energy_consumption
Annual,Final consumption - energy use,Total,Thousand tonnes of oil equivalent,European Union - 27 countries (from 2020),2020,871862.63,energy_consumption
Annual,Final consumption - energy use,Total,Thousand tonnes of oil equivalent,European Union - 27 countries (from 2020),2021,925205.048,energy_consumption
Annual,Final consumption - energy use,Total,Thousand tonnes of oil equivalent,European Union - 27 countries (from 2020),2022,885717.318,energy_consumption
Annual,Final consumption - energy use,Total,Thousand tonnes of oil equivalent,European Union - 27 countries (from 2020),2023,855847.228,energy_consumption
Annual,Final consumption - energy use,Total,Thousand tonnes of oil equivalent,European Union - 27 countries (from 2020),2024,861420.154,energy_consumption
Annual,Final consumption - energy use,Total,Thousand tonnes of oil equivalent,Euro area – 21 countries (from 2026),2013,,energy_consumption
Annual,Final consumption - energy use,Total,Thousand tonnes of oil equivalent,Euro area – 21 countries (from 2026),2014,,energy_consumption
Annual,Final consumption - energy use,Total,Thousand tonnes of oil equivalent,Euro area – 21 countries (from 2026),2015,,energy_consumption
Annual,Final consumption - energy use,Total,Thousand tonnes of oil equivalent,Euro area – 21 countries (from 2026),2016,,energy_consumption
Annual,Final consumption - energy use,Total,Thousand tonnes of oil equivalent,Euro area – 21 countries (from 2026),2017,,energy_consumption
Annual,Final consumption - energy use,Total,Thousand tonnes of oil equivalent,Euro area – 21 countries (from 2026),2018,,energy_consumption
Annual,Final consumption - energy use,Total,Thousand tonnes of oil equivalent,Euro area – 21 countries (from 2026),2019,,energy_consumption
Annual,Final consumption - energy use,Total,Thousand tonnes of oil equivalent,Euro area – 21 countries (from 2026),2020,,energy_consumption
Annual,Final consumption - energy use,Total,Thousand tonnes of oil equivalent,Euro area – 21 countries (from 2026),2021,,energy_consumption
Annual,Final consumption - energy use,Total,Thousand tonnes of oil equivalent,Euro area – 21 countries (from 2026),2022,,energy_consumption
Annual,Final consumption - energy use,Total,Thousand tonnes of oil equivalent,Euro area – 21 countries (from 2026),2023,,energy_consumption
Annual,Final consumption - energy use,Total,Thousand tonnes of oil equivalent,Euro area – 21 countries (from 2026),2024,,energy_consumption
Annual,Final consumption - energy use,Total,Thousand tonnes of oil equivalent,Euro area – 20 countries (2023-2025),2013,,energy_consumption
Annual,Final consumption - energy use,Total,Thousand tonnes of oil equivalent,Euro area – 20 countries (2023-2025),2014,,energy_consumption
Annual,Final consumption - energy use,Total,Thousand tonnes of oil equivalent,Euro area – 20 countries (2023-2025),2015,,energy_consumption
Annual,Final consumption - energy use,Total,Thousand tonnes of oil equivalent,Euro area – 20 countries (2023-2025),2016,,energy_consumption
Annual,Final consumption - energy use,Total,Thousand tonnes of oil equivalent,Euro area – 20 countries (2023-2025),2017,,energy_consumption
Annual,Final consumption - energy use,Total,Thousand tonnes of oil equivalent,Euro area – 20 countries (2023-2025),2018,,energy_consumption
Annual,Final consumption - energy use,Total,Thousand tonnes of oil equivalent,Euro area – 20 countries (2023-2025),2019,,energy_consumption
Annual,Final consumption - energy use,Total,Thousand tonnes of oil equivalent,Euro area – 20 countries (2023-2025),2020,,energy_consumption
Annual,Final consumption - energy use,Total,Thousand tonnes of oil equivalent,Euro area – 20 countries (2023-2025),2021,,energy_consumption
Annual,Final consumption - energy use,Total,Thousand tonnes of oil equivalent,Euro area – 20 countries (2023-2025),2022,,energy_consumption
Annual,Final consumption - energy use,Total,Thousand tonnes of oil equivalent,Euro area – 20 countries (2023-2025),2023,,energy_consumption
Annual,Final consumption - energy use,Total,Thousand tonnes of oil equivalent,Euro area – 20 countries (2023-2025),2024,,energy_consumption
Annual,Final consumption - energy use,Total,Thousand tonnes of oil equivalent,Euro area - 19 countries  (2015-2022),2013,,energy_consumption
Annual,Final consumption - energy use,Total,Thousand tonnes of oil equivalent,Euro area - 19 countries  (2015-2022),2014,,energy_consumption
Annual,Final consumption - energy use,Total,Thousand tonnes of oil equivalent,Euro area - 19 countries  (2015-2022),2015,,energy_consumption
Annual,Final consumption - energy use,Total,Thousand tonnes of oil equivalent,Euro area - 19 countries  (2015-2022),2016,,energy_consumption
Annual,Final consumption - energy use,Total,Thousand tonnes of oil equivalent,Euro area - 19 countries  (2015-2022),2017,,energy_consumption
Annual,Final consumption - energy use,Total,Thousand tonnes of oil equivalent,Euro area - 19 countries  (2015-2022),2018,,energy_consumption
Annual,Final consumption - energy use,Total,Thousand tonnes of oil equivalent,Euro area - 19 countries  (2015-2022),2019,,energy_consumption
Annual,Final consumption - energy use,Total,Thousand tonnes of oil equivalent,Euro area - 19 countries  (2015-2022),2020,,energy_consumption
Annual,Final consumption - energy use,Total,Thousand tonnes of oil equivalent,Euro area - 19 countries  (2015-2022),2021,,energy_consumption
Annual,Final consumption - energy use,Total,Thousand tonnes of oil equivalent,Euro area - 19 countries  (2015-2022),2022,,energy_consumption
Annual,Final consumption - energy use,Total,Thousand tonnes of oil equivalent,Euro area - 19 countries  (2015-2022),2023,,energy_consumption
Annual,Final consumption - energy use,Total,Thousand tonnes of oil equivalent,Euro area - 19 countries  (2015-2022),2024,,energy_consumption
Annual,Final consumption - energy use,Total,Thousand tonnes of oil equivalent,Belgium,2013,34011.623,energy_consumption
Annual,Final consumption - energy use,Total,Thousand tonnes of oil equivalent,Belgium,2014,31552.075,energy_consumption
Annual,Final consumption - energy use,Total,Thousand tonnes of oil equivalent,Belgium,2015,33134.556,energy_consumption
Annual,Final consumption - energy use,Total,Thousand tonnes of oil equivalent,Belgium,2016,33384.527,energy_consumption
Annual,Final consumption - energy use,Total,Thousand tonnes of oil equivalent,Belgium,2017,32929.156,energy_consumption
Annual,Final consumption - energy use,Total,Thousand tonnes of oil equivalent,Belgium,2018,33138.244,energy_consumption
Annual,Final consumption - energy use,Total,Thousand tonnes of oil equivalent,Belgium,2019,32438.375,energy_consumption
Annual,Final consumption - energy use,Total,Thousand tonnes of oil equivalent,Belgium,2020,31155.401,energy_consumption
Annual,Final consumption - energy use,Total,Thousand tonnes of oil equivalent,Belgium,2021,33307.465,energy_consumption
Annual,Final consumption - energy use,Total,Thousand tonnes of oil equivalent,Belgium,2022,30522.671,energy_consumption
Annual,Final consumption - energy use,Total,Thousand tonnes of oil equivalent,Belgium,2023,30043.254,energy_consumption
Annual,Final consumption - energy use,Total,Thousand tonnes of oil equivalent,Belgium,2024,30741.348,energy_consumption
Annual,Final consumption - energy use,Total,Thousand tonnes of oil equivalent,Bulgaria,2013,8680.757,energy_consumption
Annual,Final consumption - energy use,Total,Thousand tonnes of oil equivalent,Bulgaria,2014,8881.501,energy_consumption
Annual,Final consumption - energy use,Total,Thousand tonnes of oil equivalent,Bulgaria,2015,9388.553,energy_consumption
Annual,Final consumption - energy use,Total,Thousand tonnes of oil equivalent,Bulgaria,2016,9517.949,energy_consumption
Annual,Final consumption - energy use,Total,Thousand tonnes of oil equivalent,Bulgaria,2017,9745.903,energy_consumption
Annual,Final consumption - energy use,Total,Thousand tonnes of oil equivalent,Bulgaria,2018,9757.67,energy_consumption
Annual,Final consumption - energy use,Total,Thousand tonnes of oil equivalent,Bulgaria,2019,9719.6,energy_consumption
Annual,Final consumption - energy use,Total,Thousand tonnes of oil equivalent,Bulgaria,2020,9499.659,energy_consumption
Annual,Final consumption - energy use,Total,Thousand tonnes of oil equivalent,Bulgaria,2021,10165.77,energy_consumption
Annual,Final consumption - energy use,Total,Thousand tonnes of oil equivalent,Bulgaria,2022,9856.902,energy_consumption
Annual,Final consumption - energy use,Total,Thousand tonnes of oil equivalent,Bulgaria,2023,9607.139,energy_consumption
Annual,Final consumption - energy use,Total,Thousand tonnes of oil equivalent,Bulgaria,2024,9845.891,energy_consumption
Annual,Final consumption - energy use,Total,Thousand tonnes of oil equivalent,Czechia,2013,23131.377,energy_consumption
Annual,Final consumption - energy use,Total,Thousand tonnes of oil equivalent,Czechia,2014,22445.593,energy_consumption
Annual,Final consumption - energy use,Total,Thousand tonnes of oil equivalent,Czechia,2015,23100.094,energy_consumption
Annual,Final consumption - energy use,Total,Thousand tonnes of oil equivalent,Czechia,2016,23695.026,energy_consumption
Annual,Final consumption - energy use,Total,Thousand tonnes of oil equivalent,Czechia,2017,24445.396,energy_consumption
Annual,Final consumption - energy use,Total,Thousand tonnes of oil equivalent,Czechia,2018,24190.964,energy_consumption
Annual,Final consumption - energy use,Total,Thousand tonnes of oil equivalent,Czechia,2019,24227.514,energy_consumption
Annual,Final consumption - energy use,Total,Thousand tonnes of oil equivalent,Czechia,2020,23765.017,energy_consumption
Annual,Final consumption - energy use,Total,Thousand tonnes of oil equivalent,Czechia,2021,25296.928,energy_consumption
Annual,Final consumption - energy use,Total,Thousand tonnes of oil equivalent,Czechia,2022,24143.402,energy_consumption
Annual,Final consumption - energy use,Total,Thousand tonnes of oil equivalent,Czechia,2023,22730.008,energy_consumption
Annual,Final consumption - energy use,Total,Thousand tonnes of oil equivalent,Czechia,2024,22593.373,energy_consumption
Annual,Final consumption - energy use,Total,Thousand tonnes of oil equivalent,Denmark,2013,13645.528,energy_consumption
Annual,Final consumption - energy use,Total,Thousand tonnes of oil equivalent,Denmark,2014,13121.444,energy_consumption
Annual,Final consumption - energy use,Total,Thousand tonnes of oil equivalent,Denmark,2015,13558.927,energy_consumption
Annual,Final consumption - energy use,Total,Thousand tonnes of oil equivalent,Denmark,2016,13926.869,energy_consumption
Annual,Final consumption - energy use,Total,Thousand tonnes of oil equivalent,Denmark,2017,13999.863,energy_consumption
Annual,Final consumption - energy use,Total,Thousand tonnes of oil equivalent,Denmark,2018,13971.01,energy_consumption
Annual,Final consumption - energy use,Total,Thousand tonnes of oil equivalent,Denmark,2019,13725.14,energy_consumption
Annual,Final consumption - energy use,Total,Thousand tonnes of oil equivalent,Denmark,2020,13233.152,energy_consumption
Annual,Final consumption - energy use,Total,Thousand tonnes of oil equivalent,Denmark,2021,13930.625,energy_consumption
Annual,Final consumption - energy use,Total,Thousand tonnes of oil equivalent,Denmark,2022,13024.947,energy_consumption
Annual,Final consumption - energy use,Total,Thousand tonnes of oil equivalent,Denmark,2023,12957.952,energy_consumption
Annual,Final consumption - energy use,Total,Thousand tonnes of oil equivalent,Denmark,2024,12665.8,energy_consumption
Annual,Final consumption - energy use,Total,Thousand tonnes of oil equivalent,Germany,2013,208057.421,energy_consumption
Annual,Final consumption - energy use,Total,Thousand tonnes of oil equivalent,Germany,2014,197229.019,energy_consumption
Annual,Final consumption - energy use,Total,Thousand tonnes of oil equivalent,Germany,2015,200031.296,energy_consumption
Annual,Final consumption - energy use,Total,Thousand tonnes of oil equivalent,Germany,2016,203666.981,energy_consumption
Annual,Final consumption - energy use,Total,Thousand tonnes of oil equivalent,Germany,2017,204512.293,energy_consumption
Annual,Final consumption - energy use,Total,Thousand tonnes of oil equivalent,Germany,2018,200684.593,energy_consumption
Annual,Final consumption - energy use,Total,Thousand tonnes of oil equivalent,Germany,2019,200804.342,energy_consumption
Annual,Final consumption - energy use,Total,Thousand tonnes of oil equivalent,Germany,2020,194248.055,energy_consumption
Annual,Final consumption - energy use,Total,Thousand tonnes of oil equivalent,Germany,2021,197419.082,energy_consumption
Annual,Final consumption - energy use,Total,Thousand tonnes of oil equivalent,Germany,2022,189698.421,energy_consumption
Annual,Final consumption - energy use,Total,Thousand tonnes of oil equivalent,Germany,2023,179048.225,energy_consumption
Annual,Final consumption - energy use,Total,Thousand tonnes of oil equivalent,Germany,2024,177745.064,energy_consumption
Annual,Final consumption - energy use,Total,Thousand tonnes of oil equivalent,Estonia,2013,2840.316,energy_consumption
Annual,Final consumption - energy use,Total,Thousand tonnes of oil equivalent,Estonia,2014,2774.349,energy_consumption
Annual,Final consumption - energy use,Total,Thousand tonnes of oil equivalent,Estonia,2015,2750.345,energy_consumption
Annual,Final consumption - energy use,Total,Thousand tonnes of oil equivalent,Estonia,2016,2794.835,energy_consumption
Annual,Final consumption - energy use,Total,Thousand tonnes of oil equivalent,Estonia,2017,2807.413,energy_consumption
Annual,Final consumption - energy use,Total,Thousand tonnes of oil equivalent,Estonia,2018,2888.098,energy_consumption
Annual,Final consumption - energy use,Total,Thousand tonnes of oil equivalent,Estonia,2019,2826.061,energy_consumption
Annual,Final consumption - energy use,Total,Thousand tonnes of oil equivalent,Estonia,2020,2725.496,energy_consumption
Annual,Final consumption - energy use,Total,Thousand tonnes of oil equivalent,Estonia,2021,2789.658,energy_consumption
Annual,Final consumption - energy use,Total,Thousand tonnes of oil equivalent,Estonia,2022,2720.738,energy_consumption
Annual,Final consumption - energy use,Total,Thousand tonnes of oil equivalent,Estonia,2023,2565.334,energy_consumption
Annual,Final consumption - energy use,Total,Thousand tonnes of oil equivalent,Estonia,2024,3014.924,energy_consumption
Annual,Final consumption - energy use,Total,Thousand tonnes of oil equivalent,Ireland,2013,10234.498,energy_consumption
Annual,Final consumption - energy use,Total,Thousand tonnes of oil equivalent,Ireland,2014,10176.021,energy_consumption
Annual,Final consumption - energy use,Total,Thousand tonnes of oil equivalent,Ireland,2015,10497.166,energy_consumption
Annual,Final consumption - energy use,Total,Thousand tonnes of oil equivalent,Ireland,2016,10902.445,energy_consumption
Annual,Final consumption - energy use,Total,Thousand tonnes of oil equivalent,Ireland,2017,10850.673,energy_consumption
Annual,Final consumption - energy use,Total,Thousand tonnes of oil equivalent,Ireland,2018,11310.582,energy_consumption
Annual,Final consumption - energy use,Total,Thousand tonnes of oil equivalent,Ireland,2019,11292.038,energy_consumption
Annual,Final consumption - energy use,Total,Thousand tonnes of oil equivalent,Ireland,2020,10827.14,energy_consumption
Annual,Final consumption - energy use,Total,Thousand tonnes of oil equivalent,Ireland,2021,11020.03,energy_consumption
Annual,Final consumption - energy use,Total,Thousand tonnes of oil equivalent,Ireland,2022,10961.758,energy_consumption
Annual,Final consumption - energy use,Total,Thousand tonnes of oil equivalent,Ireland,2023,10927.583,energy_consumption
Annual,Final consumption - energy use,Total,Thousand tonnes of oil equivalent,Ireland,2024,11228.741,energy_consumption
Annual,Final consumption - energy use,Total,Thousand tonnes of oil equivalent,Greece,2013,14668.337,energy_consumption
Annual,Final consumption - energy use,Total,Thousand tonnes of oil equivalent,Greece,2014,14804.112,energy_consumption
Annual,Final consumption - energy use,Total,Thousand tonnes of oil equivalent,Greece,2015,15741.021,energy_consumption
Annual,Final consumption - energy use,Total,Thousand tonnes of oil equivalent,Greece,2016,15867.95,energy_consumption
Annual,Final consumption - energy use,Total,Thousand tonnes of oil equivalent,Greece,2017,15708.524,energy_consumption
Annual,Final consumption - energy use,Total,Thousand tonnes of oil equivalent,Greece,2018,15141.636,energy_consumption
Annual,Final consumption - energy use,Total,Thousand tonnes of oil equivalent,Greece,2019,15386.999,energy_consumption
Annual,Final consumption - energy use,Total,Thousand tonnes of oil equivalent,Greece,2020,14470.268,energy_consumption
Annual,Final consumption - energy use,Total,Thousand tonnes of oil equivalent,Greece,2021,14911.94,energy_consumption
Annual,Final consumption - energy use,Total,Thousand tonnes of oil equivalent,Greece,2022,15417.864,energy_consumption
Annual,Final consumption - energy use,Total,Thousand tonnes of oil equivalent,Greece,2023,15036.022,energy_consumption
Annual,Final consumption - energy use,Total,Thousand tonnes of oil equivalent,Greece,2024,15620.817,energy_consumption
Annual,Final consumption - energy use,Total,Thousand tonnes of oil equivalent,Spain,2013,76055.579,energy_consumption
Annual,Final consumption - energy use,Total,Thousand tonnes of oil equivalent,Spain,2014,75143.582,energy_consumption
Annual,Final consumption - energy use,Total,Thousand tonnes of oil equivalent,Spain,2015,76669.118,energy_consumption
Annual,Final consumption - energy use,Total,Thousand tonnes of oil equivalent,Spain,2016,78375.479,energy_consumption
Annual,Final consumption - energy use,Total,Thousand tonnes of oil equivalent,Spain,2017,80418.551,energy_consumption
Annual,Final consumption - energy use,Total,Thousand tonnes of oil equivalent,Spain,2018,82275.356,energy_consumption
Annual,Final consumption - energy use,Total,Thousand tonnes of oil equivalent,Spain,2019,82204.334,energy_consumption
Annual,Final consumption - energy use,Total,Thousand tonnes of oil equivalent,Spain,2020,73117.836,energy_consumption
Annual,Final consumption - energy use,Total,Thousand tonnes of oil equivalent,Spain,2021,79280.131,energy_consumption
Annual,Final consumption - energy use,Total,Thousand tonnes of oil equivalent,Spain,2022,78882.862,energy_consumption
Annual,Final consumption - energy use,Total,Thousand tonnes of oil equivalent,Spain,2023,77903.44,energy_consumption
Annual,Final consumption - energy use,Total,Thousand tonnes of oil equivalent,Spain,2024,79776.408,energy_consumption
Annual,Final consumption - energy use,Total,Thousand tonnes of oil equivalent,France,2013,150084.794,energy_consumption
Annual,Final consumption - energy use,Total,Thousand tonnes of oil equivalent,France,2014,138464.13,energy_consumption
Annual,Final consumption - energy use,Total,Thousand tonnes of oil equivalent,France,2015,141654.105,energy_consumption
Annual,Final consumption - energy use,Total,Thousand tonnes of oil equivalent,France,2016,144673.408,energy_consumption
Annual,Final consumption - energy use,Total,Thousand tonnes of oil equivalent,France,2017,143692.884,energy_consumption
Annual,Final consumption - energy use,Total,Thousand tonnes of oil equivalent,France,2018,141706.899,energy_consumption
Annual,Final consumption - energy use,Total,Thousand tonnes of oil equivalent,France,2019,140050.04,energy_consumption
Annual,Final consumption - energy use,Total,Thousand tonnes of oil equivalent,France,2020,128595.5,energy_consumption
Annual,Final consumption - energy use,Total,Thousand tonnes of oil equivalent,France,2021,141001.031,energy_consumption
Annual,Final consumption - energy use,Total,Thousand tonnes of oil equivalent,France,2022,134137.527,energy_consumption
Annual,Final consumption - energy use,Total,Thousand tonnes of oil equivalent,France,2023,129009.684,energy_consumption
Annual,Final consumption - energy use,Total,Thousand tonnes of oil equivalent,France,2024,129266.767,energy_consumption
Annual,Final consumption - energy use,Total,Thousand tonnes of oil equivalent,Croatia,2013,6467.843,energy_consumption
Annual,Final consumption - energy use,Total,Thousand tonnes of oil equivalent,Croatia,2014,6130.555,energy_consumption
Annual,Final consumption - energy use,Total,Thousand tonnes of oil equivalent,Croatia,2015,6484.974,energy_consumption
Annual,Final consumption - energy use,Total,Thousand tonnes of oil equivalent,Croatia,2016,6533.115,energy_consumption
Annual,Final consumption - energy use,Total,Thousand tonnes of oil equivalent,Croatia,2017,6793.042,energy_consumption
Annual,Final consumption - energy use,Total,Thousand tonnes of oil equivalent,Croatia,2018,6682.876,energy_consumption
Annual,Final consumption - energy use,Total,Thousand tonnes of oil equivalent,Croatia,2019,6726.814,energy_consumption
Annual,Final consumption - energy use,Total,Thousand tonnes of oil equivalent,Croatia,2020,6432.449,energy_consumption
Annual,Final consumption - energy use,Total,Thousand tonnes of oil equivalent,Croatia,2021,6887.646,energy_consumption
Annual,Final consumption - energy use,Total,Thousand tonnes of oil equivalent,Croatia,2022,6719.174,energy_consumption
Annual,Final consumption - energy use,Total,Thousand tonnes of oil equivalent,Croatia,2023,6924.509,energy_consumption
Annual,Final consumption - energy use,Total,Thousand tonnes of oil equivalent,Croatia,2024,7171.381,energy_consumption
Annual,Final consumption - energy use,Total,Thousand tonnes of oil equivalent,Italy,2013,114053.675,energy_consumption
Annual,Final consumption - energy use,Total,Thousand tonnes of oil equivalent,Italy,2014,108848.35,energy_consumption
Annual,Final consumption - energy use,Total,Thousand tonnes of oil equivalent,Italy,2015,112108.171,energy_consumption
Annual,Final consumption - energy use,Total,Thousand tonnes of oil equivalent,Italy,2016,111554.603,energy_consumption
Annual,Final consumption - energy use,Total,Thousand tonnes of oil equivalent,Italy,2017,113611.214,energy_consumption
Annual,Final consumption - energy use,Total,Thousand tonnes of oil equivalent,Italy,2018,114296.937,energy_consumption
Annual,Final consumption - energy use,Total,Thousand tonnes of oil equivalent,Italy,2019,113119.475,energy_consumption
Annual,Final consumption - energy use,Total,Thousand tonnes of oil equivalent,Italy,2020,103057.147,energy_consumption
Annual,Final consumption - energy use,Total,Thousand tonnes of oil equivalent,Italy,2021,113918.826,energy_consumption
Annual,Final consumption - energy use,Total,Thousand tonnes of oil equivalent,Italy,2022,109406.478,energy_consumption
Annual,Final consumption - energy use,Total,Thousand tonnes of oil equivalent,Italy,2023,106153.181,energy_consumption
Annual,Final consumption - energy use,Total,Thousand tonnes of oil equivalent,Italy,2024,107677.785,energy_consumption
Annual,Final consumption - energy use,Total,Thousand tonnes of oil equivalent,Cyprus,2013,1372.455,energy_consumption
Annual,Final consumption - energy use,Total,Thousand tonnes of oil equivalent,Cyprus,2014,1377.348,energy_consumption
Annual,Final consumption - energy use,Total,Thousand tonnes of oil equivalent,Cyprus,2015,1423.923,energy_consumption
Annual,Final consumption - energy use,Total,Thousand tonnes of oil equivalent,Cyprus,2016,1490.606,energy_consumption
Annual,Final consumption - energy use,Total,Thousand tonnes of oil equivalent,Cyprus,2017,1551.546,energy_consumption
Annual,Final consumption - energy use,Total,Thousand tonnes of oil equivalent,Cyprus,2018,1581.273,energy_consumption
Annual,Final consumption - energy use,Total,Thousand tonnes of oil equivalent,Cyprus,2019,1626.652,energy_consumption
Annual,Final consumption - energy use,Total,Thousand tonnes of oil equivalent,Cyprus,2020,1525.932,energy_consumption
Annual,Final consumption - energy use,Total,Thousand tonnes of oil equivalent,Cyprus,2021,1584.965,energy_consumption
Annual,Final consumption - energy use,Total,Thousand tonnes of oil equivalent,Cyprus,2022,1609.596,energy_consumption
Annual,Final consumption - energy use,Total,Thousand tonnes of oil equivalent,Cyprus,2023,1619.051,energy_consumption
Annual,Final consumption - energy use,Total,Thousand tonnes of oil equivalent,Cyprus,2024,1658.099,energy_consumption
Annual,Final consumption - energy use,Total,Thousand tonnes of oil equivalent,Latvia,2013,3732.245,energy_consumption
Annual,Final consumption - energy use,Total,Thousand tonnes of oil equivalent,Latvia,2014,3776.066,energy_consumption
Annual,Final consumption - energy use,Total,Thousand tonnes of oil equivalent,Latvia,2015,3680.167,energy_consumption
Annual,Final consumption - energy use,Total,Thousand tonnes of oil equivalent,Latvia,2016,3697.443,energy_consumption
Annual,Final consumption - energy use,Total,Thousand tonnes of oil equivalent,Latvia,2017,3874.906,energy_consumption
Annual,Final consumption - energy use,Total,Thousand tonnes of oil equivalent,Latvia,2018,4024.431,energy_consumption
Annual,Final consumption - energy use,Total,Thousand tonnes of oil equivalent,Latvia,2019,3924.309,energy_consumption
Annual,Final consumption - energy use,Total,Thousand tonnes of oil equivalent,Latvia,2020,3797.762,energy_consumption
Annual,Final consumption - energy use,Total,Thousand tonnes of oil equivalent,Latvia,2021,3980.096,energy_consumption
Annual,Final consumption - energy use,Total,Thousand tonnes of oil equivalent,Latvia,2022,3822.636,energy_consumption
Annual,Final consumption - energy use,Total,Thousand tonnes of oil equivalent,Latvia,2023,3765.623,energy_consumption
Annual,Final consumption - energy use,Total,Thousand tonnes of oil equivalent,Latvia,2024,3737.501,energy_consumption
Annual,Final consumption - energy use,Total,Thousand tonnes of oil equivalent,Lithuania,2013,4712.305,energy_consumption
Annual,Final consumption - energy use,Total,Thousand tonnes of oil equivalent,Lithuania,2014,4800.537,energy_consumption
Annual,Final consumption - energy use,Total,Thousand tonnes of oil equivalent,Lithuania,2015,4779.51,energy_consumption
Annual,Final consumption - energy use,Total,Thousand tonnes of oil equivalent,Lithuania,2016,5003.215,energy_consumption
Annual,Final consumption - energy use,Total,Thousand tonnes of oil equivalent,Lithuania,2017,5239.082,energy_consumption
Annual,Final consumption - energy use,Total,Thousand tonnes of oil equivalent,Lithuania,2018,5466.581,energy_consumption
Annual,Final consumption - energy use,Total,Thousand tonnes of oil equivalent,Lithuania,2019,5460.021,energy_consumption
Annual,Final consumption - energy use,Total,Thousand tonnes of oil equivalent,Lithuania,2020,5284.212,energy_consumption
Annual,Final consumption - energy use,Total,Thousand tonnes of oil equivalent,Lithuania,2021,5662.351,energy_consumption
Annual,Final consumption - energy use,Total,Thousand tonnes of oil equivalent,Lithuania,2022,5376.688,energy_consumption
Annual,Final consumption - energy use,Total,Thousand tonnes of oil equivalent,Lithuania,2023,5324.074,energy_consumption
Annual,Final consumption - energy use,Total,Thousand tonnes of oil equivalent,Lithuania,2024,5628.651,energy_consumption
Annual,Final consumption - energy use,Total,Thousand tonnes of oil equivalent,Luxembourg,2013,3753.122,energy_consumption
Annual,Final consumption - energy use,Total,Thousand tonnes of oil equivalent,Luxembourg,2014,3596.761,energy_consumption
Annual,Final consumption - energy use,Total,Thousand tonnes of oil equivalent,Luxembourg,2015,3534.819,energy_consumption
Annual,Final consumption - energy use,Total,Thousand tonnes of oil equivalent,Luxembourg,2016,3533.953,energy_consumption
Annual,Final consumption - energy use,Total,Thousand tonnes of oil equivalent,Luxembourg,2017,3608.658,energy_consumption
Annual,Final consumption - energy use,Total,Thousand tonnes of oil equivalent,Luxembourg,2018,3738.069,energy_consumption
Annual,Final consumption - energy use,Total,Thousand tonnes of oil equivalent,Luxembourg,2019,3792.055,energy_consumption
Annual,Final consumption - energy use,Total,Thousand tonnes of oil equivalent,Luxembourg,2020,3269.667,energy_consumption
Annual,Final consumption - energy use,Total,Thousand tonnes of oil equivalent,Luxembourg,2021,3439.394,energy_consumption
Annual,Final consumption - energy use,Total,Thousand tonnes of oil equivalent,Luxembourg,2022,3026.663,energy_consumption
Annual,Final consumption - energy use,Total,Thousand tonnes of oil equivalent,Luxembourg,2023,2922.882,energy_consumption
Annual,Final consumption - energy use,Total,Thousand tonnes of oil equivalent,Luxembourg,2024,2908.057,energy_consumption
Annual,Final consumption - energy use,Total,Thousand tonnes of oil equivalent,Hungary,2013,16255.431,energy_consumption
Annual,Final consumption - energy use,Total,Thousand tonnes of oil equivalent,Hungary,2014,15775.708,energy_consumption
Annual,Final consumption - energy use,Total,Thousand tonnes of oil equivalent,Hungary,2015,16829.628,energy_consumption
Annual,Final consumption - energy use,Total,Thousand tonnes of oil equivalent,Hungary,2016,17274.354,energy_consumption
Annual,Final consumption - energy use,Total,Thousand tonnes of oil equivalent,Hungary,2017,17874.513,energy_consumption
Annual,Final consumption - energy use,Total,Thousand tonnes of oil equivalent,Hungary,2018,17849.381,energy_consumption
Annual,Final consumption - energy use,Total,Thousand tonnes of oil equivalent,Hungary,2019,17968.801,energy_consumption
Annual,Final consumption - energy use,Total,Thousand tonnes of oil equivalent,Hungary,2020,17606.514,energy_consumption
Annual,Final consumption - energy use,Total,Thousand tonnes of oil equivalent,Hungary,2021,18793.605,energy_consumption
Annual,Final consumption - energy use,Total,Thousand tonnes of oil equivalent,Hungary,2022,17944.792,energy_consumption
Annual,Final consumption - energy use,Total,Thousand tonnes of oil equivalent,Hungary,2023,16541.255,energy_consumption
Annual,Final consumption - energy use,Total,Thousand tonnes of oil equivalent,Hungary,2024,16607.21,energy_consumption
Annual,Final consumption - energy use,Total,Thousand tonnes of oil equivalent,Malta,2013,421.114,energy_consumption
Annual,Final consumption - energy use,Total,Thousand tonnes of oil equivalent,Malta,2014,435.716,energy_consumption
Annual,Final consumption - energy use,Total,Thousand tonnes of oil equivalent,Malta,2015,462.343,energy_consumption
Annual,Final consumption - energy use,Total,Thousand tonnes of oil equivalent,Malta,2016,458.759,energy_consumption
Annual,Final consumption - energy use,Total,Thousand tonnes of oil equivalent,Malta,2017,492.38,energy_consumption
Annual,Final consumption - energy use,Total,Thousand tonnes of oil equivalent,Malta,2018,514.389,energy_consumption
Annual,Final consumption - energy use,Total,Thousand tonnes of oil equivalent,Malta,2019,545.428,energy_consumption
Annual,Final consumption - energy use,Total,Thousand tonnes of oil equivalent,Malta,2020,500.753,energy_consumption
Annual,Final consumption - energy use,Total,Thousand tonnes of oil equivalent,Malta,2021,526.291,energy_consumption
Annual,Final consumption - energy use,Total,Thousand tonnes of oil equivalent,Malta,2022,593.59,energy_consumption
Annual,Final consumption - energy use,Total,Thousand tonnes of oil equivalent,Malta,2023,580.011,energy_consumption
Annual,Final consumption - energy use,Total,Thousand tonnes of oil equivalent,Malta,2024,602.29,energy_consumption
Annual,Final consumption - energy use,Total,Thousand tonnes of oil equivalent,Netherlands,2013,46898.823,energy_consumption
Annual,Final consumption - energy use,Total,Thousand tonnes of oil equivalent,Netherlands,2014,42352.359,energy_consumption
Annual,Final consumption - energy use,Total,Thousand tonnes of oil equivalent,Netherlands,2015,43375.392,energy_consumption
Annual,Final consumption - energy use,Total,Thousand tonnes of oil equivalent,Netherlands,2016,44338.017,energy_consumption
Annual,Final consumption - energy use,Total,Thousand tonnes of oil equivalent,Netherlands,2017,44529.147,energy_consumption
Annual,Final consumption - energy use,Total,Thousand tonnes of oil equivalent,Netherlands,2018,44855.586,energy_consumption
Annual,Final consumption - energy use,Total,Thousand tonnes of oil equivalent,Netherlands,2019,44071.203,energy_consumption
Annual,Final consumption - energy use,Total,Thousand tonnes of oil equivalent,Netherlands,2020,41865.153,energy_consumption
Annual,Final consumption - energy use,Total,Thousand tonnes of oil equivalent,Netherlands,2021,43258.235,energy_consumption
Annual,Final consumption - energy use,Total,Thousand tonnes of oil equivalent,Netherlands,2022,38955.235,energy_consumption
Annual,Final consumption - energy use,Total,Thousand tonnes of oil equivalent,Netherlands,2023,38048.94,energy_consumption
Annual,Final consumption - energy use,Total,Thousand tonnes of oil equivalent,Netherlands,2024,38793.368,energy_consumption
Annual,Final consumption - energy use,Total,Thousand tonnes of oil equivalent,Austria,2013,25801.476,energy_consumption
Annual,Final consumption - energy use,Total,Thousand tonnes of oil equivalent,Austria,2014,24760.998,energy_consumption
Annual,Final consumption - energy use,Total,Thousand tonnes of oil equivalent,Austria,2015,25475.009,energy_consumption
Annual,Final consumption - energy use,Total,Thousand tonnes of oil equivalent,Austria,2016,26099.472,energy_consumption
Annual,Final consumption - energy use,Total,Thousand tonnes of oil equivalent,Austria,2017,26502.78,energy_consumption
Annual,Final consumption - energy use,Total,Thousand tonnes of oil equivalent,Austria,2018,26042.437,energy_consumption
Annual,Final consumption - energy use,Total,Thousand tonnes of oil equivalent,Austria,2019,26221.621,energy_consumption
Annual,Final consumption - energy use,Total,Thousand tonnes of oil equivalent,Austria,2020,25006.898,energy_consumption
Annual,Final consumption - energy use,Total,Thousand tonnes of oil equivalent,Austria,2021,26434.142,energy_consumption
Annual,Final consumption - energy use,Total,Thousand tonnes of oil equivalent,Austria,2022,25171.124,energy_consumption
Annual,Final consumption - energy use,Total,Thousand tonnes of oil equivalent,Austria,2023,24317.76,energy_consumption
Annual,Final consumption - energy use,Total,Thousand tonnes of oil equivalent,Austria,2024,24018.564,energy_consumption
Annual,Final consumption - energy use,Total,Thousand tonnes of oil equivalent,Poland,2013,62107.507,energy_consumption
Annual,Final consumption - energy use,Total,Thousand tonnes of oil equivalent,Poland,2014,60204.33,energy_consumption
Annual,Final consumption - energy use,Total,Thousand tonnes of oil equivalent,Poland,2015,60862.715,energy_consumption
Annual,Final consumption - energy use,Total,Thousand tonnes of oil equivalent,Poland,2016,65137.043,energy_consumption
Annual,Final consumption - energy use,Total,Thousand tonnes of oil equivalent,Poland,2017,69225.895,energy_consumption
Annual,Final consumption - energy use,Total,Thousand tonnes of oil equivalent,Poland,2018,73049.211,energy_consumption
Annual,Final consumption - energy use,Total,Thousand tonnes of oil equivalent,Poland,2019,71853.636,energy_consumption
Annual,Final consumption - energy use,Total,Thousand tonnes of oil equivalent,Poland,2020,70177.416,energy_consumption
Annual,Final consumption - energy use,Total,Thousand tonnes of oil equivalent,Poland,2021,74175.218,energy_consumption
Annual,Final consumption - energy use,Total,Thousand tonnes of oil equivalent,Poland,2022,70966.086,energy_consumption
Annual,Final consumption - energy use,Total,Thousand tonnes of oil equivalent,Poland,2023,69246.314,energy_consumption
Annual,Final consumption - energy use,Total,Thousand tonnes of oil equivalent,Poland,2024,69194.27,energy_consumption
Annual,Final consumption - energy use,Total,Thousand tonnes of oil equivalent,Portugal,2013,14908.318,energy_consumption
Annual,Final consumption - energy use,Total,Thousand tonnes of oil equivalent,Portugal,2014,15386.388,energy_consumption
Annual,Final consumption - energy use,Total,Thousand tonnes of oil equivalent,Portugal,2015,15550.875,energy_consumption
Annual,Final consumption - energy use,Total,Thousand tonnes of oil equivalent,Portugal,2016,15640.739,energy_consumption
Annual,Final consumption - energy use,Total,Thousand tonnes of oil equivalent,Portugal,2017,15900.697,energy_consumption
Annual,Final consumption - energy use,Total,Thousand tonnes of oil equivalent,Portugal,2018,16152.622,energy_consumption
Annual,Final consumption - energy use,Total,Thousand tonnes of oil equivalent,Portugal,2019,16354.725,energy_consumption
Annual,Final consumption - energy use,Total,Thousand tonnes of oil equivalent,Portugal,2020,15156.57,energy_consumption
Annual,Final consumption - energy use,Total,Thousand tonnes of oil equivalent,Portugal,2021,15772.048,energy_consumption
Annual,Final consumption - energy use,Total,Thousand tonnes of oil equivalent,Portugal,2022,16170.756,energy_consumption
Annual,Final consumption - energy use,Total,Thousand tonnes of oil equivalent,Portugal,2023,16467.763,energy_consumption
Annual,Final consumption - energy use,Total,Thousand tonnes of oil equivalent,Portugal,2024,16456.334,energy_consumption
Annual,Final consumption - energy use,Total,Thousand tonnes of oil equivalent,Romania,2013,21631.325,energy_consumption
Annual,Final consumption - energy use,Total,Thousand tonnes of oil equivalent,Romania,2014,21470.367,energy_consumption
Annual,Final consumption - energy use,Total,Thousand tonnes of oil equivalent,Romania,2015,21600.24,energy_consumption
Annual,Final consumption - energy use,Total,Thousand tonnes of oil equivalent,Romania,2016,21935.25,energy_consumption
Annual,Final consumption - energy use,Total,Thousand tonnes of oil equivalent,Romania,2017,22980.154,energy_consumption
Annual,Final consumption - energy use,Total,Thousand tonnes of oil equivalent,Romania,2018,23444.791,energy_consumption
Annual,Final consumption - energy use,Total,Thousand tonnes of oil equivalent,Romania,2019,23712.653,energy_consumption
Annual,Final consumption - energy use,Total,Thousand tonnes of oil equivalent,Romania,2020,23472.38,energy_consumption
Annual,Final consumption - energy use,Total,Thousand tonnes of oil equivalent,Romania,2021,25279.75,energy_consumption
Annual,Final consumption - energy use,Total,Thousand tonnes of oil equivalent,Romania,2022,23923.243,energy_consumption
Annual,Final consumption - energy use,Total,Thousand tonnes of oil equivalent,Romania,2023,23329.354,energy_consumption
Annual,Final consumption - energy use,Total,Thousand tonnes of oil equivalent,Romania,2024,23375.481,energy_consumption
Annual,Final consumption - energy use,Total,Thousand tonnes of oil equivalent,Slovenia,2013,4802.228,energy_consumption
Annual,Final consumption - energy use,Total,Thousand tonnes of oil equivalent,Slovenia,2014,4607.657,energy_consumption
Annual,Final consumption - energy use,Total,Thousand tonnes of oil equivalent,Slovenia,2015,4721.534,energy_consumption
Annual,Final consumption - energy use,Total,Thousand tonnes of oil equivalent,Slovenia,2016,4903.5,energy_consumption
Annual,Final consumption - energy use,Total,Thousand tonnes of oil equivalent,Slovenia,2017,4973.996,energy_consumption
Annual,Final consumption - energy use,Total,Thousand tonnes of oil equivalent,Slovenia,2018,4969.575,energy_consumption
Annual,Final consumption - energy use,Total,Thousand tonnes of oil equivalent,Slovenia,2019,4882.087,energy_consumption
Annual,Final consumption - energy use,Total,Thousand tonnes of oil equivalent,Slovenia,2020,4447.19,energy_consumption
Annual,Final consumption - energy use,Total,Thousand tonnes of oil equivalent,Slovenia,2021,4769.706,energy_consumption
Annual,Final consumption - energy use,Total,Thousand tonnes of oil equivalent,Slovenia,2022,4760.845,energy_consumption
Annual,Final consumption - energy use,Total,Thousand tonnes of oil equivalent,Slovenia,2023,4529.882,energy_consumption
Annual,Final consumption - energy use,Total,Thousand tonnes of oil equivalent,Slovenia,2024,4646.955,energy_consumption
Annual,Final consumption - energy use,Total,Thousand tonnes of oil equivalent,Slovakia,2013,10107.882,energy_consumption
Annual,Final consumption - energy use,Total,Thousand tonnes of oil equivalent,Slovakia,2014,9113.614,energy_consumption
Annual,Final consumption - energy use,Total,Thousand tonnes of oil equivalent,Slovakia,2015,9525.304,energy_consumption
Annual,Final consumption - energy use,Total,Thousand tonnes of oil equivalent,Slovakia,2016,9884.214,energy_consumption
Annual,Final consumption - energy use,Total,Thousand tonnes of oil equivalent,Slovakia,2017,10538.548,energy_consumption
Annual,Final consumption - energy use,Total,Thousand tonnes of oil equivalent,Slovakia,2018,10400.003,energy_consumption
Annual,Final consumption - energy use,Total,Thousand tonnes of oil equivalent,Slovakia,2019,10242.955,energy_consumption
Annual,Final consumption - energy use,Total,Thousand tonnes of oil equivalent,Slovakia,2020,9611.131,energy_consumption
Annual,Final consumption - energy use,Total,Thousand tonnes of oil equivalent,Slovakia,2021,10508.333,energy_consumption
Annual,Final consumption - energy use,Total,Thousand tonnes of oil equivalent,Slovakia,2022,9923.616,energy_consumption
Annual,Final consumption - energy use,Total,Thousand tonnes of oil equivalent,Slovakia,2023,9185.442,energy_consumption
Annual,Final consumption - energy use,Total,Thousand tonnes of oil equivalent,Slovakia,2024,9055.407,energy_consumption
Annual,Final consumption - energy use,Total,Thousand tonnes of oil equivalent,Finland,2013,23561.862,energy_consumption
Annual,Final consumption - energy use,Total,Thousand tonnes of oil equivalent,Finland,2014,23416.963,energy_consumption
Annual,Final consumption - energy use,Total,Thousand tonnes of oil equivalent,Finland,2015,23049.777,energy_consumption
Annual,Final consumption - energy use,Total,Thousand tonnes of oil equivalent,Finland,2016,24030.895,energy_consumption
Annual,Final consumption - energy use,Total,Thousand tonnes of oil equivalent,Finland,2017,24677.948,energy_consumption
Annual,Final consumption - energy use,Total,Thousand tonnes of oil equivalent,Finland,2018,25023.526,energy_consumption
Annual,Final consumption - energy use,Total,Thousand tonnes of oil equivalent,Finland,2019,24828.655,energy_consumption
Annual,Final consumption - energy use,Total,Thousand tonnes of oil equivalent,Finland,2020,23246.091,energy_consumption
Annual,Final consumption - energy use,Total,Thousand tonnes of oil equivalent,Finland,2021,24805.313,energy_consumption
Annual,Final consumption - energy use,Total,Thousand tonnes of oil equivalent,Finland,2022,23156.731,energy_consumption
Annual,Final consumption - energy use,Total,Thousand tonnes of oil equivalent,Finland,2023,22434.316,energy_consumption
Annual,Final consumption - energy use,Total,Thousand tonnes of oil equivalent,Finland,2024,22524.256,energy_consumption
Annual,Final consumption - energy use,Total,Thousand tonnes of oil equivalent,Sweden,2013,31581.916,energy_consumption
Annual,Final consumption - energy use,Total,Thousand tonnes of oil equivalent,Sweden,2014,30841.813,energy_consumption
Annual,Final consumption - energy use,Total,Thousand tonnes of oil equivalent,Sweden,2015,31412.09,energy_consumption
Annual,Final consumption - energy use,Total,Thousand tonnes of oil equivalent,Sweden,2016,31946.371,energy_consumption
Annual,Final consumption - energy use,Total,Thousand tonnes of oil equivalent,Sweden,2017,31761.618,energy_consumption
Annual,Final consumption - energy use,Total,Thousand tonnes of oil equivalent,Sweden,2018,31640.993,energy_consumption
Annual,Final consumption - energy use,Total,Thousand tonnes of oil equivalent,Sweden,2019,31196.158,energy_consumption
Annual,Final consumption - energy use,Total,Thousand tonnes of oil equivalent,Sweden,2020,30924.411,energy_consumption
Annual,Final consumption - energy use,Total,Thousand tonnes of oil equivalent,Sweden,2021,32058.517,energy_consumption
Annual,Final consumption - energy use,Total,Thousand tonnes of oil equivalent,Sweden,2022,30993.729,energy_consumption
Annual,Final consumption - energy use,Total,Thousand tonnes of oil equivalent,Sweden,2023,31095.993,energy_consumption
Annual,Final consumption - energy use,Total,Thousand tonnes of oil equivalent,Sweden,2024,31321.746,energy_consumption
Annual,Final consumption - energy use,Total,Thousand tonnes of oil equivalent,Iceland,2013,2706.726,energy_consumption
Annual,Final consumption - energy use,Total,Thousand tonnes of oil equivalent,Iceland,2014,2739.703,energy_consumption
Annual,Final consumption - energy use,Total,Thousand tonnes of oil equivalent,Iceland,2015,2848.624,energy_consumption
Annual,Final consumption - energy use,Total,Thousand tonnes of oil equivalent,Iceland,2016,2801.368,energy_consumption
Annual,Final consumption - energy use,Total,Thousand tonnes of oil equivalent,Iceland,2017,2848.956,energy_consumption
Annual,Final consumption - energy use,Total,Thousand tonnes of oil equivalent,Iceland,2018,3078.878,energy_consumption
Annual,Final consumption - energy use,Total,Thousand tonnes of oil equivalent,Iceland,2019,2934.494,energy_consumption
Annual,Final consumption - energy use,Total,Thousand tonnes of oil equivalent,Iceland,2020,2869.74,energy_consumption
Annual,Final consumption - energy use,Total,Thousand tonnes of oil equivalent,Iceland,2021,2983.268,energy_consumption
Annual,Final consumption - energy use,Total,Thousand tonnes of oil equivalent,Iceland,2022,3018.55,energy_consumption
Annual,Final consumption - energy use,Total,Thousand tonnes of oil equivalent,Iceland,2023,3041.864,energy_consumption
Annual,Final consumption - energy use,Total,Thousand tonnes of oil equivalent,Iceland,2024,3099.056,energy_consumption
Annual,Final consumption - energy use,Total,Thousand tonnes of oil equivalent,Liechtenstein,2013,,energy_consumption
Annual,Final consumption - energy use,Total,Thousand tonnes of oil equivalent,Liechtenstein,2014,,energy_consumption
Annual,Final consumption - energy use,Total,Thousand tonnes of oil equivalent,Liechtenstein,2015,,energy_consumption
Annual,Final consumption - energy use,Total,Thousand tonnes of oil equivalent,Liechtenstein,2016,,energy_consumption
Annual,Final consumption - energy use,Total,Thousand tonnes of oil equivalent,Liechtenstein,2017,,energy_consumption
Annual,Final consumption - energy use,Total,Thousand tonnes of oil equivalent,Liechtenstein,2018,,energy_consumption
Annual,Final consumption - energy use,Total,Thousand tonnes of oil equivalent,Liechtenstein,2019,,energy_consumption
Annual,Final consumption - energy use,Total,Thousand tonnes of oil equivalent,Liechtenstein,2020,,energy_consumption
Annual,Final consumption - energy use,Total,Thousand tonnes of oil equivalent,Liechtenstein,2021,,energy_consumption
Annual,Final consumption - energy use,Total,Thousand tonnes of oil equivalent,Liechtenstein,2022,,energy_consumption
Annual,Final consumption - energy use,Total,Thousand tonnes of oil equivalent,Liechtenstein,2023,,energy_consumption
Annual,Final consumption - energy use,Total,Thousand tonnes of oil equivalent,Liechtenstein,2024,,energy_consumption
Annual,Final consumption - energy use,Total,Thousand tonnes of oil equivalent,Norway,2013,19019.923,energy_consumption
Annual,Final consumption - energy use,Total,Thousand tonnes of oil equivalent,Norway,2014,18605.239,energy_consumption
Annual,Final consumption - energy use,Total,Thousand tonnes of oil equivalent,Norway,2015,18822.272,energy_consumption
Annual,Final consumption - energy use,Total,Thousand tonnes of oil equivalent,Norway,2016,19193.701,energy_consumption
Annual,Final consumption - energy use,Total,Thousand tonnes of oil equivalent,Norway,2017,19372.442,energy_consumption
Annual,Final consumption - energy use,Total,Thousand tonnes of oil equivalent,Norway,2018,19474.226,energy_consumption
Annual,Final consumption - energy use,Total,Thousand tonnes of oil equivalent,Norway,2019,19405.859,energy_consumption
Annual,Final consumption - energy use,Total,Thousand tonnes of oil equivalent,Norway,2020,19117.411,energy_consumption
Annual,Final consumption - energy use,Total,Thousand tonnes of oil equivalent,Norway,2021,20109.462,energy_consumption
Annual,Final consumption - energy use,Total,Thousand tonnes of oil equivalent,Norway,2022,19526.851,energy_consumption
Annual,Final consumption - energy use,Total,Thousand tonnes of oil equivalent,Norway,2023,19436.296,energy_consumption
Annual,Final consumption - energy use,Total,Thousand tonnes of oil equivalent,Norway,2024,19213.26,energy_consumption
Annual,Final consumption - energy use,Total,Thousand tonnes of oil equivalent,Switzerland,2013,,energy_consumption
Annual,Final consumption - energy use,Total,Thousand tonnes of oil equivalent,Switzerland,2014,,energy_consumption
Annual,Final consumption - energy use,Total,Thousand tonnes of oil equivalent,Switzerland,2015,,energy_consumption
Annual,Final consumption - energy use,Total,Thousand tonnes of oil equivalent,Switzerland,2016,,energy_consumption
Annual,Final consumption - energy use,Total,Thousand tonnes of oil equivalent,Switzerland,2017,,energy_consumption
Annual,Final consumption - energy use,Total,Thousand tonnes of oil equivalent,Switzerland,2018,,energy_consumption
Annual,Final consumption - energy use,Total,Thousand tonnes of oil equivalent,Switzerland,2019,,energy_consumption
Annual,Final consumption - energy use,Total,Thousand tonnes of oil equivalent,Switzerland,2020,,energy_consumption
Annual,Final consumption - energy use,Total,Thousand tonnes of oil equivalent,Switzerland,2021,,energy_consumption
Annual,Final consumption - energy use,Total,Thousand tonnes of oil equivalent,Switzerland,2022,,energy_consumption
Annual,Final consumption - energy use,Total,Thousand tonnes of oil equivalent,Switzerland,2023,,energy_consumption
Annual,Final consumption - energy use,Total,Thousand tonnes of oil equivalent,Switzerland,2024,,energy_consumption
Annual,Final consumption - energy use,Total,Thousand tonnes of oil equivalent,United Kingdom,2013,123395.413,energy_consumption
Annual,Final consumption - energy use,Total,Thousand tonnes of oil equivalent,United Kingdom,2014,116594.037,energy_consumption
Annual,Final consumption - energy use,Total,Thousand tonnes of oil equivalent,United Kingdom,2015,120063.341,energy_consumption
Annual,Final consumption - energy use,Total,Thousand tonnes of oil equivalent,United Kingdom,2016,121886.092,energy_consumption
Annual,Final consumption - energy use,Total,Thousand tonnes of oil equivalent,United Kingdom,2017,120950.747,energy_consumption
Annual,Final consumption - energy use,Total,Thousand tonnes of oil equivalent,United Kingdom,2018,122583.69,energy_consumption
Annual,Final consumption - energy use,Total,Thousand tonnes of oil equivalent,United Kingdom,2019,121414.483,energy_consumption
Annual,Final consumption - energy use,Total,Thousand tonnes of oil equivalent,United Kingdom,2020,,energy_consumption
Annual,Final consumption - energy use,Total,Thousand tonnes of oil equivalent,United Kingdom,2021,,energy_consumption
Annual,Final consumption - energy use,Total,Thousand tonnes of oil equivalent,United Kingdom,2022,,energy_consumption
Annual,Final consumption - energy use,Total,Thousand tonnes of oil equivalent,United Kingdom,2023,,energy_consumption
Annual,Final consumption - energy use,Total,Thousand tonnes of oil equivalent,United Kingdom,2024,,energy_consumption
Annual,Final consumption - energy use,Total,Thousand tonnes of oil equivalent,Montenegro,2013,640.991,energy_consumption
Annual,Final consumption - energy use,Total,Thousand tonnes of oil equivalent,Montenegro,2014,628.575,energy_consumption
Annual,Final consumption - energy use,Total,Thousand tonnes of oil equivalent,Montenegro,2015,662.644,energy_consumption
Annual,Final consumption - energy use,Total,Thousand tonnes of oil equivalent,Montenegro,2016,688.761,energy_consumption
Annual,Final consumption - energy use,Total,Thousand tonnes of oil equivalent,Montenegro,2017,728.889,energy_consumption
Annual,Final consumption - energy use,Total,Thousand tonnes of oil equivalent,Montenegro,2018,729.633,energy_consumption
Annual,Final consumption - energy use,Total,Thousand tonnes of oil equivalent,Montenegro,2019,760.625,energy_consumption
Annual,Final consumption - energy use,Total,Thousand tonnes of oil equivalent,Montenegro,2020,696.84,energy_consumption
Annual,Final consumption - energy use,Total,Thousand tonnes of oil equivalent,Montenegro,2021,796.294,energy_consumption
Annual,Final consumption - energy use,Total,Thousand tonnes of oil equivalent,Montenegro,2022,752.609,energy_consumption
Annual,Final consumption - energy use,Total,Thousand tonnes of oil equivalent,Montenegro,2023,761.868,energy_consumption
Annual,Final consumption - energy use,Total,Thousand tonnes of oil equivalent,Montenegro,2024,819.929,energy_consumption
Annual,Final consumption - energy use,Total,Thousand tonnes of oil equivalent,North Macedonia,2013,1814.802,energy_consumption
Annual,Final consumption - energy use,Total,Thousand tonnes of oil equivalent,North Macedonia,2014,1797.481,energy_consumption
Annual,Final consumption - energy use,Total,Thousand tonnes of oil equivalent,North Macedonia,2015,1837.589,energy_consumption
Annual,Final consumption - energy use,Total,Thousand tonnes of oil equivalent,North Macedonia,2016,1847.8,energy_consumption
Annual,Final consumption - energy use,Total,Thousand tonnes of oil equivalent,North Macedonia,2017,1859.052,energy_consumption
Annual,Final consumption - energy use,Total,Thousand tonnes of oil equivalent,North Macedonia,2018,1832.8,energy_consumption
Annual,Final consumption - energy use,Total,Thousand tonnes of oil equivalent,North Macedonia,2019,1937.879,energy_consumption
Annual,Final consumption - energy use,Total,Thousand tonnes of oil equivalent,North Macedonia,2020,1813.82,energy_consumption
Annual,Final consumption - energy use,Total,Thousand tonnes of oil equivalent,North Macedonia,2021,1968.716,energy_consumption
Annual,Final consumption - energy use,Total,Thousand tonnes of oil equivalent,North Macedonia,2022,1804.682,energy_consumption
Annual,Final consumption - energy use,Total,Thousand tonnes of oil equivalent,North Macedonia,2023,1808.791,energy_consumption
Annual,Final consumption - energy use,Total,Thousand tonnes of oil equivalent,North Macedonia,2024,1833.692,energy_consumption
Annual,Final consumption - energy use,Total,Thousand tonnes of oil equivalent,Albania,2013,1961.871,energy_consumption
Annual,Final consumption - energy use,Total,Thousand tonnes of oil equivalent,Albania,2014,2058.574,energy_consumption
Annual,Final consumption - energy use,Total,Thousand tonnes of oil equivalent,Albania,2015,1962.498,energy_consumption
Annual,Final consumption - energy use,Total,Thousand tonnes of oil equivalent,Albania,2016,1899.558,energy_consumption
Annual,Final consumption - energy use,Total,Thousand tonnes of oil equivalent,Albania,2017,2078.928,energy_consumption
Annual,Final consumption - energy use,Total,Thousand tonnes of oil equivalent,Albania,2018,2134.212,energy_consumption
Annual,Final consumption - energy use,Total,Thousand tonnes of oil equivalent,Albania,2019,2053.036,energy_consumption
Annual,Final consumption - energy use,Total,Thousand tonnes of oil equivalent,Albania,2020,1840.668,energy_consumption
Annual,Final consumption - energy use,Total,Thousand tonnes of oil equivalent,Albania,2021,2012.504,energy_consumption
Annual,Final consumption - energy use,Total,Thousand tonnes of oil equivalent,Albania,2022,1958.847,energy_consumption
Annual,Final consumption - energy use,Total,Thousand tonnes of oil equivalent,Albania,2023,1883.5,energy_consumption
Annual,Final consumption - energy use,Total,Thousand tonnes of oil equivalent,Albania,2024,1870.304,energy_consumption
Annual,Final consumption - energy use,Total,Thousand tonnes of oil equivalent,Serbia,2013,8201.681,energy_consumption
Annual,Final consumption - energy use,Total,Thousand tonnes of oil equivalent,Serbia,2014,7681.742,energy_consumption
Annual,Final consumption - energy use,Total,Thousand tonnes of oil equivalent,Serbia,2015,7885.89,energy_consumption
Annual,Final consumption - energy use,Total,Thousand tonnes of oil equivalent,Serbia,2016,8206.334,energy_consumption
Annual,Final consumption - energy use,Total,Thousand tonnes of oil equivalent,Serbia,2017,8363.238,energy_consumption
Annual,Final consumption - energy use,Total,Thousand tonnes of oil equivalent,Serbia,2018,8435.035,energy_consumption
Annual,Final consumption - energy use,Total,Thousand tonnes of oil equivalent,Serbia,2019,8387.52,energy_consumption
Annual,Final consumption - energy use,Total,Thousand tonnes of oil equivalent,Serbia,2020,8715.951,energy_consumption
Annual,Final consumption - energy use,Total,Thousand tonnes of oil equivalent,Serbia,2021,9268.268,energy_consumption
Annual,Final consumption - energy use,Total,Thousand tonnes of oil equivalent,Serbia,2022,9491.229,energy_consumption
Annual,Final consumption - energy use,Total,Thousand tonnes of oil equivalent,Serbia,2023,9302.605,energy_consumption
Annual,Final consumption - energy use,Total,Thousand tonnes of oil equivalent,Serbia,2024,9316.396,energy_consumption
Annual,Final consumption - energy use,Total,Thousand tonnes of oil equivalent,Türkiye,2013,78466.784,energy_consumption
Annual,Final consumption - energy use,Total,Thousand tonnes of oil equivalent,Türkiye,2014,80844.293,energy_consumption
Annual,Final consumption - energy use,Total,Thousand tonnes of oil equivalent,Türkiye,2015,86846.978,energy_consumption
Annual,Final consumption - energy use,Total,Thousand tonnes of oil equivalent,Türkiye,2016,90317.972,energy_consumption
Annual,Final consumption - energy use,Total,Thousand tonnes of oil equivalent,Türkiye,2017,100511.818,energy_consumption
Annual,Final consumption - energy use,Total,Thousand tonnes of oil equivalent,Türkiye,2018,98633.029,energy_consumption
Annual,Final consumption - energy use,Total,Thousand tonnes of oil equivalent,Türkiye,2019,99100.378,energy_consumption
Annual,Final consumption - energy use,Total,Thousand tonnes of oil equivalent,Türkiye,2020,101143.571,energy_consumption
Annual,Final consumption - energy use,Total,Thousand tonnes of oil equivalent,Türkiye,2021,109801.743,energy_consumption
Annual,Final consumption - energy use,Total,Thousand tonnes of oil equivalent,Türkiye,2022,108196.107,energy_consumption
Annual,Final consumption - energy use,Total,Thousand tonnes of oil equivalent,Türkiye,2023,110242.861,energy_consumption
Annual,Final consumption - energy use,Total,Thousand tonnes of oil equivalent,Türkiye,2024,116972.079,energy_consumption
Annual,Final consumption - energy use,Total,Thousand tonnes of oil equivalent,Bosnia and Herzegovina,2013,,energy_consumption
Annual,Final consumption - energy use,Total,Thousand tonnes of oil equivalent,Bosnia and Herzegovina,2014,3103.624,energy_consumption
Annual,Final consumption - energy use,Total,Thousand tonnes of oil equivalent,Bosnia and Herzegovina,2015,3316.907,energy_consumption
Annual,Final consumption - energy use,Total,Thousand tonnes of oil equivalent,Bosnia and Herzegovina,2016,3543.934,energy_consumption
Annual,Final consumption - energy use,Total,Thousand tonnes of oil equivalent,Bosnia and Herzegovina,2017,3497.933,energy_consumption
Annual,Final consumption - energy use,Total,Thousand tonnes of oil equivalent,Bosnia and Herzegovina,2018,4211.931,energy_consumption
Annual,Final consumption - energy use,Total,Thousand tonnes of oil equivalent,Bosnia and Herzegovina,2019,4207.688,energy_consumption
Annual,Final consumption - energy use,Total,Thousand tonnes of oil equivalent,Bosnia and Herzegovina,2020,4024.489,energy_consumption
Annual,Final consumption - energy use,Total,Thousand tonnes of oil equivalent,Bosnia and Herzegovina,2021,4305.32,energy_consumption
Annual,Final consumption - energy use,Total,Thousand tonnes of oil equivalent,Bosnia and Herzegovina,2022,4290.012,energy_consumption
Annual,Final consumption - energy use,Total,Thousand tonnes of oil equivalent,Bosnia and Herzegovina,2023,4140.181,energy_consumption
Annual,Final consumption - energy use,Total,Thousand tonnes of oil equivalent,Bosnia and Herzegovina,2024,4352.96,energy_consumption
Annual,Final consumption - energy use,Total,Thousand tonnes of oil equivalent,Georgia,2013,3505.236,energy_consumption
Annual,Final consumption - energy use,Total,Thousand tonnes of oil equivalent,Georgia,2014,3796.823,energy_consumption
Annual,Final consumption - energy use,Total,Thousand tonnes of oil equivalent,Georgia,2015,3919.153,energy_consumption
Annual,Final consumption - energy use,Total,Thousand tonnes of oil equivalent,Georgia,2016,4165.671,energy_consumption
Annual,Final consumption - energy use,Total,Thousand tonnes of oil equivalent,Georgia,2017,4212.4,energy_consumption
Annual,Final consumption - energy use,Total,Thousand tonnes of oil equivalent,Georgia,2018,4155.102,energy_consumption
Annual,Final consumption - energy use,Total,Thousand tonnes of oil equivalent,Georgia,2019,4266.538,energy_consumption
Annual,Final consumption - energy use,Total,Thousand tonnes of oil equivalent,Georgia,2020,4188.821,energy_consumption
Annual,Final consumption - energy use,Total,Thousand tonnes of oil equivalent,Georgia,2021,4643.943,energy_consumption
Annual,Final consumption - energy use,Total,Thousand tonnes of oil equivalent,Georgia,2022,4900.447,energy_consumption
Annual,Final consumption - energy use,Total,Thousand tonnes of oil equivalent,Georgia,2023,4835.099,energy_consumption
Annual,Final consumption - energy use,Total,Thousand tonnes of oil equivalent,Georgia,2024,5160.325,energy_consumption
Annual,Final consumption - energy use,Total,Thousand tonnes of oil equivalent,Moldova,2013,2294.391,energy_consumption
Annual,Final consumption - energy use,Total,Thousand tonnes of oil equivalent,Moldova,2014,2295.133,energy_consumption
Annual,Final consumption - energy use,Total,Thousand tonnes of oil equivalent,Moldova,2015,2357.098,energy_consumption
Annual,Final consumption - energy use,Total,Thousand tonnes of oil equivalent,Moldova,2016,2457.919,energy_consumption
Annual,Final consumption - energy use,Total,Thousand tonnes of oil equivalent,Moldova,2017,2589.822,energy_consumption
Annual,Final consumption - energy use,Total,Thousand tonnes of oil equivalent,Moldova,2018,2684.563,energy_consumption
Annual,Final consumption - energy use,Total,Thousand tonnes of oil equivalent,Moldova,2019,2580.369,energy_consumption
Annual,Final consumption - energy use,Total,Thousand tonnes of oil equivalent,Moldova,2020,2480.676,energy_consumption
Annual,Final consumption - energy use,Total,Thousand tonnes of oil equivalent,Moldova,2021,2759.055,energy_consumption
Annual,Final consumption - energy use,Total,Thousand tonnes of oil equivalent,Moldova,2022,2443.491,energy_consumption
Annual,Final consumption - energy use,Total,Thousand tonnes of oil equivalent,Moldova,2023,2333.894,energy_consumption
Annual,Final consumption - energy use,Total,Thousand tonnes of oil equivalent,Moldova,2024,2431.34,energy_consumption
Annual,Final consumption - energy use,Total,Thousand tonnes of oil equivalent,Ukraine,2013,65144.066,energy_consumption
Annual,Final consumption - energy use,Total,Thousand tonnes of oil equivalent,Ukraine,2014,57893.824,energy_consumption
Annual,Final consumption - energy use,Total,Thousand tonnes of oil equivalent,Ukraine,2015,47488.152,energy_consumption
Annual,Final consumption - energy use,Total,Thousand tonnes of oil equivalent,Ukraine,2016,48826.188,energy_consumption
Annual,Final consumption - energy use,Total,Thousand tonnes of oil equivalent,Ukraine,2017,47345.792,energy_consumption
Annual,Final consumption - energy use,Total,Thousand tonnes of oil equivalent,Ukraine,2018,48417.734,energy_consumption
Annual,Final consumption - energy use,Total,Thousand tonnes of oil equivalent,Ukraine,2019,46886.431,energy_consumption
Annual,Final consumption - energy use,Total,Thousand tonnes of oil equivalent,Ukraine,2020,44184.237,energy_consumption
Annual,Final consumption - energy use,Total,Thousand tonnes of oil equivalent,Ukraine,2021,,energy_consumption
Annual,Final consumption - energy use,Total,Thousand tonnes of oil equivalent,Ukraine,2022,,energy_consumption
Annual,Final consumption - energy use,Total,Thousand tonnes of oil equivalent,Ukraine,2023,,energy_consumption
Annual,Final consumption - energy use,Total,Thousand tonnes of oil equivalent,Ukraine,2024,,energy_consumption
Annual,Final consumption - energy use,Total,Thousand tonnes of oil equivalent,Kosovo*,2013,1167.578,energy_consumption
Annual,Final consumption - energy use,Total,Thousand tonnes of oil equivalent,Kosovo*,2014,1230.7,energy_consumption
Annual,Final consumption - energy use,Total,Thousand tonnes of oil equivalent,Kosovo*,2015,1339.928,energy_consumption
Annual,Final consumption - energy use,Total,Thousand tonnes of oil equivalent,Kosovo*,2016,1433.037,energy_consumption
Annual,Final consumption - energy use,Total,Thousand tonnes of oil equivalent,Kosovo*,2017,1516.064,energy_consumption
Annual,Final consumption - energy use,Total,Thousand tonnes of oil equivalent,Kosovo*,2018,1471.026,energy_consumption
Annual,Final consumption - energy use,Total,Thousand tonnes of oil equivalent,Kosovo*,2019,1515.131,energy_consumption
Annual,Final consumption - energy use,Total,Thousand tonnes of oil equivalent,Kosovo*,2020,1524.673,energy_consumption
Annual,Final consumption - energy use,Total,Thousand tonnes of oil equivalent,Kosovo*,2021,1659.361,energy_consumption
Annual,Final consumption - energy use,Total,Thousand tonnes of oil equivalent,Kosovo*,2022,1486.689,energy_consumption
Annual,Final consumption - energy use,Total,Thousand tonnes of oil equivalent,Kosovo*,2023,1523.623,energy_consumption
Annual,Final consumption - energy use,Total,Thousand tonnes of oil equivalent,Kosovo*,2024,1498.732,energy_consumption
Annual,Final consumption - industry sector - energy use,Total,Thousand tonnes of oil equivalent,European Union - 27 countries (from 2020),2013,232633.797,energy_consumption
Annual,Final consumption - industry sector - energy use,Total,Thousand tonnes of oil equivalent,European Union - 27 countries (from 2020),2014,229542.748,energy_consumption
Annual,Final consumption - industry sector - energy use,Total,Thousand tonnes of oil equivalent,European Union - 27 countries (from 2020),2015,230213.476,energy_consumption
Annual,Final consumption - industry sector - energy use,Total,Thousand tonnes of oil equivalent,European Union - 27 countries (from 2020),2016,234679.119,energy_consumption
Annual,Final consumption - industry sector - energy use,Total,Thousand tonnes of oil equivalent,European Union - 27 countries (from 2020),2017,237037.376,energy_consumption
Annual,Final consumption - industry sector - energy use,Total,Thousand tonnes of oil equivalent,European Union - 27 countries (from 2020),2018,238728.219,energy_consumption
Annual,Final consumption - industry sector - energy use,Total,Thousand tonnes of oil equivalent,European Union - 27 countries (from 2020),2019,236153.986,energy_consumption
Annual,Final consumption - industry sector - energy use,Total,Thousand tonnes of oil equivalent,European Union - 27 countries (from 2020),2020,228128.86,energy_consumption
Annual,Final consumption - industry sector - energy use,Total,Thousand tonnes of oil equivalent,European Union - 27 countries (from 2020),2021,238297.994,energy_consumption
Annual,Final consumption - industry sector - energy use,Total,Thousand tonnes of oil equivalent,European Union - 27 countries (from 2020),2022,222403.305,energy_consumption
Annual,Final consumption - industry sector - energy use,Total,Thousand tonnes of oil equivalent,European Union - 27 countries (from 2020),2023,210757.266,energy_consumption
Annual,Final consumption - industry sector - energy use,Total,Thousand tonnes of oil equivalent,European Union - 27 countries (from 2020),2024,211028.803,energy_consumption
Annual,Final consumption - industry sector - energy use,Total,Thousand tonnes of oil equivalent,Euro area – 21 countries (from 2026),2013,,energy_consumption
Annual,Final consumption - industry sector - energy use,Total,Thousand tonnes of oil equivalent,Euro area – 21 countries (from 2026),2014,,energy_consumption
Annual,Final consumption - industry sector - energy use,Total,Thousand tonnes of oil equivalent,Euro area – 21 countries (from 2026),2015,,energy_consumption
Annual,Final consumption - industry sector - energy use,Total,Thousand tonnes of oil equivalent,Euro area – 21 countries (from 2026),2016,,energy_consumption
Annual,Final consumption - industry sector - energy use,Total,Thousand tonnes of oil equivalent,Euro area – 21 countries (from 2026),2017,,energy_consumption
Annual,Final consumption - industry sector - energy use,Total,Thousand tonnes of oil equivalent,Euro area – 21 countries (from 2026),2018,,energy_consumption
Annual,Final consumption - industry sector - energy use,Total,Thousand tonnes of oil equivalent,Euro area – 21 countries (from 2026),2019,,energy_consumption
Annual,Final consumption - industry sector - energy use,Total,Thousand tonnes of oil equivalent,Euro area – 21 countries (from 2026),2020,,energy_consumption
Annual,Final consumption - industry sector - energy use,Total,Thousand tonnes of oil equivalent,Euro area – 21 countries (from 2026),2021,,energy_consumption
Annual,Final consumption - industry sector - energy use,Total,Thousand tonnes of oil equivalent,Euro area – 21 countries (from 2026),2022,,energy_consumption
Annual,Final consumption - industry sector - energy use,Total,Thousand tonnes of oil equivalent,Euro area – 21 countries (from 2026),2023,,energy_consumption
Annual,Final consumption - industry sector - energy use,Total,Thousand tonnes of oil equivalent,Euro area – 21 countries (from 2026),2024,,energy_consumption
Annual,Final consumption - industry sector - energy use,Total,Thousand tonnes of oil equivalent,Euro area – 20 countries (2023-2025),2013,,energy_consumption
Annual,Final consumption - industry sector - energy use,Total,Thousand tonnes of oil equivalent,Euro area – 20 countries (2023-2025),2014,,energy_consumption
Annual,Final consumption - industry sector - energy use,Total,Thousand tonnes of oil equivalent,Euro area – 20 countries (2023-2025),2015,,energy_consumption
Annual,Final consumption - industry sector - energy use,Total,Thousand tonnes of oil equivalent,Euro area – 20 countries (2023-2025),2016,,energy_consumption
Annual,Final consumption - industry sector - energy use,Total,Thousand tonnes of oil equivalent,Euro area – 20 countries (2023-2025),2017,,energy_consumption
Annual,Final consumption - industry sector - energy use,Total,Thousand tonnes of oil equivalent,Euro area – 20 countries (2023-2025),2018,,energy_consumption
Annual,Final consumption - industry sector - energy use,Total,Thousand tonnes of oil equivalent,Euro area – 20 countries (2023-2025),2019,,energy_consumption
Annual,Final consumption - industry sector - energy use,Total,Thousand tonnes of oil equivalent,Euro area – 20 countries (2023-2025),2020,,energy_consumption
Annual,Final consumption - industry sector - energy use,Total,Thousand tonnes of oil equivalent,Euro area – 20 countries (2023-2025),2021,,energy_consumption
Annual,Final consumption - industry sector - energy use,Total,Thousand tonnes of oil equivalent,Euro area – 20 countries (2023-2025),2022,,energy_consumption
Annual,Final consumption - industry sector - energy use,Total,Thousand tonnes of oil equivalent,Euro area – 20 countries (2023-2025),2023,,energy_consumption
Annual,Final consumption - industry sector - energy use,Total,Thousand tonnes of oil equivalent,Euro area – 20 countries (2023-2025),2024,,energy_consumption
Annual,Final consumption - industry sector - energy use,Total,Thousand tonnes of oil equivalent,Euro area - 19 countries  (2015-2022),2013,,energy_consumption
Annual,Final consumption - industry sector - energy use,Total,Thousand tonnes of oil equivalent,Euro area - 19 countries  (2015-2022),2014,,energy_consumption
Annual,Final consumption - industry sector - energy use,Total,Thousand tonnes of oil equivalent,Euro area - 19 countries  (2015-2022),2015,,energy_consumption
Annual,Final consumption - industry sector - energy use,Total,Thousand tonnes of oil equivalent,Euro area - 19 countries  (2015-2022),2016,,energy_consumption
Annual,Final consumption - industry sector - energy use,Total,Thousand tonnes of oil equivalent,Euro area - 19 countries  (2015-2022),2017,,energy_consumption
Annual,Final consumption - industry sector - energy use,Total,Thousand tonnes of oil equivalent,Euro area - 19 countries  (2015-2022),2018,,energy_consumption
Annual,Final consumption - industry sector - energy use,Total,Thousand tonnes of oil equivalent,Euro area - 19 countries  (2015-2022),2019,,energy_consumption
Annual,Final consumption - industry sector - energy use,Total,Thousand tonnes of oil equivalent,Euro area - 19 countries  (2015-2022),2020,,energy_consumption
Annual,Final consumption - industry sector - energy use,Total,Thousand tonnes of oil equivalent,Euro area - 19 countries  (2015-2022),2021,,energy_consumption
Annual,Final consumption - industry sector - energy use,Total,Thousand tonnes of oil equivalent,Euro area - 19 countries  (2015-2022),2022,,energy_consumption
Annual,Final consumption - industry sector - energy use,Total,Thousand tonnes of oil equivalent,Euro area - 19 countries  (2015-2022),2023,,energy_consumption
Annual,Final consumption - industry sector - energy use,Total,Thousand tonnes of oil equivalent,Euro area - 19 countries  (2015-2022),2024,,energy_consumption
Annual,Final consumption - industry sector - energy use,Total,Thousand tonnes of oil equivalent,Belgium,2013,10741.364,energy_consumption
Annual,Final consumption - industry sector - energy use,Total,Thousand tonnes of oil equivalent,Belgium,2014,10557.372,energy_consumption
Annual,Final consumption - industry sector - energy use,Total,Thousand tonnes of oil equivalent,Belgium,2015,10570.537,energy_consumption
Annual,Final consumption - industry sector - energy use,Total,Thousand tonnes of oil equivalent,Belgium,2016,10628.386,energy_consumption
Annual,Final consumption - industry sector - energy use,Total,Thousand tonnes of oil equivalent,Belgium,2017,10445.991,energy_consumption
Annual,Final consumption - industry sector - energy use,Total,Thousand tonnes of oil equivalent,Belgium,2018,10682.546,energy_consumption
Annual,Final consumption - industry sector - energy use,Total,Thousand tonnes of oil equivalent,Belgium,2019,10692.196,energy_consumption
Annual,Final consumption - industry sector - energy use,Total,Thousand tonnes of oil equivalent,Belgium,2020,10591.235,energy_consumption
Annual,Final consumption - industry sector - energy use,Total,Thousand tonnes of oil equivalent,Belgium,2021,11066.441,energy_consumption
Annual,Final consumption - industry sector - energy use,Total,Thousand tonnes of oil equivalent,Belgium,2022,9943.224,energy_consumption
Annual,Final consumption - industry sector - energy use,Total,Thousand tonnes of oil equivalent,Belgium,2023,9477.604,energy_consumption
Annual,Final consumption - industry sector - energy use,Total,Thousand tonnes of oil equivalent,Belgium,2024,9846.714,energy_consumption
Annual,Final consumption - industry sector - energy use,Total,Thousand tonnes of oil equivalent,Bulgaria,2013,2595.527,energy_consumption
Annual,Final consumption - industry sector - energy use,Total,Thousand tonnes of oil equivalent,Bulgaria,2014,2617.523,energy_consumption
Annual,Final consumption - industry sector - energy use,Total,Thousand tonnes of oil equivalent,Bulgaria,2015,2719.641,energy_consumption
Annual,Final consumption - industry sector - energy use,Total,Thousand tonnes of oil equivalent,Bulgaria,2016,2655.459,energy_consumption
Annual,Final consumption - industry sector - energy use,Total,Thousand tonnes of oil equivalent,Bulgaria,2017,2757.516,energy_consumption
Annual,Final consumption - industry sector - energy use,Total,Thousand tonnes of oil equivalent,Bulgaria,2018,2736.144,energy_consumption
Annual,Final consumption - industry sector - energy use,Total,Thousand tonnes of oil equivalent,Bulgaria,2019,2678.806,energy_consumption
Annual,Final consumption - industry sector - energy use,Total,Thousand tonnes of oil equivalent,Bulgaria,2020,2646.35,energy_consumption
Annual,Final consumption - industry sector - energy use,Total,Thousand tonnes of oil equivalent,Bulgaria,2021,2823.82,energy_consumption
Annual,Final consumption - industry sector - energy use,Total,Thousand tonnes of oil equivalent,Bulgaria,2022,2703.532,energy_consumption
Annual,Final consumption - industry sector - energy use,Total,Thousand tonnes of oil equivalent,Bulgaria,2023,2540.266,energy_consumption
Annual,Final consumption - industry sector - energy use,Total,Thousand tonnes of oil equivalent,Bulgaria,2024,2594.815,energy_consumption
Annual,Final consumption - industry sector - energy use,Total,Thousand tonnes of oil equivalent,Czechia,2013,6426.744,energy_consumption
Annual,Final consumption - industry sector - energy use,Total,Thousand tonnes of oil equivalent,Czechia,2014,6331.755,energy_consumption
Annual,Final consumption - industry sector - energy use,Total,Thousand tonnes of oil equivalent,Czechia,2015,6477.94,energy_consumption
Annual,Final consumption - industry sector - energy use,Total,Thousand tonnes of oil equivalent,Czechia,2016,6412.09,energy_consumption
Annual,Final consumption - industry sector - energy use,Total,Thousand tonnes of oil equivalent,Czechia,2017,6734.121,energy_consumption
Annual,Final consumption - industry sector - energy use,Total,Thousand tonnes of oil equivalent,Czechia,2018,6699.106,energy_consumption
Annual,Final consumption - industry sector - energy use,Total,Thousand tonnes of oil equivalent,Czechia,2019,6618.619,energy_consumption
Annual,Final consumption - industry sector - energy use,Total,Thousand tonnes of oil equivalent,Czechia,2020,6567.069,energy_consumption
Annual,Final consumption - industry sector - energy use,Total,Thousand tonnes of oil equivalent,Czechia,2021,7013.271,energy_consumption
Annual,Final consumption - industry sector - energy use,Total,Thousand tonnes of oil equivalent,Czechia,2022,6564.625,energy_consumption
Annual,Final consumption - industry sector - energy use,Total,Thousand tonnes of oil equivalent,Czechia,2023,5966.333,energy_consumption
Annual,Final consumption - industry sector - energy use,Total,Thousand tonnes of oil equivalent,Czechia,2024,5671.87,energy_consumption
Annual,Final consumption - industry sector - energy use,Total,Thousand tonnes of oil equivalent,Denmark,2013,2179.385,energy_consumption
Annual,Final consumption - industry sector - energy use,Total,Thousand tonnes of oil equivalent,Denmark,2014,2120.55,energy_consumption
Annual,Final consumption - industry sector - energy use,Total,Thousand tonnes of oil equivalent,Denmark,2015,2116.284,energy_consumption
Annual,Final consumption - industry sector - energy use,Total,Thousand tonnes of oil equivalent,Denmark,2016,2185.46,energy_consumption
Annual,Final consumption - industry sector - energy use,Total,Thousand tonnes of oil equivalent,Denmark,2017,2284.643,energy_consumption
Annual,Final consumption - industry sector - energy use,Total,Thousand tonnes of oil equivalent,Denmark,2018,2318.685,energy_consumption
Annual,Final consumption - industry sector - energy use,Total,Thousand tonnes of oil equivalent,Denmark,2019,2257.662,energy_consumption
Annual,Final consumption - industry sector - energy use,Total,Thousand tonnes of oil equivalent,Denmark,2020,2307.445,energy_consumption
Annual,Final consumption - industry sector - energy use,Total,Thousand tonnes of oil equivalent,Denmark,2021,2478.016,energy_consumption
Annual,Final consumption - industry sector - energy use,Total,Thousand tonnes of oil equivalent,Denmark,2022,2268.129,energy_consumption
Annual,Final consumption - industry sector - energy use,Total,Thousand tonnes of oil equivalent,Denmark,2023,2135.92,energy_consumption
Annual,Final consumption - industry sector - energy use,Total,Thousand tonnes of oil equivalent,Denmark,2024,2133.981,energy_consumption
Annual,Final consumption - industry sector - energy use,Total,Thousand tonnes of oil equivalent,Germany,2013,56347.486,energy_consumption
Annual,Final consumption - industry sector - energy use,Total,Thousand tonnes of oil equivalent,Germany,2014,55725.644,energy_consumption
Annual,Final consumption - industry sector - energy use,Total,Thousand tonnes of oil equivalent,Germany,2015,56067.59,energy_consumption
Annual,Final consumption - industry sector - energy use,Total,Thousand tonnes of oil equivalent,Germany,2016,56677.082,energy_consumption
Annual,Final consumption - industry sector - energy use,Total,Thousand tonnes of oil equivalent,Germany,2017,57146.089,energy_consumption
Annual,Final consumption - industry sector - energy use,Total,Thousand tonnes of oil equivalent,Germany,2018,57090.092,energy_consumption
Annual,Final consumption - industry sector - energy use,Total,Thousand tonnes of oil equivalent,Germany,2019,55649.346,energy_consumption
Annual,Final consumption - industry sector - energy use,Total,Thousand tonnes of oil equivalent,Germany,2020,54762.64,energy_consumption
Annual,Final consumption - industry sector - energy use,Total,Thousand tonnes of oil equivalent,Germany,2021,56064.099,energy_consumption
Annual,Final consumption - industry sector - energy use,Total,Thousand tonnes of oil equivalent,Germany,2022,53008.103,energy_consumption
Annual,Final consumption - industry sector - energy use,Total,Thousand tonnes of oil equivalent,Germany,2023,49687.05,energy_consumption
Annual,Final consumption - industry sector - energy use,Total,Thousand tonnes of oil equivalent,Germany,2024,48368.387,energy_consumption
Annual,Final consumption - industry sector - energy use,Total,Thousand tonnes of oil equivalent,Estonia,2013,639.597,energy_consumption
Annual,Final consumption - industry sector - energy use,Total,Thousand tonnes of oil equivalent,Estonia,2014,555.819,energy_consumption
Annual,Final consumption - industry sector - energy use,Total,Thousand tonnes of oil equivalent,Estonia,2015,535.033,energy_consumption
Annual,Final consumption - industry sector - energy use,Total,Thousand tonnes of oil equivalent,Estonia,2016,457.757,energy_consumption
Annual,Final consumption - industry sector - energy use,Total,Thousand tonnes of oil equivalent,Estonia,2017,462.926,energy_consumption
Annual,Final consumption - industry sector - energy use,Total,Thousand tonnes of oil equivalent,Estonia,2018,485.921,energy_consumption
Annual,Final consumption - industry sector - energy use,Total,Thousand tonnes of oil equivalent,Estonia,2019,459.307,energy_consumption
Annual,Final consumption - industry sector - energy use,Total,Thousand tonnes of oil equivalent,Estonia,2020,408.037,energy_consumption
Annual,Final consumption - industry sector - energy use,Total,Thousand tonnes of oil equivalent,Estonia,2021,383.584,energy_consumption
Annual,Final consumption - industry sector - energy use,Total,Thousand tonnes of oil equivalent,Estonia,2022,358.4,energy_consumption
Annual,Final consumption - industry sector - energy use,Total,Thousand tonnes of oil equivalent,Estonia,2023,337.166,energy_consumption
Annual,Final consumption - industry sector - energy use,Total,Thousand tonnes of oil equivalent,Estonia,2024,494.025,energy_consumption
Annual,Final consumption - industry sector - energy use,Total,Thousand tonnes of oil equivalent,Ireland,2013,1932.741,energy_consumption
Annual,Final consumption - industry sector - energy use,Total,Thousand tonnes of oil equivalent,Ireland,2014,2002.211,energy_consumption
Annual,Final consumption - industry sector - energy use,Total,Thousand tonnes of oil equivalent,Ireland,2015,2039.926,energy_consumption
Annual,Final consumption - industry sector - energy use,Total,Thousand tonnes of oil equivalent,Ireland,2016,2114.94,energy_consumption
Annual,Final consumption - industry sector - energy use,Total,Thousand tonnes of oil equivalent,Ireland,2017,2219.211,energy_consumption
Annual,Final consumption - industry sector - energy use,Total,Thousand tonnes of oil equivalent,Ireland,2018,2272.157,energy_consumption
Annual,Final consumption - industry sector - energy use,Total,Thousand tonnes of oil equivalent,Ireland,2019,2269.197,energy_consumption
Annual,Final consumption - industry sector - energy use,Total,Thousand tonnes of oil equivalent,Ireland,2020,2274.801,energy_consumption
Annual,Final consumption - industry sector - energy use,Total,Thousand tonnes of oil equivalent,Ireland,2021,2266.444,energy_consumption
Annual,Final consumption - industry sector - energy use,Total,Thousand tonnes of oil equivalent,Ireland,2022,2172.552,energy_consumption
Annual,Final consumption - industry sector - energy use,Total,Thousand tonnes of oil equivalent,Ireland,2023,2128.803,energy_consumption
Annual,Final consumption - industry sector - energy use,Total,Thousand tonnes of oil equivalent,Ireland,2024,2174.005,energy_consumption
Annual,Final consumption - industry sector - energy use,Total,Thousand tonnes of oil equivalent,Greece,2013,2835.531,energy_consumption
Annual,Final consumption - industry sector - energy use,Total,Thousand tonnes of oil equivalent,Greece,2014,3088.3,energy_consumption
Annual,Final consumption - industry sector - energy use,Total,Thousand tonnes of oil equivalent,Greece,2015,3128.446,energy_consumption
Annual,Final consumption - industry sector - energy use,Total,Thousand tonnes of oil equivalent,Greece,2016,3073.122,energy_consumption
Annual,Final consumption - industry sector - energy use,Total,Thousand tonnes of oil equivalent,Greece,2017,2762.817,energy_consumption
Annual,Final consumption - industry sector - energy use,Total,Thousand tonnes of oil equivalent,Greece,2018,2738.854,energy_consumption
Annual,Final consumption - industry sector - energy use,Total,Thousand tonnes of oil equivalent,Greece,2019,2587.606,energy_consumption
Annual,Final consumption - industry sector - energy use,Total,Thousand tonnes of oil equivalent,Greece,2020,2523.498,energy_consumption
Annual,Final consumption - industry sector - energy use,Total,Thousand tonnes of oil equivalent,Greece,2021,2565.401,energy_consumption
Annual,Final consumption - industry sector - energy use,Total,Thousand tonnes of oil equivalent,Greece,2022,2565.529,energy_consumption
Annual,Final consumption - industry sector - energy use,Total,Thousand tonnes of oil equivalent,Greece,2023,2463.422,energy_consumption
Annual,Final consumption - industry sector - energy use,Total,Thousand tonnes of oil equivalent,Greece,2024,2500.426,energy_consumption
Annual,Final consumption - industry sector - energy use,Total,Thousand tonnes of oil equivalent,Spain,2013,19610.466,energy_consumption
Annual,Final consumption - industry sector - energy use,Total,Thousand tonnes of oil equivalent,Spain,2014,19320.72,energy_consumption
Annual,Final consumption - industry sector - energy use,Total,Thousand tonnes of oil equivalent,Spain,2015,19424.018,energy_consumption
Annual,Final consumption - industry sector - energy use,Total,Thousand tonnes of oil equivalent,Spain,2016,20653.448,energy_consumption
Annual,Final consumption - industry sector - energy use,Total,Thousand tonnes of oil equivalent,Spain,2017,21134.634,energy_consumption
Annual,Final consumption - industry sector - energy use,Total,Thousand tonnes of oil equivalent,Spain,2018,21262.424,energy_consumption
Annual,Final consumption - industry sector - energy use,Total,Thousand tonnes of oil equivalent,Spain,2019,21348.181,energy_consumption
Annual,Final consumption - industry sector - energy use,Total,Thousand tonnes of oil equivalent,Spain,2020,19646.016,energy_consumption
Annual,Final consumption - industry sector - energy use,Total,Thousand tonnes of oil equivalent,Spain,2021,20972.534,energy_consumption
Annual,Final consumption - industry sector - energy use,Total,Thousand tonnes of oil equivalent,Spain,2022,19083.933,energy_consumption
Annual,Final consumption - industry sector - energy use,Total,Thousand tonnes of oil equivalent,Spain,2023,18814.009,energy_consumption
Annual,Final consumption - industry sector - energy use,Total,Thousand tonnes of oil equivalent,Spain,2024,19093.126,energy_consumption
Annual,Final consumption - industry sector - energy use,Total,Thousand tonnes of oil equivalent,France,2013,29612.313,energy_consumption
Annual,Final consumption - industry sector - energy use,Total,Thousand tonnes of oil equivalent,France,2014,28536.948,energy_consumption
Annual,Final consumption - industry sector - energy use,Total,Thousand tonnes of oil equivalent,France,2015,28013.166,energy_consumption
Annual,Final consumption - industry sector - energy use,Total,Thousand tonnes of oil equivalent,France,2016,28737.843,energy_consumption
Annual,Final consumption - industry sector - energy use,Total,Thousand tonnes of oil equivalent,France,2017,27997.768,energy_consumption
Annual,Final consumption - industry sector - energy use,Total,Thousand tonnes of oil equivalent,France,2018,28105.929,energy_consumption
Annual,Final consumption - industry sector - energy use,Total,Thousand tonnes of oil equivalent,France,2019,27605.17,energy_consumption
Annual,Final consumption - industry sector - energy use,Total,Thousand tonnes of oil equivalent,France,2020,25513.117,energy_consumption
Annual,Final consumption - industry sector - energy use,Total,Thousand tonnes of oil equivalent,France,2021,27645.797,energy_consumption
Annual,Final consumption - industry sector - energy use,Total,Thousand tonnes of oil equivalent,France,2022,26038.606,energy_consumption
Annual,Final consumption - industry sector - energy use,Total,Thousand tonnes of oil equivalent,France,2023,24450.687,energy_consumption
Annual,Final consumption - industry sector - energy use,Total,Thousand tonnes of oil equivalent,France,2024,24067.715,energy_consumption
Annual,Final consumption - industry sector - energy use,Total,Thousand tonnes of oil equivalent,Croatia,2013,1075.141,energy_consumption
Annual,Final consumption - industry sector - energy use,Total,Thousand tonnes of oil equivalent,Croatia,2014,1066.433,energy_consumption
Annual,Final consumption - industry sector - energy use,Total,Thousand tonnes of oil equivalent,Croatia,2015,1056.141,energy_consumption
Annual,Final consumption - industry sector - energy use,Total,Thousand tonnes of oil equivalent,Croatia,2016,1057.427,energy_consumption
Annual,Final consumption - industry sector - energy use,Total,Thousand tonnes of oil equivalent,Croatia,2017,1148.118,energy_consumption
Annual,Final consumption - industry sector - energy use,Total,Thousand tonnes of oil equivalent,Croatia,2018,1161.853,energy_consumption
Annual,Final consumption - industry sector - energy use,Total,Thousand tonnes of oil equivalent,Croatia,2019,1172.434,energy_consumption
Annual,Final consumption - industry sector - energy use,Total,Thousand tonnes of oil equivalent,Croatia,2020,1171.272,energy_consumption
Annual,Final consumption - industry sector - energy use,Total,Thousand tonnes of oil equivalent,Croatia,2021,1191.359,energy_consumption
Annual,Final consumption - industry sector - energy use,Total,Thousand tonnes of oil equivalent,Croatia,2022,1128.479,energy_consumption
Annual,Final consumption - industry sector - energy use,Total,Thousand tonnes of oil equivalent,Croatia,2023,1173.888,energy_consumption
Annual,Final consumption - industry sector - energy use,Total,Thousand tonnes of oil equivalent,Croatia,2024,1157.171,energy_consumption
Annual,Final consumption - industry sector - energy use,Total,Thousand tonnes of oil equivalent,Italy,2013,25353.587,energy_consumption
Annual,Final consumption - industry sector - energy use,Total,Thousand tonnes of oil equivalent,Italy,2014,24739.085,energy_consumption
Annual,Final consumption - industry sector - energy use,Total,Thousand tonnes of oil equivalent,Italy,2015,24853.372,energy_consumption
Annual,Final consumption - industry sector - energy use,Total,Thousand tonnes of oil equivalent,Italy,2016,25088.949,energy_consumption
Annual,Final consumption - industry sector - energy use,Total,Thousand tonnes of oil equivalent,Italy,2017,24925.749,energy_consumption
Annual,Final consumption - industry sector - energy use,Total,Thousand tonnes of oil equivalent,Italy,2018,24663.854,energy_consumption
Annual,Final consumption - industry sector - energy use,Total,Thousand tonnes of oil equivalent,Italy,2019,24928.486,energy_consumption
Annual,Final consumption - industry sector - energy use,Total,Thousand tonnes of oil equivalent,Italy,2020,23861.103,energy_consumption
Annual,Final consumption - industry sector - energy use,Total,Thousand tonnes of oil equivalent,Italy,2021,25777.808,energy_consumption
Annual,Final consumption - industry sector - energy use,Total,Thousand tonnes of oil equivalent,Italy,2022,23871.595,energy_consumption
Annual,Final consumption - industry sector - energy use,Total,Thousand tonnes of oil equivalent,Italy,2023,22746.576,energy_consumption
Annual,Final consumption - industry sector - energy use,Total,Thousand tonnes of oil equivalent,Italy,2024,22900.505,energy_consumption
Annual,Final consumption - industry sector - energy use,Total,Thousand tonnes of oil equivalent,Cyprus,2013,186.089,energy_consumption
Annual,Final consumption - industry sector - energy use,Total,Thousand tonnes of oil equivalent,Cyprus,2014,225.539,energy_consumption
Annual,Final consumption - industry sector - energy use,Total,Thousand tonnes of oil equivalent,Cyprus,2015,211.592,energy_consumption
Annual,Final consumption - industry sector - energy use,Total,Thousand tonnes of oil equivalent,Cyprus,2016,215.369,energy_consumption
Annual,Final consumption - industry sector - energy use,Total,Thousand tonnes of oil equivalent,Cyprus,2017,234.2,energy_consumption
Annual,Final consumption - industry sector - energy use,Total,Thousand tonnes of oil equivalent,Cyprus,2018,227.688,energy_consumption
Annual,Final consumption - industry sector - energy use,Total,Thousand tonnes of oil equivalent,Cyprus,2019,228.648,energy_consumption
Annual,Final consumption - industry sector - energy use,Total,Thousand tonnes of oil equivalent,Cyprus,2020,244.584,energy_consumption
Annual,Final consumption - industry sector - energy use,Total,Thousand tonnes of oil equivalent,Cyprus,2021,246.344,energy_consumption
Annual,Final consumption - industry sector - energy use,Total,Thousand tonnes of oil equivalent,Cyprus,2022,250.728,energy_consumption
Annual,Final consumption - industry sector - energy use,Total,Thousand tonnes of oil equivalent,Cyprus,2023,252.856,energy_consumption
Annual,Final consumption - industry sector - energy use,Total,Thousand tonnes of oil equivalent,Cyprus,2024,246.834,energy_consumption
Annual,Final consumption - industry sector - energy use,Total,Thousand tonnes of oil equivalent,Latvia,2013,767.643,energy_consumption
Annual,Final consumption - industry sector - energy use,Total,Thousand tonnes of oil equivalent,Latvia,2014,791.158,energy_consumption
Annual,Final consumption - industry sector - energy use,Total,Thousand tonnes of oil equivalent,Latvia,2015,787.78,energy_consumption
Annual,Final consumption - industry sector - energy use,Total,Thousand tonnes of oil equivalent,Latvia,2016,748.954,energy_consumption
Annual,Final consumption - industry sector - energy use,Total,Thousand tonnes of oil equivalent,Latvia,2017,793.307,energy_consumption
Annual,Final consumption - industry sector - energy use,Total,Thousand tonnes of oil equivalent,Latvia,2018,897.845,energy_consumption
Annual,Final consumption - industry sector - energy use,Total,Thousand tonnes of oil equivalent,Latvia,2019,852.714,energy_consumption
Annual,Final consumption - industry sector - energy use,Total,Thousand tonnes of oil equivalent,Latvia,2020,870.882,energy_consumption
Annual,Final consumption - industry sector - energy use,Total,Thousand tonnes of oil equivalent,Latvia,2021,894.119,energy_consumption
Annual,Final consumption - industry sector - energy use,Total,Thousand tonnes of oil equivalent,Latvia,2022,907.175,energy_consumption
Annual,Final consumption - industry sector - energy use,Total,Thousand tonnes of oil equivalent,Latvia,2023,921.39,energy_consumption
Annual,Final consumption - industry sector - energy use,Total,Thousand tonnes of oil equivalent,Latvia,2024,920.233,energy_consumption
Annual,Final consumption - industry sector - energy use,Total,Thousand tonnes of oil equivalent,Lithuania,2013,1037.327,energy_consumption
Annual,Final consumption - industry sector - energy use,Total,Thousand tonnes of oil equivalent,Lithuania,2014,1033.722,energy_consumption
Annual,Final consumption - industry sector - energy use,Total,Thousand tonnes of oil equivalent,Lithuania,2015,982.755,energy_consumption
Annual,Final consumption - industry sector - energy use,Total,Thousand tonnes of oil equivalent,Lithuania,2016,988.969,energy_consumption
Annual,Final consumption - industry sector - energy use,Total,Thousand tonnes of oil equivalent,Lithuania,2017,1070.927,energy_consumption
Annual,Final consumption - industry sector - energy use,Total,Thousand tonnes of oil equivalent,Lithuania,2018,1106.588,energy_consumption
Annual,Final consumption - industry sector - energy use,Total,Thousand tonnes of oil equivalent,Lithuania,2019,1113.763,energy_consumption
Annual,Final consumption - industry sector - energy use,Total,Thousand tonnes of oil equivalent,Lithuania,2020,1024.34,energy_consumption
Annual,Final consumption - industry sector - energy use,Total,Thousand tonnes of oil equivalent,Lithuania,2021,1109.164,energy_consumption
Annual,Final consumption - industry sector - energy use,Total,Thousand tonnes of oil equivalent,Lithuania,2022,953.872,energy_consumption
Annual,Final consumption - industry sector - energy use,Total,Thousand tonnes of oil equivalent,Lithuania,2023,898.67,energy_consumption
Annual,Final consumption - industry sector - energy use,Total,Thousand tonnes of oil equivalent,Lithuania,2024,979.789,energy_consumption
Annual,Final consumption - industry sector - energy use,Total,Thousand tonnes of oil equivalent,Luxembourg,2013,662.241,energy_consumption
Annual,Final consumption - industry sector - energy use,Total,Thousand tonnes of oil equivalent,Luxembourg,2014,662.991,energy_consumption
Annual,Final consumption - industry sector - energy use,Total,Thousand tonnes of oil equivalent,Luxembourg,2015,645.852,energy_consumption
Annual,Final consumption - industry sector - energy use,Total,Thousand tonnes of oil equivalent,Luxembourg,2016,672.673,energy_consumption
Annual,Final consumption - industry sector - energy use,Total,Thousand tonnes of oil equivalent,Luxembourg,2017,630.695,energy_consumption
Annual,Final consumption - industry sector - energy use,Total,Thousand tonnes of oil equivalent,Luxembourg,2018,648.871,energy_consumption
Annual,Final consumption - industry sector - energy use,Total,Thousand tonnes of oil equivalent,Luxembourg,2019,631.731,energy_consumption
Annual,Final consumption - industry sector - energy use,Total,Thousand tonnes of oil equivalent,Luxembourg,2020,580.106,energy_consumption
Annual,Final consumption - industry sector - energy use,Total,Thousand tonnes of oil equivalent,Luxembourg,2021,607.148,energy_consumption
Annual,Final consumption - industry sector - energy use,Total,Thousand tonnes of oil equivalent,Luxembourg,2022,542.744,energy_consumption
Annual,Final consumption - industry sector - energy use,Total,Thousand tonnes of oil equivalent,Luxembourg,2023,496.168,energy_consumption
Annual,Final consumption - industry sector - energy use,Total,Thousand tonnes of oil equivalent,Luxembourg,2024,532.567,energy_consumption
Annual,Final consumption - industry sector - energy use,Total,Thousand tonnes of oil equivalent,Hungary,2013,3725.701,energy_consumption
Annual,Final consumption - industry sector - energy use,Total,Thousand tonnes of oil equivalent,Hungary,2014,3705.025,energy_consumption
Annual,Final consumption - industry sector - energy use,Total,Thousand tonnes of oil equivalent,Hungary,2015,3867.221,energy_consumption
Annual,Final consumption - industry sector - energy use,Total,Thousand tonnes of oil equivalent,Hungary,2016,3988.299,energy_consumption
Annual,Final consumption - industry sector - energy use,Total,Thousand tonnes of oil equivalent,Hungary,2017,4282.774,energy_consumption
Annual,Final consumption - industry sector - energy use,Total,Thousand tonnes of oil equivalent,Hungary,2018,4453.878,energy_consumption
Annual,Final consumption - industry sector - energy use,Total,Thousand tonnes of oil equivalent,Hungary,2019,4459.617,energy_consumption
Annual,Final consumption - industry sector - energy use,Total,Thousand tonnes of oil equivalent,Hungary,2020,4421.598,energy_consumption
Annual,Final consumption - industry sector - energy use,Total,Thousand tonnes of oil equivalent,Hungary,2021,4729.286,energy_consumption
Annual,Final consumption - industry sector - energy use,Total,Thousand tonnes of oil equivalent,Hungary,2022,4303.259,energy_consumption
Annual,Final consumption - industry sector - energy use,Total,Thousand tonnes of oil equivalent,Hungary,2023,3998.463,energy_consumption
Annual,Final consumption - industry sector - energy use,Total,Thousand tonnes of oil equivalent,Hungary,2024,4157.212,energy_consumption
Annual,Final consumption - industry sector - energy use,Total,Thousand tonnes of oil equivalent,Malta,2013,52.23,energy_consumption
Annual,Final consumption - industry sector - energy use,Total,Thousand tonnes of oil equivalent,Malta,2014,55.495,energy_consumption
Annual,Final consumption - industry sector - energy use,Total,Thousand tonnes of oil equivalent,Malta,2015,55.139,energy_consumption
Annual,Final consumption - industry sector - energy use,Total,Thousand tonnes of oil equivalent,Malta,2016,54.925,energy_consumption
Annual,Final consumption - industry sector - energy use,Total,Thousand tonnes of oil equivalent,Malta,2017,57.156,energy_consumption
Annual,Final consumption - industry sector - energy use,Total,Thousand tonnes of oil equivalent,Malta,2018,58.835,energy_consumption
Annual,Final consumption - industry sector - energy use,Total,Thousand tonnes of oil equivalent,Malta,2019,61.017,energy_consumption
Annual,Final consumption - industry sector - energy use,Total,Thousand tonnes of oil equivalent,Malta,2020,66.241,energy_consumption
Annual,Final consumption - industry sector - energy use,Total,Thousand tonnes of oil equivalent,Malta,2021,70.032,energy_consumption
Annual,Final consumption - industry sector - energy use,Total,Thousand tonnes of oil equivalent,Malta,2022,72.405,energy_consumption
Annual,Final consumption - industry sector - energy use,Total,Thousand tonnes of oil equivalent,Malta,2023,54.503,energy_consumption
Annual,Final consumption - industry sector - energy use,Total,Thousand tonnes of oil equivalent,Malta,2024,56.279,energy_consumption
Annual,Final consumption - industry sector - energy use,Total,Thousand tonnes of oil equivalent,Netherlands,2013,13350.828,energy_consumption
Annual,Final consumption - industry sector - energy use,Total,Thousand tonnes of oil equivalent,Netherlands,2014,13080.793,energy_consumption
Annual,Final consumption - industry sector - energy use,Total,Thousand tonnes of oil equivalent,Netherlands,2015,13143.134,energy_consumption
Annual,Final consumption - industry sector - energy use,Total,Thousand tonnes of oil equivalent,Netherlands,2016,13811.044,energy_consumption
Annual,Final consumption - industry sector - energy use,Total,Thousand tonnes of oil equivalent,Netherlands,2017,13784.187,energy_consumption
Annual,Final consumption - industry sector - energy use,Total,Thousand tonnes of oil equivalent,Netherlands,2018,13668.95,energy_consumption
Annual,Final consumption - industry sector - energy use,Total,Thousand tonnes of oil equivalent,Netherlands,2019,13295.047,energy_consumption
Annual,Final consumption - industry sector - energy use,Total,Thousand tonnes of oil equivalent,Netherlands,2020,13304.593,energy_consumption
Annual,Final consumption - industry sector - energy use,Total,Thousand tonnes of oil equivalent,Netherlands,2021,13314.44,energy_consumption
Annual,Final consumption - industry sector - energy use,Total,Thousand tonnes of oil equivalent,Netherlands,2022,12272.495,energy_consumption
Annual,Final consumption - industry sector - energy use,Total,Thousand tonnes of oil equivalent,Netherlands,2023,11640.785,energy_consumption
Annual,Final consumption - industry sector - energy use,Total,Thousand tonnes of oil equivalent,Netherlands,2024,12229.708,energy_consumption
Annual,Final consumption - industry sector - energy use,Total,Thousand tonnes of oil equivalent,Austria,2013,7494.58,energy_consumption
Annual,Final consumption - industry sector - energy use,Total,Thousand tonnes of oil equivalent,Austria,2014,7340.552,energy_consumption
Annual,Final consumption - industry sector - energy use,Total,Thousand tonnes of oil equivalent,Austria,2015,7363.897,energy_consumption
Annual,Final consumption - industry sector - energy use,Total,Thousand tonnes of oil equivalent,Austria,2016,7608.447,energy_consumption
Annual,Final consumption - industry sector - energy use,Total,Thousand tonnes of oil equivalent,Austria,2017,7629.156,energy_consumption
Annual,Final consumption - industry sector - energy use,Total,Thousand tonnes of oil equivalent,Austria,2018,7563.291,energy_consumption
Annual,Final consumption - industry sector - energy use,Total,Thousand tonnes of oil equivalent,Austria,2019,7542.285,energy_consumption
Annual,Final consumption - industry sector - energy use,Total,Thousand tonnes of oil equivalent,Austria,2020,7274.665,energy_consumption
Annual,Final consumption - industry sector - energy use,Total,Thousand tonnes of oil equivalent,Austria,2021,7455.981,energy_consumption
Annual,Final consumption - industry sector - energy use,Total,Thousand tonnes of oil equivalent,Austria,2022,7463.073,energy_consumption
Annual,Final consumption - industry sector - energy use,Total,Thousand tonnes of oil equivalent,Austria,2023,6788.523,energy_consumption
Annual,Final consumption - industry sector - energy use,Total,Thousand tonnes of oil equivalent,Austria,2024,6875.366,energy_consumption
Annual,Final consumption - industry sector - energy use,Total,Thousand tonnes of oil equivalent,Poland,2013,14211.874,energy_consumption
Annual,Final consumption - industry sector - energy use,Total,Thousand tonnes of oil equivalent,Poland,2014,14154.142,energy_consumption
Annual,Final consumption - industry sector - energy use,Total,Thousand tonnes of oil equivalent,Poland,2015,14096.528,energy_consumption
Annual,Final consumption - industry sector - energy use,Total,Thousand tonnes of oil equivalent,Poland,2016,14653.06,energy_consumption
Annual,Final consumption - industry sector - energy use,Total,Thousand tonnes of oil equivalent,Poland,2017,15820.809,energy_consumption
Annual,Final consumption - industry sector - energy use,Total,Thousand tonnes of oil equivalent,Poland,2018,16327.204,energy_consumption
Annual,Final consumption - industry sector - energy use,Total,Thousand tonnes of oil equivalent,Poland,2019,16491.455,energy_consumption
Annual,Final consumption - industry sector - energy use,Total,Thousand tonnes of oil equivalent,Poland,2020,15920.468,energy_consumption
Annual,Final consumption - industry sector - energy use,Total,Thousand tonnes of oil equivalent,Poland,2021,16306.038,energy_consumption
Annual,Final consumption - industry sector - energy use,Total,Thousand tonnes of oil equivalent,Poland,2022,15151.19,energy_consumption
Annual,Final consumption - industry sector - energy use,Total,Thousand tonnes of oil equivalent,Poland,2023,14338.014,energy_consumption
Annual,Final consumption - industry sector - energy use,Total,Thousand tonnes of oil equivalent,Poland,2024,14534.874,energy_consumption
Annual,Final consumption - industry sector - energy use,Total,Thousand tonnes of oil equivalent,Portugal,2013,4598.647,energy_consumption
Annual,Final consumption - industry sector - energy use,Total,Thousand tonnes of oil equivalent,Portugal,2014,4405.499,energy_consumption
Annual,Final consumption - industry sector - energy use,Total,Thousand tonnes of oil equivalent,Portugal,2015,4411.521,energy_consumption
Annual,Final consumption - industry sector - energy use,Total,Thousand tonnes of oil equivalent,Portugal,2016,4381.447,energy_consumption
Annual,Final consumption - industry sector - energy use,Total,Thousand tonnes of oil equivalent,Portugal,2017,4525.297,energy_consumption
Annual,Final consumption - industry sector - energy use,Total,Thousand tonnes of oil equivalent,Portugal,2018,4553.901,energy_consumption
Annual,Final consumption - industry sector - energy use,Total,Thousand tonnes of oil equivalent,Portugal,2019,4618.128,energy_consumption
Annual,Final consumption - industry sector - energy use,Total,Thousand tonnes of oil equivalent,Portugal,2020,4447.539,energy_consumption
Annual,Final consumption - industry sector - energy use,Total,Thousand tonnes of oil equivalent,Portugal,2021,4531.067,energy_consumption
Annual,Final consumption - industry sector - energy use,Total,Thousand tonnes of oil equivalent,Portugal,2022,4504.165,energy_consumption
Annual,Final consumption - industry sector - energy use,Total,Thousand tonnes of oil equivalent,Portugal,2023,4312.763,energy_consumption
Annual,Final consumption - industry sector - energy use,Total,Thousand tonnes of oil equivalent,Portugal,2024,4472.519,energy_consumption
Annual,Final consumption - industry sector - energy use,Total,Thousand tonnes of oil equivalent,Romania,2013,6272.845,energy_consumption
Annual,Final consumption - industry sector - energy use,Total,Thousand tonnes of oil equivalent,Romania,2014,6427.425,energy_consumption
Annual,Final consumption - industry sector - energy use,Total,Thousand tonnes of oil equivalent,Romania,2015,6418.898,energy_consumption
Annual,Final consumption - industry sector - energy use,Total,Thousand tonnes of oil equivalent,Romania,2016,6263.796,energy_consumption
Annual,Final consumption - industry sector - energy use,Total,Thousand tonnes of oil equivalent,Romania,2017,6437.729,energy_consumption
Annual,Final consumption - industry sector - energy use,Total,Thousand tonnes of oil equivalent,Romania,2018,6612.433,energy_consumption
Annual,Final consumption - industry sector - energy use,Total,Thousand tonnes of oil equivalent,Romania,2019,6661.063,energy_consumption
Annual,Final consumption - industry sector - energy use,Total,Thousand tonnes of oil equivalent,Romania,2020,6437.031,energy_consumption
Annual,Final consumption - industry sector - energy use,Total,Thousand tonnes of oil equivalent,Romania,2021,6856.343,energy_consumption
Annual,Final consumption - industry sector - energy use,Total,Thousand tonnes of oil equivalent,Romania,2022,5739.746,energy_consumption
Annual,Final consumption - industry sector - energy use,Total,Thousand tonnes of oil equivalent,Romania,2023,4958.0,energy_consumption
Annual,Final consumption - industry sector - energy use,Total,Thousand tonnes of oil equivalent,Romania,2024,5042.183,energy_consumption
Annual,Final consumption - industry sector - energy use,Total,Thousand tonnes of oil equivalent,Slovenia,2013,1197.651,energy_consumption
Annual,Final consumption - industry sector - energy use,Total,Thousand tonnes of oil equivalent,Slovenia,2014,1231.213,energy_consumption
Annual,Final consumption - industry sector - energy use,Total,Thousand tonnes of oil equivalent,Slovenia,2015,1228.021,energy_consumption
Annual,Final consumption - industry sector - energy use,Total,Thousand tonnes of oil equivalent,Slovenia,2016,1242.337,energy_consumption
Annual,Final consumption - industry sector - energy use,Total,Thousand tonnes of oil equivalent,Slovenia,2017,1295.612,energy_consumption
Annual,Final consumption - industry sector - energy use,Total,Thousand tonnes of oil equivalent,Slovenia,2018,1319.176,energy_consumption
Annual,Final consumption - industry sector - energy use,Total,Thousand tonnes of oil equivalent,Slovenia,2019,1322.08,energy_consumption
Annual,Final consumption - industry sector - energy use,Total,Thousand tonnes of oil equivalent,Slovenia,2020,1256.408,energy_consumption
Annual,Final consumption - industry sector - energy use,Total,Thousand tonnes of oil equivalent,Slovenia,2021,1294.263,energy_consumption
Annual,Final consumption - industry sector - energy use,Total,Thousand tonnes of oil equivalent,Slovenia,2022,1181.138,energy_consumption
Annual,Final consumption - industry sector - energy use,Total,Thousand tonnes of oil equivalent,Slovenia,2023,1073.341,energy_consumption
Annual,Final consumption - industry sector - energy use,Total,Thousand tonnes of oil equivalent,Slovenia,2024,1081.758,energy_consumption
Annual,Final consumption - industry sector - energy use,Total,Thousand tonnes of oil equivalent,Slovakia,2013,3114.817,energy_consumption
Annual,Final consumption - industry sector - energy use,Total,Thousand tonnes of oil equivalent,Slovakia,2014,3241.628,energy_consumption
Annual,Final consumption - industry sector - energy use,Total,Thousand tonnes of oil equivalent,Slovakia,2015,3333.371,energy_consumption
Annual,Final consumption - industry sector - energy use,Total,Thousand tonnes of oil equivalent,Slovakia,2016,3308.576,energy_consumption
Annual,Final consumption - industry sector - energy use,Total,Thousand tonnes of oil equivalent,Slovakia,2017,3452.442,energy_consumption
Annual,Final consumption - industry sector - energy use,Total,Thousand tonnes of oil equivalent,Slovakia,2018,3662.539,energy_consumption
Annual,Final consumption - industry sector - energy use,Total,Thousand tonnes of oil equivalent,Slovakia,2019,3463.68,energy_consumption
Annual,Final consumption - industry sector - energy use,Total,Thousand tonnes of oil equivalent,Slovakia,2020,3138.177,energy_consumption
Annual,Final consumption - industry sector - energy use,Total,Thousand tonnes of oil equivalent,Slovakia,2021,3382.392,energy_consumption
Annual,Final consumption - industry sector - energy use,Total,Thousand tonnes of oil equivalent,Slovakia,2022,3167.959,energy_consumption
Annual,Final consumption - industry sector - energy use,Total,Thousand tonnes of oil equivalent,Slovakia,2023,2869.479,energy_consumption
Annual,Final consumption - industry sector - energy use,Total,Thousand tonnes of oil equivalent,Slovakia,2024,2875.036,energy_consumption
Annual,Final consumption - industry sector - energy use,Total,Thousand tonnes of oil equivalent,Finland,2013,10270.024,energy_consumption
Annual,Final consumption - industry sector - energy use,Total,Thousand tonnes of oil equivalent,Finland,2014,10218.642,energy_consumption
Annual,Final consumption - industry sector - energy use,Total,Thousand tonnes of oil equivalent,Finland,2015,10156.882,energy_consumption
Annual,Final consumption - industry sector - energy use,Total,Thousand tonnes of oil equivalent,Finland,2016,10500.774,energy_consumption
Annual,Final consumption - industry sector - energy use,Total,Thousand tonnes of oil equivalent,Finland,2017,10699.835,energy_consumption
Annual,Final consumption - industry sector - energy use,Total,Thousand tonnes of oil equivalent,Finland,2018,11038.184,energy_consumption
Annual,Final consumption - industry sector - energy use,Total,Thousand tonnes of oil equivalent,Finland,2019,10980.131,energy_consumption
Annual,Final consumption - industry sector - energy use,Total,Thousand tonnes of oil equivalent,Finland,2020,10257.554,energy_consumption
Annual,Final consumption - industry sector - energy use,Total,Thousand tonnes of oil equivalent,Finland,2021,10760.748,energy_consumption
Annual,Final consumption - industry sector - energy use,Total,Thousand tonnes of oil equivalent,Finland,2022,9736.046,energy_consumption
Annual,Final consumption - industry sector - energy use,Total,Thousand tonnes of oil equivalent,Finland,2023,9291.803,energy_consumption
Annual,Final consumption - industry sector - energy use,Total,Thousand tonnes of oil equivalent,Finland,2024,9390.176,energy_consumption
Annual,Final consumption - industry sector - energy use,Total,Thousand tonnes of oil equivalent,Sweden,2013,10940.065,energy_consumption
Annual,Final consumption - industry sector - energy use,Total,Thousand tonnes of oil equivalent,Sweden,2014,10712.063,energy_consumption
Annual,Final consumption - industry sector - energy use,Total,Thousand tonnes of oil equivalent,Sweden,2015,10920.312,energy_consumption
Annual,Final consumption - industry sector - energy use,Total,Thousand tonnes of oil equivalent,Sweden,2016,10879.933,energy_consumption
Annual,Final consumption - industry sector - energy use,Total,Thousand tonnes of oil equivalent,Sweden,2017,10828.964,energy_consumption
Annual,Final consumption - industry sector - energy use,Total,Thousand tonnes of oil equivalent,Sweden,2018,10925.172,energy_consumption
Annual,Final consumption - industry sector - energy use,Total,Thousand tonnes of oil equivalent,Sweden,2019,10783.745,energy_consumption
Annual,Final consumption - industry sector - energy use,Total,Thousand tonnes of oil equivalent,Sweden,2020,11059.63,energy_consumption
Annual,Final consumption - industry sector - energy use,Total,Thousand tonnes of oil equivalent,Sweden,2021,11023.122,energy_consumption
Annual,Final consumption - industry sector - energy use,Total,Thousand tonnes of oil equivalent,Sweden,2022,10954.768,energy_consumption
Annual,Final consumption - industry sector - energy use,Total,Thousand tonnes of oil equivalent,Sweden,2023,11253.547,energy_consumption
Annual,Final consumption - industry sector - energy use,Total,Thousand tonnes of oil equivalent,Sweden,2024,11104.048,energy_consumption
Annual,Final consumption - industry sector - energy use,Total,Thousand tonnes of oil equivalent,Iceland,2013,1424.41,energy_consumption
Annual,Final consumption - industry sector - energy use,Total,Thousand tonnes of oil equivalent,Iceland,2014,1442.055,energy_consumption
Annual,Final consumption - industry sector - energy use,Total,Thousand tonnes of oil equivalent,Iceland,2015,1460.048,energy_consumption
Annual,Final consumption - industry sector - energy use,Total,Thousand tonnes of oil equivalent,Iceland,2016,1344.211,energy_consumption
Annual,Final consumption - industry sector - energy use,Total,Thousand tonnes of oil equivalent,Iceland,2017,1394.304,energy_consumption
Annual,Final consumption - industry sector - energy use,Total,Thousand tonnes of oil equivalent,Iceland,2018,1401.396,energy_consumption
Annual,Final consumption - industry sector - energy use,Total,Thousand tonnes of oil equivalent,Iceland,2019,1315.423,energy_consumption
Annual,Final consumption - industry sector - energy use,Total,Thousand tonnes of oil equivalent,Iceland,2020,1298.431,energy_consumption
Annual,Final consumption - industry sector - energy use,Total,Thousand tonnes of oil equivalent,Iceland,2021,1330.039,energy_consumption
Annual,Final consumption - industry sector - energy use,Total,Thousand tonnes of oil equivalent,Iceland,2022,1374.644,energy_consumption
Annual,Final consumption - industry sector - energy use,Total,Thousand tonnes of oil equivalent,Iceland,2023,1389.684,energy_consumption
Annual,Final consumption - industry sector - energy use,Total,Thousand tonnes of oil equivalent,Iceland,2024,1369.054,energy_consumption
Annual,Final consumption - industry sector - energy use,Total,Thousand tonnes of oil equivalent,Liechtenstein,2013,,energy_consumption
Annual,Final consumption - industry sector - energy use,Total,Thousand tonnes of oil equivalent,Liechtenstein,2014,,energy_consumption
Annual,Final consumption - industry sector - energy use,Total,Thousand tonnes of oil equivalent,Liechtenstein,2015,,energy_consumption
Annual,Final consumption - industry sector - energy use,Total,Thousand tonnes of oil equivalent,Liechtenstein,2016,,energy_consumption
Annual,Final consumption - industry sector - energy use,Total,Thousand tonnes of oil equivalent,Liechtenstein,2017,,energy_consumption
Annual,Final consumption - industry sector - energy use,Total,Thousand tonnes of oil equivalent,Liechtenstein,2018,,energy_consumption
Annual,Final consumption - industry sector - energy use,Total,Thousand tonnes of oil equivalent,Liechtenstein,2019,,energy_consumption
Annual,Final consumption - industry sector - energy use,Total,Thousand tonnes of oil equivalent,Liechtenstein,2020,,energy_consumption
Annual,Final consumption - industry sector - energy use,Total,Thousand tonnes of oil equivalent,Liechtenstein,2021,,energy_consumption
Annual,Final consumption - industry sector - energy use,Total,Thousand tonnes of oil equivalent,Liechtenstein,2022,,energy_consumption
Annual,Final consumption - industry sector - energy use,Total,Thousand tonnes of oil equivalent,Liechtenstein,2023,,energy_consumption
Annual,Final consumption - industry sector - energy use,Total,Thousand tonnes of oil equivalent,Liechtenstein,2024,,energy_consumption
Annual,Final consumption - industry sector - energy use,Total,Thousand tonnes of oil equivalent,Norway,2013,6075.432,energy_consumption
Annual,Final consumption - industry sector - energy use,Total,Thousand tonnes of oil equivalent,Norway,2014,5964.68,energy_consumption
Annual,Final consumption - industry sector - energy use,Total,Thousand tonnes of oil equivalent,Norway,2015,6011.852,energy_consumption
Annual,Final consumption - industry sector - energy use,Total,Thousand tonnes of oil equivalent,Norway,2016,6048.598,energy_consumption
Annual,Final consumption - industry sector - energy use,Total,Thousand tonnes of oil equivalent,Norway,2017,6136.027,energy_consumption
Annual,Final consumption - industry sector - energy use,Total,Thousand tonnes of oil equivalent,Norway,2018,6247.574,energy_consumption
Annual,Final consumption - industry sector - energy use,Total,Thousand tonnes of oil equivalent,Norway,2019,6248.86,energy_consumption
Annual,Final consumption - industry sector - energy use,Total,Thousand tonnes of oil equivalent,Norway,2020,6301.997,energy_consumption
Annual,Final consumption - industry sector - energy use,Total,Thousand tonnes of oil equivalent,Norway,2021,6678.378,energy_consumption
Annual,Final consumption - industry sector - energy use,Total,Thousand tonnes of oil equivalent,Norway,2022,6463.182,energy_consumption
Annual,Final consumption - industry sector - energy use,Total,Thousand tonnes of oil equivalent,Norway,2023,6122.167,energy_consumption
Annual,Final consumption - industry sector - energy use,Total,Thousand tonnes of oil equivalent,Norway,2024,6073.523,energy_consumption
Annual,Final consumption - industry sector - energy use,Total,Thousand tonnes of oil equivalent,Switzerland,2013,,energy_consumption
Annual,Final consumption - industry sector - energy use,Total,Thousand tonnes of oil equivalent,Switzerland,2014,,energy_consumption
Annual,Final consumption - industry sector - energy use,Total,Thousand tonnes of oil equivalent,Switzerland,2015,,energy_consumption
Annual,Final consumption - industry sector - energy use,Total,Thousand tonnes of oil equivalent,Switzerland,2016,,energy_consumption
Annual,Final consumption - industry sector - energy use,Total,Thousand tonnes of oil equivalent,Switzerland,2017,,energy_consumption
Annual,Final consumption - industry sector - energy use,Total,Thousand tonnes of oil equivalent,Switzerland,2018,,energy_consumption
Annual,Final consumption - industry sector - energy use,Total,Thousand tonnes of oil equivalent,Switzerland,2019,,energy_consumption
Annual,Final consumption - industry sector - energy use,Total,Thousand tonnes of oil equivalent,Switzerland,2020,,energy_consumption
Annual,Final consumption - industry sector - energy use,Total,Thousand tonnes of oil equivalent,Switzerland,2021,,energy_consumption
Annual,Final consumption - industry sector - energy use,Total,Thousand tonnes of oil equivalent,Switzerland,2022,,energy_consumption
Annual,Final consumption - industry sector - energy use,Total,Thousand tonnes of oil equivalent,Switzerland,2023,,energy_consumption
Annual,Final consumption - industry sector - energy use,Total,Thousand tonnes of oil equivalent,Switzerland,2024,,energy_consumption
Annual,Final consumption - industry sector - energy use,Total,Thousand tonnes of oil equivalent,United Kingdom,2013,23643.762,energy_consumption
Annual,Final consumption - industry sector - energy use,Total,Thousand tonnes of oil equivalent,United Kingdom,2014,22967.703,energy_consumption
Annual,Final consumption - industry sector - energy use,Total,Thousand tonnes of oil equivalent,United Kingdom,2015,23060.44,energy_consumption
Annual,Final consumption - industry sector - energy use,Total,Thousand tonnes of oil equivalent,United Kingdom,2016,21304.966,energy_consumption
Annual,Final consumption - industry sector - energy use,Total,Thousand tonnes of oil equivalent,United Kingdom,2017,21625.725,energy_consumption
Annual,Final consumption - industry sector - energy use,Total,Thousand tonnes of oil equivalent,United Kingdom,2018,21689.348,energy_consumption
Annual,Final consumption - industry sector - energy use,Total,Thousand tonnes of oil equivalent,United Kingdom,2019,21118.796,energy_consumption
Annual,Final consumption - industry sector - energy use,Total,Thousand tonnes of oil equivalent,United Kingdom,2020,,energy_consumption
Annual,Final consumption - industry sector - energy use,Total,Thousand tonnes of oil equivalent,United Kingdom,2021,,energy_consumption
Annual,Final consumption - industry sector - energy use,Total,Thousand tonnes of oil equivalent,United Kingdom,2022,,energy_consumption
Annual,Final consumption - industry sector - energy use,Total,Thousand tonnes of oil equivalent,United Kingdom,2023,,energy_consumption
Annual,Final consumption - industry sector - energy use,Total,Thousand tonnes of oil equivalent,United Kingdom,2024,,energy_consumption
Annual,Final consumption - industry sector - energy use,Total,Thousand tonnes of oil equivalent,Montenegro,2013,183.351,energy_consumption
Annual,Final consumption - industry sector - energy use,Total,Thousand tonnes of oil equivalent,Montenegro,2014,133.191,energy_consumption
Annual,Final consumption - industry sector - energy use,Total,Thousand tonnes of oil equivalent,Montenegro,2015,131.817,energy_consumption
Annual,Final consumption - industry sector - energy use,Total,Thousand tonnes of oil equivalent,Montenegro,2016,120.024,energy_consumption
Annual,Final consumption - industry sector - energy use,Total,Thousand tonnes of oil equivalent,Montenegro,2017,139.009,energy_consumption
Annual,Final consumption - industry sector - energy use,Total,Thousand tonnes of oil equivalent,Montenegro,2018,135.524,energy_consumption
Annual,Final consumption - industry sector - energy use,Total,Thousand tonnes of oil equivalent,Montenegro,2019,137.222,energy_consumption
Annual,Final consumption - industry sector - energy use,Total,Thousand tonnes of oil equivalent,Montenegro,2020,133.129,energy_consumption
Annual,Final consumption - industry sector - energy use,Total,Thousand tonnes of oil equivalent,Montenegro,2021,138.656,energy_consumption
Annual,Final consumption - industry sector - energy use,Total,Thousand tonnes of oil equivalent,Montenegro,2022,89.434,energy_consumption
Annual,Final consumption - industry sector - energy use,Total,Thousand tonnes of oil equivalent,Montenegro,2023,85.137,energy_consumption
Annual,Final consumption - industry sector - energy use,Total,Thousand tonnes of oil equivalent,Montenegro,2024,87.303,energy_consumption
Annual,Final consumption - industry sector - energy use,Total,Thousand tonnes of oil equivalent,North Macedonia,2013,555.332,energy_consumption
Annual,Final consumption - industry sector - energy use,Total,Thousand tonnes of oil equivalent,North Macedonia,2014,517.614,energy_consumption
Annual,Final consumption - industry sector - energy use,Total,Thousand tonnes of oil equivalent,North Macedonia,2015,474.779,energy_consumption
Annual,Final consumption - industry sector - energy use,Total,Thousand tonnes of oil equivalent,North Macedonia,2016,441.263,energy_consumption
Annual,Final consumption - industry sector - energy use,Total,Thousand tonnes of oil equivalent,North Macedonia,2017,388.256,energy_consumption
Annual,Final consumption - industry sector - energy use,Total,Thousand tonnes of oil equivalent,North Macedonia,2018,412.335,energy_consumption
Annual,Final consumption - industry sector - energy use,Total,Thousand tonnes of oil equivalent,North Macedonia,2019,450.049,energy_consumption
Annual,Final consumption - industry sector - energy use,Total,Thousand tonnes of oil equivalent,North Macedonia,2020,460.846,energy_consumption
Annual,Final consumption - industry sector - energy use,Total,Thousand tonnes of oil equivalent,North Macedonia,2021,483.86,energy_consumption
Annual,Final consumption - industry sector - energy use,Total,Thousand tonnes of oil equivalent,North Macedonia,2022,373.789,energy_consumption
Annual,Final consumption - industry sector - energy use,Total,Thousand tonnes of oil equivalent,North Macedonia,2023,337.602,energy_consumption
Annual,Final consumption - industry sector - energy use,Total,Thousand tonnes of oil equivalent,North Macedonia,2024,307.934,energy_consumption
Annual,Final consumption - industry sector - energy use,Total,Thousand tonnes of oil equivalent,Albania,2013,281.451,energy_consumption
Annual,Final consumption - industry sector - energy use,Total,Thousand tonnes of oil equivalent,Albania,2014,372.768,energy_consumption
Annual,Final consumption - industry sector - energy use,Total,Thousand tonnes of oil equivalent,Albania,2015,301.176,energy_consumption
Annual,Final consumption - industry sector - energy use,Total,Thousand tonnes of oil equivalent,Albania,2016,285.923,energy_consumption
Annual,Final consumption - industry sector - energy use,Total,Thousand tonnes of oil equivalent,Albania,2017,405.514,energy_consumption
Annual,Final consumption - industry sector - energy use,Total,Thousand tonnes of oil equivalent,Albania,2018,457.432,energy_consumption
Annual,Final consumption - industry sector - energy use,Total,Thousand tonnes of oil equivalent,Albania,2019,366.407,energy_consumption
Annual,Final consumption - industry sector - energy use,Total,Thousand tonnes of oil equivalent,Albania,2020,385.24,energy_consumption
Annual,Final consumption - industry sector - energy use,Total,Thousand tonnes of oil equivalent,Albania,2021,446.307,energy_consumption
Annual,Final consumption - industry sector - energy use,Total,Thousand tonnes of oil equivalent,Albania,2022,430.752,energy_consumption
Annual,Final consumption - industry sector - energy use,Total,Thousand tonnes of oil equivalent,Albania,2023,403.808,energy_consumption
Annual,Final consumption - industry sector - energy use,Total,Thousand tonnes of oil equivalent,Albania,2024,409.139,energy_consumption
Annual,Final consumption - industry sector - energy use,Total,Thousand tonnes of oil equivalent,Serbia,2013,2395.892,energy_consumption
Annual,Final consumption - industry sector - energy use,Total,Thousand tonnes of oil equivalent,Serbia,2014,1955.714,energy_consumption
Annual,Final consumption - industry sector - energy use,Total,Thousand tonnes of oil equivalent,Serbia,2015,2046.578,energy_consumption
Annual,Final consumption - industry sector - energy use,Total,Thousand tonnes of oil equivalent,Serbia,2016,2174.093,energy_consumption
Annual,Final consumption - industry sector - energy use,Total,Thousand tonnes of oil equivalent,Serbia,2017,2266.02,energy_consumption
Annual,Final consumption - industry sector - energy use,Total,Thousand tonnes of oil equivalent,Serbia,2018,2397.904,energy_consumption
Annual,Final consumption - industry sector - energy use,Total,Thousand tonnes of oil equivalent,Serbia,2019,2211.385,energy_consumption
Annual,Final consumption - industry sector - energy use,Total,Thousand tonnes of oil equivalent,Serbia,2020,2025.761,energy_consumption
Annual,Final consumption - industry sector - energy use,Total,Thousand tonnes of oil equivalent,Serbia,2021,2119.302,energy_consumption
Annual,Final consumption - industry sector - energy use,Total,Thousand tonnes of oil equivalent,Serbia,2022,2241.068,energy_consumption
Annual,Final consumption - industry sector - energy use,Total,Thousand tonnes of oil equivalent,Serbia,2023,2230.487,energy_consumption
Annual,Final consumption - industry sector - energy use,Total,Thousand tonnes of oil equivalent,Serbia,2024,2219.956,energy_consumption
Annual,Final consumption - industry sector - energy use,Total,Thousand tonnes of oil equivalent,Türkiye,2013,24029.04,energy_consumption
Annual,Final consumption - industry sector - energy use,Total,Thousand tonnes of oil equivalent,Türkiye,2014,25101.897,energy_consumption
Annual,Final consumption - industry sector - energy use,Total,Thousand tonnes of oil equivalent,Türkiye,2015,26109.622,energy_consumption
Annual,Final consumption - industry sector - energy use,Total,Thousand tonnes of oil equivalent,Türkiye,2016,26330.093,energy_consumption
Annual,Final consumption - industry sector - energy use,Total,Thousand tonnes of oil equivalent,Türkiye,2017,32121.826,energy_consumption
Annual,Final consumption - industry sector - energy use,Total,Thousand tonnes of oil equivalent,Türkiye,2018,32331.058,energy_consumption
Annual,Final consumption - industry sector - energy use,Total,Thousand tonnes of oil equivalent,Türkiye,2019,30491.713,energy_consumption
Annual,Final consumption - industry sector - energy use,Total,Thousand tonnes of oil equivalent,Türkiye,2020,32577.26,energy_consumption
Annual,Final consumption - industry sector - energy use,Total,Thousand tonnes of oil equivalent,Türkiye,2021,36752.141,energy_consumption
Annual,Final consumption - industry sector - energy use,Total,Thousand tonnes of oil equivalent,Türkiye,2022,33339.942,energy_consumption
Annual,Final consumption - industry sector - energy use,Total,Thousand tonnes of oil equivalent,Türkiye,2023,32514.15,energy_consumption
Annual,Final consumption - industry sector - energy use,Total,Thousand tonnes of oil equivalent,Türkiye,2024,35201.438,energy_consumption
Annual,Final consumption - industry sector - energy use,Total,Thousand tonnes of oil equivalent,Bosnia and Herzegovina,2013,,energy_consumption
Annual,Final consumption - industry sector - energy use,Total,Thousand tonnes of oil equivalent,Bosnia and Herzegovina,2014,717.286,energy_consumption
Annual,Final consumption - industry sector - energy use,Total,Thousand tonnes of oil equivalent,Bosnia and Herzegovina,2015,756.627,energy_consumption
Annual,Final consumption - industry sector - energy use,Total,Thousand tonnes of oil equivalent,Bosnia and Herzegovina,2016,754.104,energy_consumption
Annual,Final consumption - industry sector - energy use,Total,Thousand tonnes of oil equivalent,Bosnia and Herzegovina,2017,828.931,energy_consumption
Annual,Final consumption - industry sector - energy use,Total,Thousand tonnes of oil equivalent,Bosnia and Herzegovina,2018,863.498,energy_consumption
Annual,Final consumption - industry sector - energy use,Total,Thousand tonnes of oil equivalent,Bosnia and Herzegovina,2019,752.725,energy_consumption
Annual,Final consumption - industry sector - energy use,Total,Thousand tonnes of oil equivalent,Bosnia and Herzegovina,2020,600.61,energy_consumption
Annual,Final consumption - industry sector - energy use,Total,Thousand tonnes of oil equivalent,Bosnia and Herzegovina,2021,703.358,energy_consumption
Annual,Final consumption - industry sector - energy use,Total,Thousand tonnes of oil equivalent,Bosnia and Herzegovina,2022,664.959,energy_consumption
Annual,Final consumption - industry sector - energy use,Total,Thousand tonnes of oil equivalent,Bosnia and Herzegovina,2023,561.031,energy_consumption
Annual,Final consumption - industry sector - energy use,Total,Thousand tonnes of oil equivalent,Bosnia and Herzegovina,2024,701.397,energy_consumption
Annual,Final consumption - industry sector - energy use,Total,Thousand tonnes of oil equivalent,Georgia,2013,732.581,energy_consumption
Annual,Final consumption - industry sector - energy use,Total,Thousand tonnes of oil equivalent,Georgia,2014,759.094,energy_consumption
Annual,Final consumption - industry sector - energy use,Total,Thousand tonnes of oil equivalent,Georgia,2015,776.551,energy_consumption
Annual,Final consumption - industry sector - energy use,Total,Thousand tonnes of oil equivalent,Georgia,2016,747.355,energy_consumption
Annual,Final consumption - industry sector - energy use,Total,Thousand tonnes of oil equivalent,Georgia,2017,836.142,energy_consumption
Annual,Final consumption - industry sector - energy use,Total,Thousand tonnes of oil equivalent,Georgia,2018,868.278,energy_consumption
Annual,Final consumption - industry sector - energy use,Total,Thousand tonnes of oil equivalent,Georgia,2019,822.425,energy_consumption
Annual,Final consumption - industry sector - energy use,Total,Thousand tonnes of oil equivalent,Georgia,2020,783.177,energy_consumption
Annual,Final consumption - industry sector - energy use,Total,Thousand tonnes of oil equivalent,Georgia,2021,826.807,energy_consumption
Annual,Final consumption - industry sector - energy use,Total,Thousand tonnes of oil equivalent,Georgia,2022,890.856,energy_consumption
Annual,Final consumption - industry sector - energy use,Total,Thousand tonnes of oil equivalent,Georgia,2023,777.133,energy_consumption
Annual,Final consumption - industry sector - energy use,Total,Thousand tonnes of oil equivalent,Georgia,2024,798.587,energy_consumption
Annual,Final consumption - industry sector - energy use,Total,Thousand tonnes of oil equivalent,Moldova,2013,250.298,energy_consumption
Annual,Final consumption - industry sector - energy use,Total,Thousand tonnes of oil equivalent,Moldova,2014,227.156,energy_consumption
Annual,Final consumption - industry sector - energy use,Total,Thousand tonnes of oil equivalent,Moldova,2015,212.33,energy_consumption
Annual,Final consumption - industry sector - energy use,Total,Thousand tonnes of oil equivalent,Moldova,2016,196.056,energy_consumption
Annual,Final consumption - industry sector - energy use,Total,Thousand tonnes of oil equivalent,Moldova,2017,211.736,energy_consumption
Annual,Final consumption - industry sector - energy use,Total,Thousand tonnes of oil equivalent,Moldova,2018,248.859,energy_consumption
Annual,Final consumption - industry sector - energy use,Total,Thousand tonnes of oil equivalent,Moldova,2019,231.5,energy_consumption
Annual,Final consumption - industry sector - energy use,Total,Thousand tonnes of oil equivalent,Moldova,2020,224.167,energy_consumption
Annual,Final consumption - industry sector - energy use,Total,Thousand tonnes of oil equivalent,Moldova,2021,246.109,energy_consumption
Annual,Final consumption - industry sector - energy use,Total,Thousand tonnes of oil equivalent,Moldova,2022,213.867,energy_consumption
Annual,Final consumption - industry sector - energy use,Total,Thousand tonnes of oil equivalent,Moldova,2023,191.982,energy_consumption
Annual,Final consumption - industry sector - energy use,Total,Thousand tonnes of oil equivalent,Moldova,2024,201.047,energy_consumption
Annual,Final consumption - industry sector - energy use,Total,Thousand tonnes of oil equivalent,Ukraine,2013,21841.758,energy_consumption
Annual,Final consumption - industry sector - energy use,Total,Thousand tonnes of oil equivalent,Ukraine,2014,20568.374,energy_consumption
Annual,Final consumption - industry sector - energy use,Total,Thousand tonnes of oil equivalent,Ukraine,2015,16377.631,energy_consumption
Annual,Final consumption - industry sector - energy use,Total,Thousand tonnes of oil equivalent,Ukraine,2016,15512.409,energy_consumption
Annual,Final consumption - industry sector - energy use,Total,Thousand tonnes of oil equivalent,Ukraine,2017,15094.859,energy_consumption
Annual,Final consumption - industry sector - energy use,Total,Thousand tonnes of oil equivalent,Ukraine,2018,16416.222,energy_consumption
Annual,Final consumption - industry sector - energy use,Total,Thousand tonnes of oil equivalent,Ukraine,2019,16126.577,energy_consumption
Annual,Final consumption - industry sector - energy use,Total,Thousand tonnes of oil equivalent,Ukraine,2020,15979.57,energy_consumption
Annual,Final consumption - industry sector - energy use,Total,Thousand tonnes of oil equivalent,Ukraine,2021,,energy_consumption
Annual,Final consumption - industry sector - energy use,Total,Thousand tonnes of oil equivalent,Ukraine,2022,,energy_consumption
Annual,Final consumption - industry sector - energy use,Total,Thousand tonnes of oil equivalent,Ukraine,2023,,energy_consumption
Annual,Final consumption - industry sector - energy use,Total,Thousand tonnes of oil equivalent,Ukraine,2024,,energy_consumption
Annual,Final consumption - industry sector - energy use,Total,Thousand tonnes of oil equivalent,Kosovo*,2013,262.9,energy_consumption
Annual,Final consumption - industry sector - energy use,Total,Thousand tonnes of oil equivalent,Kosovo*,2014,245.253,energy_consumption
Annual,Final consumption - industry sector - energy use,Total,Thousand tonnes of oil equivalent,Kosovo*,2015,307.181,energy_consumption
Annual,Final consumption - industry sector - energy use,Total,Thousand tonnes of oil equivalent,Kosovo*,2016,281.257,energy_consumption
Annual,Final consumption - industry sector - energy use,Total,Thousand tonnes of oil equivalent,Kosovo*,2017,313.24,energy_consumption
Annual,Final consumption - industry sector - energy use,Total,Thousand tonnes of oil equivalent,Kosovo*,2018,281.795,energy_consumption
Annual,Final consumption - industry sector - energy use,Total,Thousand tonnes of oil equivalent,Kosovo*,2019,299.97,energy_consumption
Annual,Final consumption - industry sector - energy use,Total,Thousand tonnes of oil equivalent,Kosovo*,2020,302.386,energy_consumption
Annual,Final consumption - industry sector - energy use,Total,Thousand tonnes of oil equivalent,Kosovo*,2021,328.236,energy_consumption
Annual,Final consumption - industry sector - energy use,Total,Thousand tonnes of oil equivalent,Kosovo*,2022,298.207,energy_consumption
Annual,Final consumption - industry sector - energy use,Total,Thousand tonnes of oil equivalent,Kosovo*,2023,316.098,energy_consumption
Annual,Final consumption - industry sector - energy use,Total,Thousand tonnes of oil equivalent,Kosovo*,2024,297.778,energy_consumption
Annual,Final consumption - transport sector - energy use,Total,Thousand tonnes of oil equivalent,European Union - 27 countries (from 2020),2013,261308.76,energy_consumption
Annual,Final consumption - transport sector - energy use,Total,Thousand tonnes of oil equivalent,European Union - 27 countries (from 2020),2014,264353.645,energy_consumption
Annual,Final consumption - transport sector - energy use,Total,Thousand tonnes of oil equivalent,European Union - 27 countries (from 2020),2015,267757.523,energy_consumption
Annual,Final consumption - transport sector - energy use,Total,Thousand tonnes of oil equivalent,European Union - 27 countries (from 2020),2016,274005.822,energy_consumption
Annual,Final consumption - transport sector - energy use,Total,Thousand tonnes of oil equivalent,European Union - 27 countries (from 2020),2017,279688.819,energy_consumption
Annual,Final consumption - transport sector - energy use,Total,Thousand tonnes of oil equivalent,European Union - 27 countries (from 2020),2018,281142.642,energy_consumption
Annual,Final consumption - transport sector - energy use,Total,Thousand tonnes of oil equivalent,European Union - 27 countries (from 2020),2019,283526.037,energy_consumption
Annual,Final consumption - transport sector - energy use,Total,Thousand tonnes of oil equivalent,European Union - 27 countries (from 2020),2020,246932.865,energy_consumption
Annual,Final consumption - transport sector - energy use,Total,Thousand tonnes of oil equivalent,European Union - 27 countries (from 2020),2021,267529.55,energy_consumption
Annual,Final consumption - transport sector - energy use,Total,Thousand tonnes of oil equivalent,European Union - 27 countries (from 2020),2022,274731.279,energy_consumption
Annual,Final consumption - transport sector - energy use,Total,Thousand tonnes of oil equivalent,European Union - 27 countries (from 2020),2023,273703.221,energy_consumption
Annual,Final consumption - transport sector - energy use,Total,Thousand tonnes of oil equivalent,European Union - 27 countries (from 2020),2024,277570.543,energy_consumption
Annual,Final consumption - transport sector - energy use,Total,Thousand tonnes of oil equivalent,Euro area – 21 countries (from 2026),2013,,energy_consumption
Annual,Final consumption - transport sector - energy use,Total,Thousand tonnes of oil equivalent,Euro area – 21 countries (from 2026),2014,,energy_consumption
Annual,Final consumption - transport sector - energy use,Total,Thousand tonnes of oil equivalent,Euro area – 21 countries (from 2026),2015,,energy_consumption
Annual,Final consumption - transport sector - energy use,Total,Thousand tonnes of oil equivalent,Euro area – 21 countries (from 2026),2016,,energy_consumption
Annual,Final consumption - transport sector - energy use,Total,Thousand tonnes of oil equivalent,Euro area – 21 countries (from 2026),2017,,energy_consumption
Annual,Final consumption - transport sector - energy use,Total,Thousand tonnes of oil equivalent,Euro area – 21 countries (from 2026),2018,,energy_consumption
Annual,Final consumption - transport sector - energy use,Total,Thousand tonnes of oil equivalent,Euro area – 21 countries (from 2026),2019,,energy_consumption
Annual,Final consumption - transport sector - energy use,Total,Thousand tonnes of oil equivalent,Euro area – 21 countries (from 2026),2020,,energy_consumption
Annual,Final consumption - transport sector - energy use,Total,Thousand tonnes of oil equivalent,Euro area – 21 countries (from 2026),2021,,energy_consumption
Annual,Final consumption - transport sector - energy use,Total,Thousand tonnes of oil equivalent,Euro area – 21 countries (from 2026),2022,,energy_consumption
Annual,Final consumption - transport sector - energy use,Total,Thousand tonnes of oil equivalent,Euro area – 21 countries (from 2026),2023,,energy_consumption
Annual,Final consumption - transport sector - energy use,Total,Thousand tonnes of oil equivalent,Euro area – 21 countries (from 2026),2024,,energy_consumption
Annual,Final consumption - transport sector - energy use,Total,Thousand tonnes of oil equivalent,Euro area – 20 countries (2023-2025),2013,,energy_consumption
Annual,Final consumption - transport sector - energy use,Total,Thousand tonnes of oil equivalent,Euro area – 20 countries (2023-2025),2014,,energy_consumption
Annual,Final consumption - transport sector - energy use,Total,Thousand tonnes of oil equivalent,Euro area – 20 countries (2023-2025),2015,,energy_consumption
Annual,Final consumption - transport sector - energy use,Total,Thousand tonnes of oil equivalent,Euro area – 20 countries (2023-2025),2016,,energy_consumption
Annual,Final consumption - transport sector - energy use,Total,Thousand tonnes of oil equivalent,Euro area – 20 countries (2023-2025),2017,,energy_consumption
Annual,Final consumption - transport sector - energy use,Total,Thousand tonnes of oil equivalent,Euro area – 20 countries (2023-2025),2018,,energy_consumption
Annual,Final consumption - transport sector - energy use,Total,Thousand tonnes of oil equivalent,Euro area – 20 countries (2023-2025),2019,,energy_consumption
Annual,Final consumption - transport sector - energy use,Total,Thousand tonnes of oil equivalent,Euro area – 20 countries (2023-2025),2020,,energy_consumption
Annual,Final consumption - transport sector - energy use,Total,Thousand tonnes of oil equivalent,Euro area – 20 countries (2023-2025),2021,,energy_consumption
Annual,Final consumption - transport sector - energy use,Total,Thousand tonnes of oil equivalent,Euro area – 20 countries (2023-2025),2022,,energy_consumption
Annual,Final consumption - transport sector - energy use,Total,Thousand tonnes of oil equivalent,Euro area – 20 countries (2023-2025),2023,,energy_consumption
Annual,Final consumption - transport sector - energy use,Total,Thousand tonnes of oil equivalent,Euro area – 20 countries (2023-2025),2024,,energy_consumption
Annual,Final consumption - transport sector - energy use,Total,Thousand tonnes of oil equivalent,Euro area - 19 countries  (2015-2022),2013,,energy_consumption
Annual,Final consumption - transport sector - energy use,Total,Thousand tonnes of oil equivalent,Euro area - 19 countries  (2015-2022),2014,,energy_consumption
Annual,Final consumption - transport sector - energy use,Total,Thousand tonnes of oil equivalent,Euro area - 19 countries  (2015-2022),2015,,energy_consumption
Annual,Final consumption - transport sector - energy use,Total,Thousand tonnes of oil equivalent,Euro area - 19 countries  (2015-2022),2016,,energy_consumption
Annual,Final consumption - transport sector - energy use,Total,Thousand tonnes of oil equivalent,Euro area - 19 countries  (2015-2022),2017,,energy_consumption
Annual,Final consumption - transport sector - energy use,Total,Thousand tonnes of oil equivalent,Euro area - 19 countries  (2015-2022),2018,,energy_consumption
Annual,Final consumption - transport sector - energy use,Total,Thousand tonnes of oil equivalent,Euro area - 19 countries  (2015-2022),2019,,energy_consumption
Annual,Final consumption - transport sector - energy use,Total,Thousand tonnes of oil equivalent,Euro area - 19 countries  (2015-2022),2020,,energy_consumption
Annual,Final consumption - transport sector - energy use,Total,Thousand tonnes of oil equivalent,Euro area - 19 countries  (2015-2022),2021,,energy_consumption
Annual,Final consumption - transport sector - energy use,Total,Thousand tonnes of oil equivalent,Euro area - 19 countries  (2015-2022),2022,,energy_consumption
Annual,Final consumption - transport sector - energy use,Total,Thousand tonnes of oil equivalent,Euro area - 19 countries  (2015-2022),2023,,energy_consumption
Annual,Final consumption - transport sector - energy use,Total,Thousand tonnes of oil equivalent,Euro area - 19 countries  (2015-2022),2024,,energy_consumption
Annual,Final consumption - transport sector - energy use,Total,Thousand tonnes of oil equivalent,Belgium,2013,8393.755,energy_consumption
Annual,Final consumption - transport sector - energy use,Total,Thousand tonnes of oil equivalent,Belgium,2014,8526.894,energy_consumption
Annual,Final consumption - transport sector - energy use,Total,Thousand tonnes of oil equivalent,Belgium,2015,8910.92,energy_consumption
Annual,Final consumption - transport sector - energy use,Total,Thousand tonnes of oil equivalent,Belgium,2016,9005.12,energy_consumption
Annual,Final consumption - transport sector - energy use,Total,Thousand tonnes of oil equivalent,Belgium,2017,8857.471,energy_consumption
Annual,Final consumption - transport sector - energy use,Total,Thousand tonnes of oil equivalent,Belgium,2018,8901.812,energy_consumption
Annual,Final consumption - transport sector - energy use,Total,Thousand tonnes of oil equivalent,Belgium,2019,8839.793,energy_consumption
Annual,Final consumption - transport sector - energy use,Total,Thousand tonnes of oil equivalent,Belgium,2020,7745.474,energy_consumption
Annual,Final consumption - transport sector - energy use,Total,Thousand tonnes of oil equivalent,Belgium,2021,8561.249,energy_consumption
Annual,Final consumption - transport sector - energy use,Total,Thousand tonnes of oil equivalent,Belgium,2022,8694.924,energy_consumption
Annual,Final consumption - transport sector - energy use,Total,Thousand tonnes of oil equivalent,Belgium,2023,8882.42,energy_consumption
Annual,Final consumption - transport sector - energy use,Total,Thousand tonnes of oil equivalent,Belgium,2024,8920.858,energy_consumption
Annual,Final consumption - transport sector - energy use,Total,Thousand tonnes of oil equivalent,Bulgaria,2013,2620.341,energy_consumption
Annual,Final consumption - transport sector - energy use,Total,Thousand tonnes of oil equivalent,Bulgaria,2014,2916.487,energy_consumption
Annual,Final consumption - transport sector - energy use,Total,Thousand tonnes of oil equivalent,Bulgaria,2015,3211.585,energy_consumption
Annual,Final consumption - transport sector - energy use,Total,Thousand tonnes of oil equivalent,Bulgaria,2016,3268.077,energy_consumption
Annual,Final consumption - transport sector - energy use,Total,Thousand tonnes of oil equivalent,Bulgaria,2017,3324.915,energy_consumption
Annual,Final consumption - transport sector - energy use,Total,Thousand tonnes of oil equivalent,Bulgaria,2018,3374.736,energy_consumption
Annual,Final consumption - transport sector - energy use,Total,Thousand tonnes of oil equivalent,Bulgaria,2019,3413.546,energy_consumption
Annual,Final consumption - transport sector - energy use,Total,Thousand tonnes of oil equivalent,Bulgaria,2020,3209.758,energy_consumption
Annual,Final consumption - transport sector - energy use,Total,Thousand tonnes of oil equivalent,Bulgaria,2021,3434.583,energy_consumption
Annual,Final consumption - transport sector - energy use,Total,Thousand tonnes of oil equivalent,Bulgaria,2022,3468.082,energy_consumption
Annual,Final consumption - transport sector - energy use,Total,Thousand tonnes of oil equivalent,Bulgaria,2023,3527.768,energy_consumption
Annual,Final consumption - transport sector - energy use,Total,Thousand tonnes of oil equivalent,Bulgaria,2024,3748.692,energy_consumption
Annual,Final consumption - transport sector - energy use,Total,Thousand tonnes of oil equivalent,Czechia,2013,5738.681,energy_consumption
Annual,Final consumption - transport sector - energy use,Total,Thousand tonnes of oil equivalent,Czechia,2014,5948.768,energy_consumption
Annual,Final consumption - transport sector - energy use,Total,Thousand tonnes of oil equivalent,Czechia,2015,6195.22,energy_consumption
Annual,Final consumption - transport sector - energy use,Total,Thousand tonnes of oil equivalent,Czechia,2016,6417.093,energy_consumption
Annual,Final consumption - transport sector - energy use,Total,Thousand tonnes of oil equivalent,Czechia,2017,6617.264,energy_consumption
Annual,Final consumption - transport sector - energy use,Total,Thousand tonnes of oil equivalent,Czechia,2018,6659.891,energy_consumption
Annual,Final consumption - transport sector - energy use,Total,Thousand tonnes of oil equivalent,Czechia,2019,6778.778,energy_consumption
Annual,Final consumption - transport sector - energy use,Total,Thousand tonnes of oil equivalent,Czechia,2020,6377.501,energy_consumption
Annual,Final consumption - transport sector - energy use,Total,Thousand tonnes of oil equivalent,Czechia,2021,6749.252,energy_consumption
Annual,Final consumption - transport sector - energy use,Total,Thousand tonnes of oil equivalent,Czechia,2022,6888.929,energy_consumption
Annual,Final consumption - transport sector - energy use,Total,Thousand tonnes of oil equivalent,Czechia,2023,7027.815,energy_consumption
Annual,Final consumption - transport sector - energy use,Total,Thousand tonnes of oil equivalent,Czechia,2024,7313.13,energy_consumption
Annual,Final consumption - transport sector - energy use,Total,Thousand tonnes of oil equivalent,Denmark,2013,4160.553,energy_consumption
Annual,Final consumption - transport sector - energy use,Total,Thousand tonnes of oil equivalent,Denmark,2014,4202.481,energy_consumption
Annual,Final consumption - transport sector - energy use,Total,Thousand tonnes of oil equivalent,Denmark,2015,4282.158,energy_consumption
Annual,Final consumption - transport sector - energy use,Total,Thousand tonnes of oil equivalent,Denmark,2016,4379.51,energy_consumption
Annual,Final consumption - transport sector - energy use,Total,Thousand tonnes of oil equivalent,Denmark,2017,4439.864,energy_consumption
Annual,Final consumption - transport sector - energy use,Total,Thousand tonnes of oil equivalent,Denmark,2018,4482.557,energy_consumption
Annual,Final consumption - transport sector - energy use,Total,Thousand tonnes of oil equivalent,Denmark,2019,4425.357,energy_consumption
Annual,Final consumption - transport sector - energy use,Total,Thousand tonnes of oil equivalent,Denmark,2020,4115.267,energy_consumption
Annual,Final consumption - transport sector - energy use,Total,Thousand tonnes of oil equivalent,Denmark,2021,4204.096,energy_consumption
Annual,Final consumption - transport sector - energy use,Total,Thousand tonnes of oil equivalent,Denmark,2022,4137.566,energy_consumption
Annual,Final consumption - transport sector - energy use,Total,Thousand tonnes of oil equivalent,Denmark,2023,4100.048,energy_consumption
Annual,Final consumption - transport sector - energy use,Total,Thousand tonnes of oil equivalent,Denmark,2024,3794.339,energy_consumption
Annual,Final consumption - transport sector - energy use,Total,Thousand tonnes of oil equivalent,Germany,2013,54240.042,energy_consumption
Annual,Final consumption - transport sector - energy use,Total,Thousand tonnes of oil equivalent,Germany,2014,55445.775,energy_consumption
Annual,Final consumption - transport sector - energy use,Total,Thousand tonnes of oil equivalent,Germany,2015,55144.756,energy_consumption
Annual,Final consumption - transport sector - energy use,Total,Thousand tonnes of oil equivalent,Germany,2016,56556.589,energy_consumption
Annual,Final consumption - transport sector - energy use,Total,Thousand tonnes of oil equivalent,Germany,2017,57247.225,energy_consumption
Annual,Final consumption - transport sector - energy use,Total,Thousand tonnes of oil equivalent,Germany,2018,55470.398,energy_consumption
Annual,Final consumption - transport sector - energy use,Total,Thousand tonnes of oil equivalent,Germany,2019,56220.462,energy_consumption
Annual,Final consumption - transport sector - energy use,Total,Thousand tonnes of oil equivalent,Germany,2020,51000.996,energy_consumption
Annual,Final consumption - transport sector - energy use,Total,Thousand tonnes of oil equivalent,Germany,2021,49902.777,energy_consumption
Annual,Final consumption - transport sector - energy use,Total,Thousand tonnes of oil equivalent,Germany,2022,50725.775,energy_consumption
Annual,Final consumption - transport sector - energy use,Total,Thousand tonnes of oil equivalent,Germany,2023,49303.809,energy_consumption
Annual,Final consumption - transport sector - energy use,Total,Thousand tonnes of oil equivalent,Germany,2024,49522.114,energy_consumption
Annual,Final consumption - transport sector - energy use,Total,Thousand tonnes of oil equivalent,Estonia,2013,739.198,energy_consumption
Annual,Final consumption - transport sector - energy use,Total,Thousand tonnes of oil equivalent,Estonia,2014,741.51,energy_consumption
Annual,Final consumption - transport sector - energy use,Total,Thousand tonnes of oil equivalent,Estonia,2015,760.004,energy_consumption
Annual,Final consumption - transport sector - energy use,Total,Thousand tonnes of oil equivalent,Estonia,2016,776.895,energy_consumption
Annual,Final consumption - transport sector - energy use,Total,Thousand tonnes of oil equivalent,Estonia,2017,803.862,energy_consumption
Annual,Final consumption - transport sector - energy use,Total,Thousand tonnes of oil equivalent,Estonia,2018,834.796,energy_consumption
Annual,Final consumption - transport sector - energy use,Total,Thousand tonnes of oil equivalent,Estonia,2019,839.841,energy_consumption
Annual,Final consumption - transport sector - energy use,Total,Thousand tonnes of oil equivalent,Estonia,2020,795.628,energy_consumption
Annual,Final consumption - transport sector - energy use,Total,Thousand tonnes of oil equivalent,Estonia,2021,840.249,energy_consumption
Annual,Final consumption - transport sector - energy use,Total,Thousand tonnes of oil equivalent,Estonia,2022,845.746,energy_consumption
Annual,Final consumption - transport sector - energy use,Total,Thousand tonnes of oil equivalent,Estonia,2023,845.792,energy_consumption
Annual,Final consumption - transport sector - energy use,Total,Thousand tonnes of oil equivalent,Estonia,2024,993.989,energy_consumption
Annual,Final consumption - transport sector - energy use,Total,Thousand tonnes of oil equivalent,Ireland,2013,3687.124,energy_consumption
Annual,Final consumption - transport sector - energy use,Total,Thousand tonnes of oil equivalent,Ireland,2014,3837.801,energy_consumption
Annual,Final consumption - transport sector - energy use,Total,Thousand tonnes of oil equivalent,Ireland,2015,3886.315,energy_consumption
Annual,Final consumption - transport sector - energy use,Total,Thousand tonnes of oil equivalent,Ireland,2016,4098.28,energy_consumption
Annual,Final consumption - transport sector - energy use,Total,Thousand tonnes of oil equivalent,Ireland,2017,4089.782,energy_consumption
Annual,Final consumption - transport sector - energy use,Total,Thousand tonnes of oil equivalent,Ireland,2018,4135.463,energy_consumption
Annual,Final consumption - transport sector - energy use,Total,Thousand tonnes of oil equivalent,Ireland,2019,4165.639,energy_consumption
Annual,Final consumption - transport sector - energy use,Total,Thousand tonnes of oil equivalent,Ireland,2020,3520.769,energy_consumption
Annual,Final consumption - transport sector - energy use,Total,Thousand tonnes of oil equivalent,Ireland,2021,3750.888,energy_consumption
Annual,Final consumption - transport sector - energy use,Total,Thousand tonnes of oil equivalent,Ireland,2022,4020.029,energy_consumption
Annual,Final consumption - transport sector - energy use,Total,Thousand tonnes of oil equivalent,Ireland,2023,4104.541,energy_consumption
Annual,Final consumption - transport sector - energy use,Total,Thousand tonnes of oil equivalent,Ireland,2024,4112.536,energy_consumption
Annual,Final consumption - transport sector - energy use,Total,Thousand tonnes of oil equivalent,Greece,2013,5608.77,energy_consumption
Annual,Final consumption - transport sector - energy use,Total,Thousand tonnes of oil equivalent,Greece,2014,5635.497,energy_consumption
Annual,Final consumption - transport sector - energy use,Total,Thousand tonnes of oil equivalent,Greece,2015,5753.399,energy_consumption
Annual,Final consumption - transport sector - energy use,Total,Thousand tonnes of oil equivalent,Greece,2016,5897.048,energy_consumption
Annual,Final consumption - transport sector - energy use,Total,Thousand tonnes of oil equivalent,Greece,2017,5815.313,energy_consumption
Annual,Final consumption - transport sector - energy use,Total,Thousand tonnes of oil equivalent,Greece,2018,5897.204,energy_consumption
Annual,Final consumption - transport sector - energy use,Total,Thousand tonnes of oil equivalent,Greece,2019,6045.183,energy_consumption
Annual,Final consumption - transport sector - energy use,Total,Thousand tonnes of oil equivalent,Greece,2020,5141.857,energy_consumption
Annual,Final consumption - transport sector - energy use,Total,Thousand tonnes of oil equivalent,Greece,2021,5530.448,energy_consumption
Annual,Final consumption - transport sector - energy use,Total,Thousand tonnes of oil equivalent,Greece,2022,5866.033,energy_consumption
Annual,Final consumption - transport sector - energy use,Total,Thousand tonnes of oil equivalent,Greece,2023,6128.632,energy_consumption
Annual,Final consumption - transport sector - energy use,Total,Thousand tonnes of oil equivalent,Greece,2024,6351.373,energy_consumption
Annual,Final consumption - transport sector - energy use,Total,Thousand tonnes of oil equivalent,Spain,2013,28203.413,energy_consumption
Annual,Final consumption - transport sector - energy use,Total,Thousand tonnes of oil equivalent,Spain,2014,28427.13,energy_consumption
Annual,Final consumption - transport sector - energy use,Total,Thousand tonnes of oil equivalent,Spain,2015,29439.41,energy_consumption
Annual,Final consumption - transport sector - energy use,Total,Thousand tonnes of oil equivalent,Spain,2016,30631.963,energy_consumption
Annual,Final consumption - transport sector - energy use,Total,Thousand tonnes of oil equivalent,Spain,2017,31749.555,energy_consumption
Annual,Final consumption - transport sector - energy use,Total,Thousand tonnes of oil equivalent,Spain,2018,32513.6,energy_consumption
Annual,Final consumption - transport sector - energy use,Total,Thousand tonnes of oil equivalent,Spain,2019,32915.106,energy_consumption
Annual,Final consumption - transport sector - energy use,Total,Thousand tonnes of oil equivalent,Spain,2020,26059.067,energy_consumption
Annual,Final consumption - transport sector - energy use,Total,Thousand tonnes of oil equivalent,Spain,2021,30350.056,energy_consumption
Annual,Final consumption - transport sector - energy use,Total,Thousand tonnes of oil equivalent,Spain,2022,32477.593,energy_consumption
Annual,Final consumption - transport sector - energy use,Total,Thousand tonnes of oil equivalent,Spain,2023,32202.67,energy_consumption
Annual,Final consumption - transport sector - energy use,Total,Thousand tonnes of oil equivalent,Spain,2024,32870.13,energy_consumption
Annual,Final consumption - transport sector - energy use,Total,Thousand tonnes of oil equivalent,France,2013,45952.726,energy_consumption
Annual,Final consumption - transport sector - energy use,Total,Thousand tonnes of oil equivalent,France,2014,45917.605,energy_consumption
Annual,Final consumption - transport sector - energy use,Total,Thousand tonnes of oil equivalent,France,2015,46491.623,energy_consumption
Annual,Final consumption - transport sector - energy use,Total,Thousand tonnes of oil equivalent,France,2016,46744.528,energy_consumption
Annual,Final consumption - transport sector - energy use,Total,Thousand tonnes of oil equivalent,France,2017,46943.875,energy_consumption
Annual,Final consumption - transport sector - energy use,Total,Thousand tonnes of oil equivalent,France,2018,46176.166,energy_consumption
Annual,Final consumption - transport sector - energy use,Total,Thousand tonnes of oil equivalent,France,2019,45890.949,energy_consumption
Annual,Final consumption - transport sector - energy use,Total,Thousand tonnes of oil equivalent,France,2020,38586.384,energy_consumption
Annual,Final consumption - transport sector - energy use,Total,Thousand tonnes of oil equivalent,France,2021,43830.653,energy_consumption
Annual,Final consumption - transport sector - energy use,Total,Thousand tonnes of oil equivalent,France,2022,45238.229,energy_consumption
Annual,Final consumption - transport sector - energy use,Total,Thousand tonnes of oil equivalent,France,2023,44181.249,energy_consumption
Annual,Final consumption - transport sector - energy use,Total,Thousand tonnes of oil equivalent,France,2024,44509.078,energy_consumption
Annual,Final consumption - transport sector - energy use,Total,Thousand tonnes of oil equivalent,Croatia,2013,1924.636,energy_consumption
Annual,Final consumption - transport sector - energy use,Total,Thousand tonnes of oil equivalent,Croatia,2014,1900.924,energy_consumption
Annual,Final consumption - transport sector - energy use,Total,Thousand tonnes of oil equivalent,Croatia,2015,1997.802,energy_consumption
Annual,Final consumption - transport sector - energy use,Total,Thousand tonnes of oil equivalent,Croatia,2016,2045.099,energy_consumption
Annual,Final consumption - transport sector - energy use,Total,Thousand tonnes of oil equivalent,Croatia,2017,2196.674,energy_consumption
Annual,Final consumption - transport sector - energy use,Total,Thousand tonnes of oil equivalent,Croatia,2018,2146.863,energy_consumption
Annual,Final consumption - transport sector - energy use,Total,Thousand tonnes of oil equivalent,Croatia,2019,2235.149,energy_consumption
Annual,Final consumption - transport sector - energy use,Total,Thousand tonnes of oil equivalent,Croatia,2020,1968.591,energy_consumption
Annual,Final consumption - transport sector - energy use,Total,Thousand tonnes of oil equivalent,Croatia,2021,2147.878,energy_consumption
Annual,Final consumption - transport sector - energy use,Total,Thousand tonnes of oil equivalent,Croatia,2022,2234.877,energy_consumption
Annual,Final consumption - transport sector - energy use,Total,Thousand tonnes of oil equivalent,Croatia,2023,2488.585,energy_consumption
Annual,Final consumption - transport sector - energy use,Total,Thousand tonnes of oil equivalent,Croatia,2024,2747.48,energy_consumption
Annual,Final consumption - transport sector - energy use,Total,Thousand tonnes of oil equivalent,Italy,2013,35701.272,energy_consumption
Annual,Final consumption - transport sector - energy use,Total,Thousand tonnes of oil equivalent,Italy,2014,37009.372,energy_consumption
Annual,Final consumption - transport sector - energy use,Total,Thousand tonnes of oil equivalent,Italy,2015,36374.374,energy_consumption
Annual,Final consumption - transport sector - energy use,Total,Thousand tonnes of oil equivalent,Italy,2016,35814.501,energy_consumption
Annual,Final consumption - transport sector - energy use,Total,Thousand tonnes of oil equivalent,Italy,2017,34525.408,energy_consumption
Annual,Final consumption - transport sector - energy use,Total,Thousand tonnes of oil equivalent,Italy,2018,35579.484,energy_consumption
Annual,Final consumption - transport sector - energy use,Total,Thousand tonnes of oil equivalent,Italy,2019,35861.202,energy_consumption
Annual,Final consumption - transport sector - energy use,Total,Thousand tonnes of oil equivalent,Italy,2020,28976.458,energy_consumption
Annual,Final consumption - transport sector - energy use,Total,Thousand tonnes of oil equivalent,Italy,2021,34801.761,energy_consumption
Annual,Final consumption - transport sector - energy use,Total,Thousand tonnes of oil equivalent,Italy,2022,36684.754,energy_consumption
Annual,Final consumption - transport sector - energy use,Total,Thousand tonnes of oil equivalent,Italy,2023,37105.49,energy_consumption
Annual,Final consumption - transport sector - energy use,Total,Thousand tonnes of oil equivalent,Italy,2024,38137.662,energy_consumption
Annual,Final consumption - transport sector - energy use,Total,Thousand tonnes of oil equivalent,Cyprus,2013,619.936,energy_consumption
Annual,Final consumption - transport sector - energy use,Total,Thousand tonnes of oil equivalent,Cyprus,2014,599.542,energy_consumption
Annual,Final consumption - transport sector - energy use,Total,Thousand tonnes of oil equivalent,Cyprus,2015,621.949,energy_consumption
Annual,Final consumption - transport sector - energy use,Total,Thousand tonnes of oil equivalent,Cyprus,2016,658.147,energy_consumption
Annual,Final consumption - transport sector - energy use,Total,Thousand tonnes of oil equivalent,Cyprus,2017,681.155,energy_consumption
Annual,Final consumption - transport sector - energy use,Total,Thousand tonnes of oil equivalent,Cyprus,2018,684.771,energy_consumption
Annual,Final consumption - transport sector - energy use,Total,Thousand tonnes of oil equivalent,Cyprus,2019,692.28,energy_consumption
Annual,Final consumption - transport sector - energy use,Total,Thousand tonnes of oil equivalent,Cyprus,2020,617.554,energy_consumption
Annual,Final consumption - transport sector - energy use,Total,Thousand tonnes of oil equivalent,Cyprus,2021,661.604,energy_consumption
Annual,Final consumption - transport sector - energy use,Total,Thousand tonnes of oil equivalent,Cyprus,2022,654.346,energy_consumption
Annual,Final consumption - transport sector - energy use,Total,Thousand tonnes of oil equivalent,Cyprus,2023,683.163,energy_consumption
Annual,Final consumption - transport sector - energy use,Total,Thousand tonnes of oil equivalent,Cyprus,2024,697.338,energy_consumption
Annual,Final consumption - transport sector - energy use,Total,Thousand tonnes of oil equivalent,Latvia,2013,939.54,energy_consumption
Annual,Final consumption - transport sector - energy use,Total,Thousand tonnes of oil equivalent,Latvia,2014,982.367,energy_consumption
Annual,Final consumption - transport sector - energy use,Total,Thousand tonnes of oil equivalent,Latvia,2015,1037.65,energy_consumption
Annual,Final consumption - transport sector - energy use,Total,Thousand tonnes of oil equivalent,Latvia,2016,1033.562,energy_consumption
Annual,Final consumption - transport sector - energy use,Total,Thousand tonnes of oil equivalent,Latvia,2017,1080.824,energy_consumption
Annual,Final consumption - transport sector - energy use,Total,Thousand tonnes of oil equivalent,Latvia,2018,1108.725,energy_consumption
Annual,Final consumption - transport sector - energy use,Total,Thousand tonnes of oil equivalent,Latvia,2019,1098.869,energy_consumption
Annual,Final consumption - transport sector - energy use,Total,Thousand tonnes of oil equivalent,Latvia,2020,1045.5,energy_consumption
Annual,Final consumption - transport sector - energy use,Total,Thousand tonnes of oil equivalent,Latvia,2021,1077.062,energy_consumption
Annual,Final consumption - transport sector - energy use,Total,Thousand tonnes of oil equivalent,Latvia,2022,1022.107,energy_consumption
Annual,Final consumption - transport sector - energy use,Total,Thousand tonnes of oil equivalent,Latvia,2023,1021.614,energy_consumption
Annual,Final consumption - transport sector - energy use,Total,Thousand tonnes of oil equivalent,Latvia,2024,966.262,energy_consumption
Annual,Final consumption - transport sector - energy use,Total,Thousand tonnes of oil equivalent,Lithuania,2013,1502.068,energy_consumption
Annual,Final consumption - transport sector - energy use,Total,Thousand tonnes of oil equivalent,Lithuania,2014,1662.623,energy_consumption
Annual,Final consumption - transport sector - energy use,Total,Thousand tonnes of oil equivalent,Lithuania,2015,1750.186,energy_consumption
Annual,Final consumption - transport sector - energy use,Total,Thousand tonnes of oil equivalent,Lithuania,2016,1864.513,energy_consumption
Annual,Final consumption - transport sector - energy use,Total,Thousand tonnes of oil equivalent,Lithuania,2017,1960.025,energy_consumption
Annual,Final consumption - transport sector - energy use,Total,Thousand tonnes of oil equivalent,Lithuania,2018,2081.494,energy_consumption
Annual,Final consumption - transport sector - energy use,Total,Thousand tonnes of oil equivalent,Lithuania,2019,2150.671,energy_consumption
Annual,Final consumption - transport sector - energy use,Total,Thousand tonnes of oil equivalent,Lithuania,2020,2126.456,energy_consumption
Annual,Final consumption - transport sector - energy use,Total,Thousand tonnes of oil equivalent,Lithuania,2021,2144.972,energy_consumption
Annual,Final consumption - transport sector - energy use,Total,Thousand tonnes of oil equivalent,Lithuania,2022,2103.595,energy_consumption
Annual,Final consumption - transport sector - energy use,Total,Thousand tonnes of oil equivalent,Lithuania,2023,2144.1,energy_consumption
Annual,Final consumption - transport sector - energy use,Total,Thousand tonnes of oil equivalent,Lithuania,2024,2084.679,energy_consumption
Annual,Final consumption - transport sector - energy use,Total,Thousand tonnes of oil equivalent,Luxembourg,2013,2166.737,energy_consumption
Annual,Final consumption - transport sector - energy use,Total,Thousand tonnes of oil equivalent,Luxembourg,2014,2086.962,energy_consumption
Annual,Final consumption - transport sector - energy use,Total,Thousand tonnes of oil equivalent,Luxembourg,2015,1958.228,energy_consumption
Annual,Final consumption - transport sector - energy use,Total,Thousand tonnes of oil equivalent,Luxembourg,2016,1907.236,energy_consumption
Annual,Final consumption - transport sector - energy use,Total,Thousand tonnes of oil equivalent,Luxembourg,2017,1966.428,energy_consumption
Annual,Final consumption - transport sector - energy use,Total,Thousand tonnes of oil equivalent,Luxembourg,2018,2101.34,energy_consumption
Annual,Final consumption - transport sector - energy use,Total,Thousand tonnes of oil equivalent,Luxembourg,2019,2153.407,energy_consumption
Annual,Final consumption - transport sector - energy use,Total,Thousand tonnes of oil equivalent,Luxembourg,2020,1667.676,energy_consumption
Annual,Final consumption - transport sector - energy use,Total,Thousand tonnes of oil equivalent,Luxembourg,2021,1771.034,energy_consumption
Annual,Final consumption - transport sector - energy use,Total,Thousand tonnes of oil equivalent,Luxembourg,2022,1554.536,energy_consumption
Annual,Final consumption - transport sector - energy use,Total,Thousand tonnes of oil equivalent,Luxembourg,2023,1509.857,energy_consumption
Annual,Final consumption - transport sector - energy use,Total,Thousand tonnes of oil equivalent,Luxembourg,2024,1457.037,energy_consumption
Annual,Final consumption - transport sector - energy use,Total,Thousand tonnes of oil equivalent,Hungary,2013,3459.986,energy_consumption
Annual,Final consumption - transport sector - energy use,Total,Thousand tonnes of oil equivalent,Hungary,2014,3873.295,energy_consumption
Annual,Final consumption - transport sector - energy use,Total,Thousand tonnes of oil equivalent,Hungary,2015,4181.253,energy_consumption
Annual,Final consumption - transport sector - energy use,Total,Thousand tonnes of oil equivalent,Hungary,2016,4261.597,energy_consumption
Annual,Final consumption - transport sector - energy use,Total,Thousand tonnes of oil equivalent,Hungary,2017,4496.778,energy_consumption
Annual,Final consumption - transport sector - energy use,Total,Thousand tonnes of oil equivalent,Hungary,2018,4790.228,energy_consumption
Annual,Final consumption - transport sector - energy use,Total,Thousand tonnes of oil equivalent,Hungary,2019,5070.454,energy_consumption
Annual,Final consumption - transport sector - energy use,Total,Thousand tonnes of oil equivalent,Hungary,2020,4459.534,energy_consumption
Annual,Final consumption - transport sector - energy use,Total,Thousand tonnes of oil equivalent,Hungary,2021,4897.618,energy_consumption
Annual,Final consumption - transport sector - energy use,Total,Thousand tonnes of oil equivalent,Hungary,2022,5277.609,energy_consumption
Annual,Final consumption - transport sector - energy use,Total,Thousand tonnes of oil equivalent,Hungary,2023,4932.683,energy_consumption
Annual,Final consumption - transport sector - energy use,Total,Thousand tonnes of oil equivalent,Hungary,2024,4907.517,energy_consumption
Annual,Final consumption - transport sector - energy use,Total,Thousand tonnes of oil equivalent,Malta,2013,183.709,energy_consumption
Annual,Final consumption - transport sector - energy use,Total,Thousand tonnes of oil equivalent,Malta,2014,187.942,energy_consumption
Annual,Final consumption - transport sector - energy use,Total,Thousand tonnes of oil equivalent,Malta,2015,199.764,energy_consumption
Annual,Final consumption - transport sector - energy use,Total,Thousand tonnes of oil equivalent,Malta,2016,199.742,energy_consumption
Annual,Final consumption - transport sector - energy use,Total,Thousand tonnes of oil equivalent,Malta,2017,207.327,energy_consumption
Annual,Final consumption - transport sector - energy use,Total,Thousand tonnes of oil equivalent,Malta,2018,227.773,energy_consumption
Annual,Final consumption - transport sector - energy use,Total,Thousand tonnes of oil equivalent,Malta,2019,241.714,energy_consumption
Annual,Final consumption - transport sector - energy use,Total,Thousand tonnes of oil equivalent,Malta,2020,205.248,energy_consumption
Annual,Final consumption - transport sector - energy use,Total,Thousand tonnes of oil equivalent,Malta,2021,215.149,energy_consumption
Annual,Final consumption - transport sector - energy use,Total,Thousand tonnes of oil equivalent,Malta,2022,251.962,energy_consumption
Annual,Final consumption - transport sector - energy use,Total,Thousand tonnes of oil equivalent,Malta,2023,266.233,energy_consumption
Annual,Final consumption - transport sector - energy use,Total,Thousand tonnes of oil equivalent,Malta,2024,275.024,energy_consumption
Annual,Final consumption - transport sector - energy use,Total,Thousand tonnes of oil equivalent,Netherlands,2013,10761.714,energy_consumption
Annual,Final consumption - transport sector - energy use,Total,Thousand tonnes of oil equivalent,Netherlands,2014,9920.28,energy_consumption
Annual,Final consumption - transport sector - energy use,Total,Thousand tonnes of oil equivalent,Netherlands,2015,9855.152,energy_consumption
Annual,Final consumption - transport sector - energy use,Total,Thousand tonnes of oil equivalent,Netherlands,2016,9834.866,energy_consumption
Annual,Final consumption - transport sector - energy use,Total,Thousand tonnes of oil equivalent,Netherlands,2017,10186.745,energy_consumption
Annual,Final consumption - transport sector - energy use,Total,Thousand tonnes of oil equivalent,Netherlands,2018,10430.531,energy_consumption
Annual,Final consumption - transport sector - energy use,Total,Thousand tonnes of oil equivalent,Netherlands,2019,10418.067,energy_consumption
Annual,Final consumption - transport sector - energy use,Total,Thousand tonnes of oil equivalent,Netherlands,2020,8839.122,energy_consumption
Annual,Final consumption - transport sector - energy use,Total,Thousand tonnes of oil equivalent,Netherlands,2021,9007.233,energy_consumption
Annual,Final consumption - transport sector - energy use,Total,Thousand tonnes of oil equivalent,Netherlands,2022,8958.186,energy_consumption
Annual,Final consumption - transport sector - energy use,Total,Thousand tonnes of oil equivalent,Netherlands,2023,9412.102,energy_consumption
Annual,Final consumption - transport sector - energy use,Total,Thousand tonnes of oil equivalent,Netherlands,2024,9389.474,energy_consumption
Annual,Final consumption - transport sector - energy use,Total,Thousand tonnes of oil equivalent,Austria,2013,8294.925,energy_consumption
Annual,Final consumption - transport sector - energy use,Total,Thousand tonnes of oil equivalent,Austria,2014,8228.068,energy_consumption
Annual,Final consumption - transport sector - energy use,Total,Thousand tonnes of oil equivalent,Austria,2015,8464.597,energy_consumption
Annual,Final consumption - transport sector - energy use,Total,Thousand tonnes of oil equivalent,Austria,2016,8598.512,energy_consumption
Annual,Final consumption - transport sector - energy use,Total,Thousand tonnes of oil equivalent,Austria,2017,8724.365,energy_consumption
Annual,Final consumption - transport sector - energy use,Total,Thousand tonnes of oil equivalent,Austria,2018,8836.593,energy_consumption
Annual,Final consumption - transport sector - energy use,Total,Thousand tonnes of oil equivalent,Austria,2019,8830.326,energy_consumption
Annual,Final consumption - transport sector - energy use,Total,Thousand tonnes of oil equivalent,Austria,2020,7724.115,energy_consumption
Annual,Final consumption - transport sector - energy use,Total,Thousand tonnes of oil equivalent,Austria,2021,7996.576,energy_consumption
Annual,Final consumption - transport sector - energy use,Total,Thousand tonnes of oil equivalent,Austria,2022,7603.753,energy_consumption
Annual,Final consumption - transport sector - energy use,Total,Thousand tonnes of oil equivalent,Austria,2023,7430.987,energy_consumption
Annual,Final consumption - transport sector - energy use,Total,Thousand tonnes of oil equivalent,Austria,2024,7311.306,energy_consumption
Annual,Final consumption - transport sector - energy use,Total,Thousand tonnes of oil equivalent,Poland,2013,15744.03,energy_consumption
Annual,Final consumption - transport sector - energy use,Total,Thousand tonnes of oil equivalent,Poland,2014,15804.956,energy_consumption
Annual,Final consumption - transport sector - energy use,Total,Thousand tonnes of oil equivalent,Poland,2015,16561.088,energy_consumption
Annual,Final consumption - transport sector - energy use,Total,Thousand tonnes of oil equivalent,Poland,2016,18557.173,energy_consumption
Annual,Final consumption - transport sector - energy use,Total,Thousand tonnes of oil equivalent,Poland,2017,21415.239,energy_consumption
Annual,Final consumption - transport sector - energy use,Total,Thousand tonnes of oil equivalent,Poland,2018,22316.791,energy_consumption
Annual,Final consumption - transport sector - energy use,Total,Thousand tonnes of oil equivalent,Poland,2019,22746.098,energy_consumption
Annual,Final consumption - transport sector - energy use,Total,Thousand tonnes of oil equivalent,Poland,2020,21725.353,energy_consumption
Annual,Final consumption - transport sector - energy use,Total,Thousand tonnes of oil equivalent,Poland,2021,23508.374,energy_consumption
Annual,Final consumption - transport sector - energy use,Total,Thousand tonnes of oil equivalent,Poland,2022,23539.098,energy_consumption
Annual,Final consumption - transport sector - energy use,Total,Thousand tonnes of oil equivalent,Poland,2023,23962.37,energy_consumption
Annual,Final consumption - transport sector - energy use,Total,Thousand tonnes of oil equivalent,Poland,2024,24367.676,energy_consumption
Annual,Final consumption - transport sector - energy use,Total,Thousand tonnes of oil equivalent,Portugal,2013,5435.469,energy_consumption
Annual,Final consumption - transport sector - energy use,Total,Thousand tonnes of oil equivalent,Portugal,2014,5464.228,energy_consumption
Annual,Final consumption - transport sector - energy use,Total,Thousand tonnes of oil equivalent,Portugal,2015,5555.183,energy_consumption
Annual,Final consumption - transport sector - energy use,Total,Thousand tonnes of oil equivalent,Portugal,2016,5690.973,energy_consumption
Annual,Final consumption - transport sector - energy use,Total,Thousand tonnes of oil equivalent,Portugal,2017,5788.829,energy_consumption
Annual,Final consumption - transport sector - energy use,Total,Thousand tonnes of oil equivalent,Portugal,2018,5847.575,energy_consumption
Annual,Final consumption - transport sector - energy use,Total,Thousand tonnes of oil equivalent,Portugal,2019,5982.658,energy_consumption
Annual,Final consumption - transport sector - energy use,Total,Thousand tonnes of oil equivalent,Portugal,2020,5002.965,energy_consumption
Annual,Final consumption - transport sector - energy use,Total,Thousand tonnes of oil equivalent,Portugal,2021,5468.095,energy_consumption
Annual,Final consumption - transport sector - energy use,Total,Thousand tonnes of oil equivalent,Portugal,2022,5793.595,energy_consumption
Annual,Final consumption - transport sector - energy use,Total,Thousand tonnes of oil equivalent,Portugal,2023,6173.905,energy_consumption
Annual,Final consumption - transport sector - energy use,Total,Thousand tonnes of oil equivalent,Portugal,2024,6155.335,energy_consumption
Annual,Final consumption - transport sector - energy use,Total,Thousand tonnes of oil equivalent,Romania,2013,5188.743,energy_consumption
Annual,Final consumption - transport sector - energy use,Total,Thousand tonnes of oil equivalent,Romania,2014,5266.333,energy_consumption
Annual,Final consumption - transport sector - energy use,Total,Thousand tonnes of oil equivalent,Romania,2015,5337.702,energy_consumption
Annual,Final consumption - transport sector - energy use,Total,Thousand tonnes of oil equivalent,Romania,2016,5738.034,energy_consumption
Annual,Final consumption - transport sector - energy use,Total,Thousand tonnes of oil equivalent,Romania,2017,6149.188,energy_consumption
Annual,Final consumption - transport sector - energy use,Total,Thousand tonnes of oil equivalent,Romania,2018,6303.748,energy_consumption
Annual,Final consumption - transport sector - energy use,Total,Thousand tonnes of oil equivalent,Romania,2019,6571.907,energy_consumption
Annual,Final consumption - transport sector - energy use,Total,Thousand tonnes of oil equivalent,Romania,2020,6460.8,energy_consumption
Annual,Final consumption - transport sector - energy use,Total,Thousand tonnes of oil equivalent,Romania,2021,6879.222,energy_consumption
Annual,Final consumption - transport sector - energy use,Total,Thousand tonnes of oil equivalent,Romania,2022,7444.576,energy_consumption
Annual,Final consumption - transport sector - energy use,Total,Thousand tonnes of oil equivalent,Romania,2023,7721.894,energy_consumption
Annual,Final consumption - transport sector - energy use,Total,Thousand tonnes of oil equivalent,Romania,2024,7944.828,energy_consumption
Annual,Final consumption - transport sector - energy use,Total,Thousand tonnes of oil equivalent,Slovenia,2013,1809.666,energy_consumption
Annual,Final consumption - transport sector - energy use,Total,Thousand tonnes of oil equivalent,Slovenia,2014,1794.9,energy_consumption
Annual,Final consumption - transport sector - energy use,Total,Thousand tonnes of oil equivalent,Slovenia,2015,1772.57,energy_consumption
Annual,Final consumption - transport sector - energy use,Total,Thousand tonnes of oil equivalent,Slovenia,2016,1882.533,energy_consumption
Annual,Final consumption - transport sector - energy use,Total,Thousand tonnes of oil equivalent,Slovenia,2017,1934.203,energy_consumption
Annual,Final consumption - transport sector - energy use,Total,Thousand tonnes of oil equivalent,Slovenia,2018,1974.63,energy_consumption
Annual,Final consumption - transport sector - energy use,Total,Thousand tonnes of oil equivalent,Slovenia,2019,1926.584,energy_consumption
Annual,Final consumption - transport sector - energy use,Total,Thousand tonnes of oil equivalent,Slovenia,2020,1583.292,energy_consumption
Annual,Final consumption - transport sector - energy use,Total,Thousand tonnes of oil equivalent,Slovenia,2021,1799.603,energy_consumption
Annual,Final consumption - transport sector - energy use,Total,Thousand tonnes of oil equivalent,Slovenia,2022,1954.951,energy_consumption
Annual,Final consumption - transport sector - energy use,Total,Thousand tonnes of oil equivalent,Slovenia,2023,1834.363,energy_consumption
Annual,Final consumption - transport sector - energy use,Total,Thousand tonnes of oil equivalent,Slovenia,2024,1934.965,energy_consumption
Annual,Final consumption - transport sector - energy use,Total,Thousand tonnes of oil equivalent,Slovakia,2013,2308.716,energy_consumption
Annual,Final consumption - transport sector - energy use,Total,Thousand tonnes of oil equivalent,Slovakia,2014,2176.422,energy_consumption
Annual,Final consumption - transport sector - energy use,Total,Thousand tonnes of oil equivalent,Slovakia,2015,2168.799,energy_consumption
Annual,Final consumption - transport sector - energy use,Total,Thousand tonnes of oil equivalent,Slovakia,2016,2429.877,energy_consumption
Annual,Final consumption - transport sector - energy use,Total,Thousand tonnes of oil equivalent,Slovakia,2017,2772.655,energy_consumption
Annual,Final consumption - transport sector - energy use,Total,Thousand tonnes of oil equivalent,Slovakia,2018,2744.051,energy_consumption
Annual,Final consumption - transport sector - energy use,Total,Thousand tonnes of oil equivalent,Slovakia,2019,2789.729,energy_consumption
Annual,Final consumption - transport sector - energy use,Total,Thousand tonnes of oil equivalent,Slovakia,2020,2487.886,energy_consumption
Annual,Final consumption - transport sector - energy use,Total,Thousand tonnes of oil equivalent,Slovakia,2021,2619.259,energy_consumption
Annual,Final consumption - transport sector - energy use,Total,Thousand tonnes of oil equivalent,Slovakia,2022,2659.961,energy_consumption
Annual,Final consumption - transport sector - energy use,Total,Thousand tonnes of oil equivalent,Slovakia,2023,2624.335,energy_consumption
Annual,Final consumption - transport sector - energy use,Total,Thousand tonnes of oil equivalent,Slovakia,2024,2597.773,energy_consumption
Annual,Final consumption - transport sector - energy use,Total,Thousand tonnes of oil equivalent,Finland,2013,4209.977,energy_consumption
Annual,Final consumption - transport sector - energy use,Total,Thousand tonnes of oil equivalent,Finland,2014,4113.791,energy_consumption
Annual,Final consumption - transport sector - energy use,Total,Thousand tonnes of oil equivalent,Finland,2015,4105.519,energy_consumption
Annual,Final consumption - transport sector - energy use,Total,Thousand tonnes of oil equivalent,Finland,2016,4180.495,energy_consumption
Annual,Final consumption - transport sector - energy use,Total,Thousand tonnes of oil equivalent,Finland,2017,4194.818,energy_consumption
Annual,Final consumption - transport sector - energy use,Total,Thousand tonnes of oil equivalent,Finland,2018,4241.568,energy_consumption
Annual,Final consumption - transport sector - energy use,Total,Thousand tonnes of oil equivalent,Finland,2019,4178.021,energy_consumption
Annual,Final consumption - transport sector - energy use,Total,Thousand tonnes of oil equivalent,Finland,2020,3882.493,energy_consumption
Annual,Final consumption - transport sector - energy use,Total,Thousand tonnes of oil equivalent,Finland,2021,4023.489,energy_consumption
Annual,Final consumption - transport sector - energy use,Total,Thousand tonnes of oil equivalent,Finland,2022,3848.762,energy_consumption
Annual,Final consumption - transport sector - energy use,Total,Thousand tonnes of oil equivalent,Finland,2023,3765.734,energy_consumption
Annual,Final consumption - transport sector - energy use,Total,Thousand tonnes of oil equivalent,Finland,2024,3767.791,energy_consumption
Annual,Final consumption - transport sector - energy use,Total,Thousand tonnes of oil equivalent,Sweden,2013,7148.502,energy_consumption
Annual,Final consumption - transport sector - energy use,Total,Thousand tonnes of oil equivalent,Sweden,2014,7145.92,energy_consumption
Annual,Final consumption - transport sector - energy use,Total,Thousand tonnes of oil equivalent,Sweden,2015,7295.5,energy_consumption
Annual,Final consumption - transport sector - energy use,Total,Thousand tonnes of oil equivalent,Sweden,2016,7224.832,energy_consumption
Annual,Final consumption - transport sector - energy use,Total,Thousand tonnes of oil equivalent,Sweden,2017,7307.861,energy_consumption
Annual,Final consumption - transport sector - energy use,Total,Thousand tonnes of oil equivalent,Sweden,2018,7127.429,energy_consumption
Annual,Final consumption - transport sector - energy use,Total,Thousand tonnes of oil equivalent,Sweden,2019,7026.905,energy_consumption
Annual,Final consumption - transport sector - energy use,Total,Thousand tonnes of oil equivalent,Sweden,2020,6610.086,energy_consumption
Annual,Final consumption - transport sector - energy use,Total,Thousand tonnes of oil equivalent,Sweden,2021,6824.465,energy_consumption
Annual,Final consumption - transport sector - energy use,Total,Thousand tonnes of oil equivalent,Sweden,2022,6575.3,energy_consumption
Annual,Final consumption - transport sector - energy use,Total,Thousand tonnes of oil equivalent,Sweden,2023,6494.967,energy_consumption
Annual,Final consumption - transport sector - energy use,Total,Thousand tonnes of oil equivalent,Sweden,2024,6847.492,energy_consumption
Annual,Final consumption - transport sector - energy use,Total,Thousand tonnes of oil equivalent,Iceland,2013,277.329,energy_consumption
Annual,Final consumption - transport sector - energy use,Total,Thousand tonnes of oil equivalent,Iceland,2014,278.661,energy_consumption
Annual,Final consumption - transport sector - energy use,Total,Thousand tonnes of oil equivalent,Iceland,2015,300.785,energy_consumption
Annual,Final consumption - transport sector - energy use,Total,Thousand tonnes of oil equivalent,Iceland,2016,333.071,energy_consumption
Annual,Final consumption - transport sector - energy use,Total,Thousand tonnes of oil equivalent,Iceland,2017,352.87,energy_consumption
Annual,Final consumption - transport sector - energy use,Total,Thousand tonnes of oil equivalent,Iceland,2018,369.539,energy_consumption
Annual,Final consumption - transport sector - energy use,Total,Thousand tonnes of oil equivalent,Iceland,2019,360.095,energy_consumption
Annual,Final consumption - transport sector - energy use,Total,Thousand tonnes of oil equivalent,Iceland,2020,305.364,energy_consumption
Annual,Final consumption - transport sector - energy use,Total,Thousand tonnes of oil equivalent,Iceland,2021,321.949,energy_consumption
Annual,Final consumption - transport sector - energy use,Total,Thousand tonnes of oil equivalent,Iceland,2022,343.281,energy_consumption
Annual,Final consumption - transport sector - energy use,Total,Thousand tonnes of oil equivalent,Iceland,2023,336.544,energy_consumption
Annual,Final consumption - transport sector - energy use,Total,Thousand tonnes of oil equivalent,Iceland,2024,327.755,energy_consumption
Annual,Final consumption - transport sector - energy use,Total,Thousand tonnes of oil equivalent,Liechtenstein,2013,,energy_consumption
Annual,Final consumption - transport sector - energy use,Total,Thousand tonnes of oil equivalent,Liechtenstein,2014,,energy_consumption
Annual,Final consumption - transport sector - energy use,Total,Thousand tonnes of oil equivalent,Liechtenstein,2015,,energy_consumption
Annual,Final consumption - transport sector - energy use,Total,Thousand tonnes of oil equivalent,Liechtenstein,2016,,energy_consumption
Annual,Final consumption - transport sector - energy use,Total,Thousand tonnes of oil equivalent,Liechtenstein,2017,,energy_consumption
Annual,Final consumption - transport sector - energy use,Total,Thousand tonnes of oil equivalent,Liechtenstein,2018,,energy_consumption
Annual,Final consumption - transport sector - energy use,Total,Thousand tonnes of oil equivalent,Liechtenstein,2019,,energy_consumption
Annual,Final consumption - transport sector - energy use,Total,Thousand tonnes of oil equivalent,Liechtenstein,2020,,energy_consumption
Annual,Final consumption - transport sector - energy use,Total,Thousand tonnes of oil equivalent,Liechtenstein,2021,,energy_consumption
Annual,Final consumption - transport sector - energy use,Total,Thousand tonnes of oil equivalent,Liechtenstein,2022,,energy_consumption
Annual,Final consumption - transport sector - energy use,Total,Thousand tonnes of oil equivalent,Liechtenstein,2023,,energy_consumption
Annual,Final consumption - transport sector - energy use,Total,Thousand tonnes of oil equivalent,Liechtenstein,2024,,energy_consumption
Annual,Final consumption - transport sector - energy use,Total,Thousand tonnes of oil equivalent,Norway,2013,4880.812,energy_consumption
Annual,Final consumption - transport sector - energy use,Total,Thousand tonnes of oil equivalent,Norway,2014,4998.591,energy_consumption
Annual,Final consumption - transport sector - energy use,Total,Thousand tonnes of oil equivalent,Norway,2015,4957.537,energy_consumption
Annual,Final consumption - transport sector - energy use,Total,Thousand tonnes of oil equivalent,Norway,2016,4975.624,energy_consumption
Annual,Final consumption - transport sector - energy use,Total,Thousand tonnes of oil equivalent,Norway,2017,4930.715,energy_consumption
Annual,Final consumption - transport sector - energy use,Total,Thousand tonnes of oil equivalent,Norway,2018,4769.685,energy_consumption
Annual,Final consumption - transport sector - energy use,Total,Thousand tonnes of oil equivalent,Norway,2019,4821.004,energy_consumption
Annual,Final consumption - transport sector - energy use,Total,Thousand tonnes of oil equivalent,Norway,2020,4514.163,energy_consumption
Annual,Final consumption - transport sector - energy use,Total,Thousand tonnes of oil equivalent,Norway,2021,4662.222,energy_consumption
Annual,Final consumption - transport sector - energy use,Total,Thousand tonnes of oil equivalent,Norway,2022,4832.557,energy_consumption
Annual,Final consumption - transport sector - energy use,Total,Thousand tonnes of oil equivalent,Norway,2023,4691.844,energy_consumption
Annual,Final consumption - transport sector - energy use,Total,Thousand tonnes of oil equivalent,Norway,2024,4528.837,energy_consumption
Annual,Final consumption - transport sector - energy use,Total,Thousand tonnes of oil equivalent,Switzerland,2013,,energy_consumption
Annual,Final consumption - transport sector - energy use,Total,Thousand tonnes of oil equivalent,Switzerland,2014,,energy_consumption
Annual,Final consumption - transport sector - energy use,Total,Thousand tonnes of oil equivalent,Switzerland,2015,,energy_consumption
Annual,Final consumption - transport sector - energy use,Total,Thousand tonnes of oil equivalent,Switzerland,2016,,energy_consumption
Annual,Final consumption - transport sector - energy use,Total,Thousand tonnes of oil equivalent,Switzerland,2017,,energy_consumption
Annual,Final consumption - transport sector - energy use,Total,Thousand tonnes of oil equivalent,Switzerland,2018,,energy_consumption
Annual,Final consumption - transport sector - energy use,Total,Thousand tonnes of oil equivalent,Switzerland,2019,,energy_consumption
Annual,Final consumption - transport sector - energy use,Total,Thousand tonnes of oil equivalent,Switzerland,2020,,energy_consumption
Annual,Final consumption - transport sector - energy use,Total,Thousand tonnes of oil equivalent,Switzerland,2021,,energy_consumption
Annual,Final consumption - transport sector - energy use,Total,Thousand tonnes of oil equivalent,Switzerland,2022,,energy_consumption
Annual,Final consumption - transport sector - energy use,Total,Thousand tonnes of oil equivalent,Switzerland,2023,,energy_consumption
Annual,Final consumption - transport sector - energy use,Total,Thousand tonnes of oil equivalent,Switzerland,2024,,energy_consumption
Annual,Final consumption - transport sector - energy use,Total,Thousand tonnes of oil equivalent,United Kingdom,2013,39491.557,energy_consumption
Annual,Final consumption - transport sector - energy use,Total,Thousand tonnes of oil equivalent,United Kingdom,2014,40108.27,energy_consumption
Annual,Final consumption - transport sector - energy use,Total,Thousand tonnes of oil equivalent,United Kingdom,2015,40889.253,energy_consumption
Annual,Final consumption - transport sector - energy use,Total,Thousand tonnes of oil equivalent,United Kingdom,2016,41819.63,energy_consumption
Annual,Final consumption - transport sector - energy use,Total,Thousand tonnes of oil equivalent,United Kingdom,2017,41928.904,energy_consumption
Annual,Final consumption - transport sector - energy use,Total,Thousand tonnes of oil equivalent,United Kingdom,2018,41759.75,energy_consumption
Annual,Final consumption - transport sector - energy use,Total,Thousand tonnes of oil equivalent,United Kingdom,2019,41463.198,energy_consumption
Annual,Final consumption - transport sector - energy use,Total,Thousand tonnes of oil equivalent,United Kingdom,2020,,energy_consumption
Annual,Final consumption - transport sector - energy use,Total,Thousand tonnes of oil equivalent,United Kingdom,2021,,energy_consumption
Annual,Final consumption - transport sector - energy use,Total,Thousand tonnes of oil equivalent,United Kingdom,2022,,energy_consumption
Annual,Final consumption - transport sector - energy use,Total,Thousand tonnes of oil equivalent,United Kingdom,2023,,energy_consumption
Annual,Final consumption - transport sector - energy use,Total,Thousand tonnes of oil equivalent,United Kingdom,2024,,energy_consumption
Annual,Final consumption - transport sector - energy use,Total,Thousand tonnes of oil equivalent,Montenegro,2013,165.309,energy_consumption
Annual,Final consumption - transport sector - energy use,Total,Thousand tonnes of oil equivalent,Montenegro,2014,162.866,energy_consumption
Annual,Final consumption - transport sector - energy use,Total,Thousand tonnes of oil equivalent,Montenegro,2015,186.645,energy_consumption
Annual,Final consumption - transport sector - energy use,Total,Thousand tonnes of oil equivalent,Montenegro,2016,219.419,energy_consumption
Annual,Final consumption - transport sector - energy use,Total,Thousand tonnes of oil equivalent,Montenegro,2017,235.525,energy_consumption
Annual,Final consumption - transport sector - energy use,Total,Thousand tonnes of oil equivalent,Montenegro,2018,252.719,energy_consumption
Annual,Final consumption - transport sector - energy use,Total,Thousand tonnes of oil equivalent,Montenegro,2019,265.685,energy_consumption
Annual,Final consumption - transport sector - energy use,Total,Thousand tonnes of oil equivalent,Montenegro,2020,225.951,energy_consumption
Annual,Final consumption - transport sector - energy use,Total,Thousand tonnes of oil equivalent,Montenegro,2021,294.128,energy_consumption
Annual,Final consumption - transport sector - energy use,Total,Thousand tonnes of oil equivalent,Montenegro,2022,299.369,energy_consumption
Annual,Final consumption - transport sector - energy use,Total,Thousand tonnes of oil equivalent,Montenegro,2023,303.078,energy_consumption
Annual,Final consumption - transport sector - energy use,Total,Thousand tonnes of oil equivalent,Montenegro,2024,318.077,energy_consumption
Annual,Final consumption - transport sector - energy use,Total,Thousand tonnes of oil equivalent,North Macedonia,2013,514.739,energy_consumption
Annual,Final consumption - transport sector - energy use,Total,Thousand tonnes of oil equivalent,North Macedonia,2014,537.47,energy_consumption
Annual,Final consumption - transport sector - energy use,Total,Thousand tonnes of oil equivalent,North Macedonia,2015,596.422,energy_consumption
Annual,Final consumption - transport sector - energy use,Total,Thousand tonnes of oil equivalent,North Macedonia,2016,680.028,energy_consumption
Annual,Final consumption - transport sector - energy use,Total,Thousand tonnes of oil equivalent,North Macedonia,2017,705.826,energy_consumption
Annual,Final consumption - transport sector - energy use,Total,Thousand tonnes of oil equivalent,North Macedonia,2018,705.508,energy_consumption
Annual,Final consumption - transport sector - energy use,Total,Thousand tonnes of oil equivalent,North Macedonia,2019,762.57,energy_consumption
Annual,Final consumption - transport sector - energy use,Total,Thousand tonnes of oil equivalent,North Macedonia,2020,643.59,energy_consumption
Annual,Final consumption - transport sector - energy use,Total,Thousand tonnes of oil equivalent,North Macedonia,2021,738.716,energy_consumption
Annual,Final consumption - transport sector - energy use,Total,Thousand tonnes of oil equivalent,North Macedonia,2022,745.678,energy_consumption
Annual,Final consumption - transport sector - energy use,Total,Thousand tonnes of oil equivalent,North Macedonia,2023,797.55,energy_consumption
Annual,Final consumption - transport sector - energy use,Total,Thousand tonnes of oil equivalent,North Macedonia,2024,859.495,energy_consumption
Annual,Final consumption - transport sector - energy use,Total,Thousand tonnes of oil equivalent,Albania,2013,804.074,energy_consumption
Annual,Final consumption - transport sector - energy use,Total,Thousand tonnes of oil equivalent,Albania,2014,833.978,energy_consumption
Annual,Final consumption - transport sector - energy use,Total,Thousand tonnes of oil equivalent,Albania,2015,829.298,energy_consumption
Annual,Final consumption - transport sector - energy use,Total,Thousand tonnes of oil equivalent,Albania,2016,832.543,energy_consumption
Annual,Final consumption - transport sector - energy use,Total,Thousand tonnes of oil equivalent,Albania,2017,831.899,energy_consumption
Annual,Final consumption - transport sector - energy use,Total,Thousand tonnes of oil equivalent,Albania,2018,832.167,energy_consumption
Annual,Final consumption - transport sector - energy use,Total,Thousand tonnes of oil equivalent,Albania,2019,834.858,energy_consumption
Annual,Final consumption - transport sector - energy use,Total,Thousand tonnes of oil equivalent,Albania,2020,603.439,energy_consumption
Annual,Final consumption - transport sector - energy use,Total,Thousand tonnes of oil equivalent,Albania,2021,677.581,energy_consumption
Annual,Final consumption - transport sector - energy use,Total,Thousand tonnes of oil equivalent,Albania,2022,674.858,energy_consumption
Annual,Final consumption - transport sector - energy use,Total,Thousand tonnes of oil equivalent,Albania,2023,646.269,energy_consumption
Annual,Final consumption - transport sector - energy use,Total,Thousand tonnes of oil equivalent,Albania,2024,614.547,energy_consumption
Annual,Final consumption - transport sector - energy use,Total,Thousand tonnes of oil equivalent,Serbia,2013,1972.215,energy_consumption
Annual,Final consumption - transport sector - energy use,Total,Thousand tonnes of oil equivalent,Serbia,2014,2041.409,energy_consumption
Annual,Final consumption - transport sector - energy use,Total,Thousand tonnes of oil equivalent,Serbia,2015,1986.102,energy_consumption
Annual,Final consumption - transport sector - energy use,Total,Thousand tonnes of oil equivalent,Serbia,2016,2029.445,energy_consumption
Annual,Final consumption - transport sector - energy use,Total,Thousand tonnes of oil equivalent,Serbia,2017,2113.345,energy_consumption
Annual,Final consumption - transport sector - energy use,Total,Thousand tonnes of oil equivalent,Serbia,2018,2136.951,energy_consumption
Annual,Final consumption - transport sector - energy use,Total,Thousand tonnes of oil equivalent,Serbia,2019,2306.862,energy_consumption
Annual,Final consumption - transport sector - energy use,Total,Thousand tonnes of oil equivalent,Serbia,2020,2196.88,energy_consumption
Annual,Final consumption - transport sector - energy use,Total,Thousand tonnes of oil equivalent,Serbia,2021,2505.117,energy_consumption
Annual,Final consumption - transport sector - energy use,Total,Thousand tonnes of oil equivalent,Serbia,2022,2673.208,energy_consumption
Annual,Final consumption - transport sector - energy use,Total,Thousand tonnes of oil equivalent,Serbia,2023,2632.183,energy_consumption
Annual,Final consumption - transport sector - energy use,Total,Thousand tonnes of oil equivalent,Serbia,2024,2688.165,energy_consumption
Annual,Final consumption - transport sector - energy use,Total,Thousand tonnes of oil equivalent,Türkiye,2013,19638.094,energy_consumption
Annual,Final consumption - transport sector - energy use,Total,Thousand tonnes of oil equivalent,Türkiye,2014,20972.194,energy_consumption
Annual,Final consumption - transport sector - energy use,Total,Thousand tonnes of oil equivalent,Türkiye,2015,24502.533,energy_consumption
Annual,Final consumption - transport sector - energy use,Total,Thousand tonnes of oil equivalent,Türkiye,2016,27030.056,energy_consumption
Annual,Final consumption - transport sector - energy use,Total,Thousand tonnes of oil equivalent,Türkiye,2017,28305.848,energy_consumption
Annual,Final consumption - transport sector - energy use,Total,Thousand tonnes of oil equivalent,Türkiye,2018,28607.306,energy_consumption
Annual,Final consumption - transport sector - energy use,Total,Thousand tonnes of oil equivalent,Türkiye,2019,28388.778,energy_consumption
Annual,Final consumption - transport sector - energy use,Total,Thousand tonnes of oil equivalent,Türkiye,2020,26664.835,energy_consumption
Annual,Final consumption - transport sector - energy use,Total,Thousand tonnes of oil equivalent,Türkiye,2021,30144.077,energy_consumption
Annual,Final consumption - transport sector - energy use,Total,Thousand tonnes of oil equivalent,Türkiye,2022,30489.327,energy_consumption
Annual,Final consumption - transport sector - energy use,Total,Thousand tonnes of oil equivalent,Türkiye,2023,32940.562,energy_consumption
Annual,Final consumption - transport sector - energy use,Total,Thousand tonnes of oil equivalent,Türkiye,2024,34025.963,energy_consumption
Annual,Final consumption - transport sector - energy use,Total,Thousand tonnes of oil equivalent,Bosnia and Herzegovina,2013,,energy_consumption
Annual,Final consumption - transport sector - energy use,Total,Thousand tonnes of oil equivalent,Bosnia and Herzegovina,2014,988.905,energy_consumption
Annual,Final consumption - transport sector - energy use,Total,Thousand tonnes of oil equivalent,Bosnia and Herzegovina,2015,1030.976,energy_consumption
Annual,Final consumption - transport sector - energy use,Total,Thousand tonnes of oil equivalent,Bosnia and Herzegovina,2016,1196.912,energy_consumption
Annual,Final consumption - transport sector - energy use,Total,Thousand tonnes of oil equivalent,Bosnia and Herzegovina,2017,1248.92,energy_consumption
Annual,Final consumption - transport sector - energy use,Total,Thousand tonnes of oil equivalent,Bosnia and Herzegovina,2018,1238.269,energy_consumption
Annual,Final consumption - transport sector - energy use,Total,Thousand tonnes of oil equivalent,Bosnia and Herzegovina,2019,1322.151,energy_consumption
Annual,Final consumption - transport sector - energy use,Total,Thousand tonnes of oil equivalent,Bosnia and Herzegovina,2020,1199.146,energy_consumption
Annual,Final consumption - transport sector - energy use,Total,Thousand tonnes of oil equivalent,Bosnia and Herzegovina,2021,1376.913,energy_consumption
Annual,Final consumption - transport sector - energy use,Total,Thousand tonnes of oil equivalent,Bosnia and Herzegovina,2022,1322.062,energy_consumption
Annual,Final consumption - transport sector - energy use,Total,Thousand tonnes of oil equivalent,Bosnia and Herzegovina,2023,1352.325,energy_consumption
Annual,Final consumption - transport sector - energy use,Total,Thousand tonnes of oil equivalent,Bosnia and Herzegovina,2024,1439.95,energy_consumption
Annual,Final consumption - transport sector - energy use,Total,Thousand tonnes of oil equivalent,Georgia,2013,1110.934,energy_consumption
Annual,Final consumption - transport sector - energy use,Total,Thousand tonnes of oil equivalent,Georgia,2014,1256.162,energy_consumption
Annual,Final consumption - transport sector - energy use,Total,Thousand tonnes of oil equivalent,Georgia,2015,1365.34,energy_consumption
Annual,Final consumption - transport sector - energy use,Total,Thousand tonnes of oil equivalent,Georgia,2016,1524.342,energy_consumption
Annual,Final consumption - transport sector - energy use,Total,Thousand tonnes of oil equivalent,Georgia,2017,1384.402,energy_consumption
Annual,Final consumption - transport sector - energy use,Total,Thousand tonnes of oil equivalent,Georgia,2018,1352.728,energy_consumption
Annual,Final consumption - transport sector - energy use,Total,Thousand tonnes of oil equivalent,Georgia,2019,1404.052,energy_consumption
Annual,Final consumption - transport sector - energy use,Total,Thousand tonnes of oil equivalent,Georgia,2020,1340.38,energy_consumption
Annual,Final consumption - transport sector - energy use,Total,Thousand tonnes of oil equivalent,Georgia,2021,1485.046,energy_consumption
Annual,Final consumption - transport sector - energy use,Total,Thousand tonnes of oil equivalent,Georgia,2022,1592.962,energy_consumption
Annual,Final consumption - transport sector - energy use,Total,Thousand tonnes of oil equivalent,Georgia,2023,1688.899,energy_consumption
Annual,Final consumption - transport sector - energy use,Total,Thousand tonnes of oil equivalent,Georgia,2024,1775.723,energy_consumption
Annual,Final consumption - transport sector - energy use,Total,Thousand tonnes of oil equivalent,Moldova,2013,573.806,energy_consumption
Annual,Final consumption - transport sector - energy use,Total,Thousand tonnes of oil equivalent,Moldova,2014,593.361,energy_consumption
Annual,Final consumption - transport sector - energy use,Total,Thousand tonnes of oil equivalent,Moldova,2015,648.6,energy_consumption
Annual,Final consumption - transport sector - energy use,Total,Thousand tonnes of oil equivalent,Moldova,2016,682.37,energy_consumption
Annual,Final consumption - transport sector - energy use,Total,Thousand tonnes of oil equivalent,Moldova,2017,687.658,energy_consumption
Annual,Final consumption - transport sector - energy use,Total,Thousand tonnes of oil equivalent,Moldova,2018,700.196,energy_consumption
Annual,Final consumption - transport sector - energy use,Total,Thousand tonnes of oil equivalent,Moldova,2019,717.605,energy_consumption
Annual,Final consumption - transport sector - energy use,Total,Thousand tonnes of oil equivalent,Moldova,2020,667.422,energy_consumption
Annual,Final consumption - transport sector - energy use,Total,Thousand tonnes of oil equivalent,Moldova,2021,743.177,energy_consumption
Annual,Final consumption - transport sector - energy use,Total,Thousand tonnes of oil equivalent,Moldova,2022,743.419,energy_consumption
Annual,Final consumption - transport sector - energy use,Total,Thousand tonnes of oil equivalent,Moldova,2023,724.981,energy_consumption
Annual,Final consumption - transport sector - energy use,Total,Thousand tonnes of oil equivalent,Moldova,2024,805.983,energy_consumption
Annual,Final consumption - transport sector - energy use,Total,Thousand tonnes of oil equivalent,Ukraine,2013,11848.904,energy_consumption
Annual,Final consumption - transport sector - energy use,Total,Thousand tonnes of oil equivalent,Ukraine,2014,10299.778,energy_consumption
Annual,Final consumption - transport sector - energy use,Total,Thousand tonnes of oil equivalent,Ukraine,2015,8721.254,energy_consumption
Annual,Final consumption - transport sector - energy use,Total,Thousand tonnes of oil equivalent,Ukraine,2016,9133.661,energy_consumption
Annual,Final consumption - transport sector - energy use,Total,Thousand tonnes of oil equivalent,Ukraine,2017,9590.778,energy_consumption
Annual,Final consumption - transport sector - energy use,Total,Thousand tonnes of oil equivalent,Ukraine,2018,9417.827,energy_consumption
Annual,Final consumption - transport sector - energy use,Total,Thousand tonnes of oil equivalent,Ukraine,2019,10029.097,energy_consumption
Annual,Final consumption - transport sector - energy use,Total,Thousand tonnes of oil equivalent,Ukraine,2020,8017.678,energy_consumption
Annual,Final consumption - transport sector - energy use,Total,Thousand tonnes of oil equivalent,Ukraine,2021,,energy_consumption
Annual,Final consumption - transport sector - energy use,Total,Thousand tonnes of oil equivalent,Ukraine,2022,,energy_consumption
Annual,Final consumption - transport sector - energy use,Total,Thousand tonnes of oil equivalent,Ukraine,2023,,energy_consumption
Annual,Final consumption - transport sector - energy use,Total,Thousand tonnes of oil equivalent,Ukraine,2024,,energy_consumption
Annual,Final consumption - transport sector - energy use,Total,Thousand tonnes of oil equivalent,Kosovo*,2013,270.401,energy_consumption
Annual,Final consumption - transport sector - energy use,Total,Thousand tonnes of oil equivalent,Kosovo*,2014,344.017,energy_consumption
Annual,Final consumption - transport sector - energy use,Total,Thousand tonnes of oil equivalent,Kosovo*,2015,380.384,energy_consumption
Annual,Final consumption - transport sector - energy use,Total,Thousand tonnes of oil equivalent,Kosovo*,2016,395.981,energy_consumption
Annual,Final consumption - transport sector - energy use,Total,Thousand tonnes of oil equivalent,Kosovo*,2017,410.191,energy_consumption
Annual,Final consumption - transport sector - energy use,Total,Thousand tonnes of oil equivalent,Kosovo*,2018,429.875,energy_consumption
Annual,Final consumption - transport sector - energy use,Total,Thousand tonnes of oil equivalent,Kosovo*,2019,428.184,energy_consumption
Annual,Final consumption - transport sector - energy use,Total,Thousand tonnes of oil equivalent,Kosovo*,2020,421.572,energy_consumption
Annual,Final consumption - transport sector - energy use,Total,Thousand tonnes of oil equivalent,Kosovo*,2021,464.108,energy_consumption
Annual,Final consumption - transport sector - energy use,Total,Thousand tonnes of oil equivalent,Kosovo*,2022,430.051,energy_consumption
Annual,Final consumption - transport sector - energy use,Total,Thousand tonnes of oil equivalent,Kosovo*,2023,463.353,energy_consumption
Annual,Final consumption - transport sector - energy use,Total,Thousand tonnes of oil equivalent,Kosovo*,2024,514.038,energy_consumption
Annual,Final consumption - other sectors - commercial and public services - energy use,Total,Thousand tonnes of oil equivalent,European Union - 27 countries (from 2020),2013,129351.828,energy_consumption
Annual,Final consumption - other sectors - commercial and public services - energy use,Total,Thousand tonnes of oil equivalent,European Union - 27 countries (from 2020),2014,119932.721,energy_consumption
Annual,Final consumption - other sectors - commercial and public services - energy use,Total,Thousand tonnes of oil equivalent,European Union - 27 countries (from 2020),2015,125024.521,energy_consumption
Annual,Final consumption - other sectors - commercial and public services - energy use,Total,Thousand tonnes of oil equivalent,European Union - 27 countries (from 2020),2016,126581.436,energy_consumption
Annual,Final consumption - other sectors - commercial and public services - energy use,Total,Thousand tonnes of oil equivalent,European Union - 27 countries (from 2020),2017,130118.721,energy_consumption
Annual,Final consumption - other sectors - commercial and public services - energy use,Total,Thousand tonnes of oil equivalent,European Union - 27 countries (from 2020),2018,128060.453,energy_consumption
Annual,Final consumption - other sectors - commercial and public services - energy use,Total,Thousand tonnes of oil equivalent,European Union - 27 countries (from 2020),2019,124708.571,energy_consumption
Annual,Final consumption - other sectors - commercial and public services - energy use,Total,Thousand tonnes of oil equivalent,European Union - 27 countries (from 2020),2020,117657.294,energy_consumption
Annual,Final consumption - other sectors - commercial and public services - energy use,Total,Thousand tonnes of oil equivalent,European Union - 27 countries (from 2020),2021,126541.96,energy_consumption
Annual,Final consumption - other sectors - commercial and public services - energy use,Total,Thousand tonnes of oil equivalent,European Union - 27 countries (from 2020),2022,117525.159,energy_consumption
Annual,Final consumption - other sectors - commercial and public services - energy use,Total,Thousand tonnes of oil equivalent,European Union - 27 countries (from 2020),2023,114267.598,energy_consumption
Annual,Final consumption - other sectors - commercial and public services - energy use,Total,Thousand tonnes of oil equivalent,European Union - 27 countries (from 2020),2024,116373.556,energy_consumption
Annual,Final consumption - other sectors - commercial and public services - energy use,Total,Thousand tonnes of oil equivalent,Euro area – 21 countries (from 2026),2013,,energy_consumption
Annual,Final consumption - other sectors - commercial and public services - energy use,Total,Thousand tonnes of oil equivalent,Euro area – 21 countries (from 2026),2014,,energy_consumption
Annual,Final consumption - other sectors - commercial and public services - energy use,Total,Thousand tonnes of oil equivalent,Euro area – 21 countries (from 2026),2015,,energy_consumption
Annual,Final consumption - other sectors - commercial and public services - energy use,Total,Thousand tonnes of oil equivalent,Euro area – 21 countries (from 2026),2016,,energy_consumption
Annual,Final consumption - other sectors - commercial and public services - energy use,Total,Thousand tonnes of oil equivalent,Euro area – 21 countries (from 2026),2017,,energy_consumption
Annual,Final consumption - other sectors - commercial and public services - energy use,Total,Thousand tonnes of oil equivalent,Euro area – 21 countries (from 2026),2018,,energy_consumption
Annual,Final consumption - other sectors - commercial and public services - energy use,Total,Thousand tonnes of oil equivalent,Euro area – 21 countries (from 2026),2019,,energy_consumption
Annual,Final consumption - other sectors - commercial and public services - energy use,Total,Thousand tonnes of oil equivalent,Euro area – 21 countries (from 2026),2020,,energy_consumption
Annual,Final consumption - other sectors - commercial and public services - energy use,Total,Thousand tonnes of oil equivalent,Euro area – 21 countries (from 2026),2021,,energy_consumption
Annual,Final consumption - other sectors - commercial and public services - energy use,Total,Thousand tonnes of oil equivalent,Euro area – 21 countries (from 2026),2022,,energy_consumption
Annual,Final consumption - other sectors - commercial and public services - energy use,Total,Thousand tonnes of oil equivalent,Euro area – 21 countries (from 2026),2023,,energy_consumption
Annual,Final consumption - other sectors - commercial and public services - energy use,Total,Thousand tonnes of oil equivalent,Euro area – 21 countries (from 2026),2024,,energy_consumption
Annual,Final consumption - other sectors - commercial and public services - energy use,Total,Thousand tonnes of oil equivalent,Euro area – 20 countries (2023-2025),2013,,energy_consumption
Annual,Final consumption - other sectors - commercial and public services - energy use,Total,Thousand tonnes of oil equivalent,Euro area – 20 countries (2023-2025),2014,,energy_consumption
Annual,Final consumption - other sectors - commercial and public services - energy use,Total,Thousand tonnes of oil equivalent,Euro area – 20 countries (2023-2025),2015,,energy_consumption
Annual,Final consumption - other sectors - commercial and public services - energy use,Total,Thousand tonnes of oil equivalent,Euro area – 20 countries (2023-2025),2016,,energy_consumption
Annual,Final consumption - other sectors - commercial and public services - energy use,Total,Thousand tonnes of oil equivalent,Euro area – 20 countries (2023-2025),2017,,energy_consumption
Annual,Final consumption - other sectors - commercial and public services - energy use,Total,Thousand tonnes of oil equivalent,Euro area – 20 countries (2023-2025),2018,,energy_consumption
Annual,Final consumption - other sectors - commercial and public services - energy use,Total,Thousand tonnes of oil equivalent,Euro area – 20 countries (2023-2025),2019,,energy_consumption
Annual,Final consumption - other sectors - commercial and public services - energy use,Total,Thousand tonnes of oil equivalent,Euro area – 20 countries (2023-2025),2020,,energy_consumption
Annual,Final consumption - other sectors - commercial and public services - energy use,Total,Thousand tonnes of oil equivalent,Euro area – 20 countries (2023-2025),2021,,energy_consumption
Annual,Final consumption - other sectors - commercial and public services - energy use,Total,Thousand tonnes of oil equivalent,Euro area – 20 countries (2023-2025),2022,,energy_consumption
Annual,Final consumption - other sectors - commercial and public services - energy use,Total,Thousand tonnes of oil equivalent,Euro area – 20 countries (2023-2025),2023,,energy_consumption
Annual,Final consumption - other sectors - commercial and public services - energy use,Total,Thousand tonnes of oil equivalent,Euro area – 20 countries (2023-2025),2024,,energy_consumption
Annual,Final consumption - other sectors - commercial and public services - energy use,Total,Thousand tonnes of oil equivalent,Euro area - 19 countries  (2015-2022),2013,,energy_consumption
Annual,Final consumption - other sectors - commercial and public services - energy use,Total,Thousand tonnes of oil equivalent,Euro area - 19 countries  (2015-2022),2014,,energy_consumption
Annual,Final consumption - other sectors - commercial and public services - energy use,Total,Thousand tonnes of oil equivalent,Euro area - 19 countries  (2015-2022),2015,,energy_consumption
Annual,Final consumption - other sectors - commercial and public services - energy use,Total,Thousand tonnes of oil equivalent,Euro area - 19 countries  (2015-2022),2016,,energy_consumption
Annual,Final consumption - other sectors - commercial and public services - energy use,Total,Thousand tonnes of oil equivalent,Euro area - 19 countries  (2015-2022),2017,,energy_consumption
Annual,Final consumption - other sectors - commercial and public services - energy use,Total,Thousand tonnes of oil equivalent,Euro area - 19 countries  (2015-2022),2018,,energy_consumption
Annual,Final consumption - other sectors - commercial and public services - energy use,Total,Thousand tonnes of oil equivalent,Euro area - 19 countries  (2015-2022),2019,,energy_consumption
Annual,Final consumption - other sectors - commercial and public services - energy use,Total,Thousand tonnes of oil equivalent,Euro area - 19 countries  (2015-2022),2020,,energy_consumption
Annual,Final consumption - other sectors - commercial and public services - energy use,Total,Thousand tonnes of oil equivalent,Euro area - 19 countries  (2015-2022),2021,,energy_consumption
Annual,Final consumption - other sectors - commercial and public services - energy use,Total,Thousand tonnes of oil equivalent,Euro area - 19 countries  (2015-2022),2022,,energy_consumption
Annual,Final consumption - other sectors - commercial and public services - energy use,Total,Thousand tonnes of oil equivalent,Euro area - 19 countries  (2015-2022),2023,,energy_consumption
Annual,Final consumption - other sectors - commercial and public services - energy use,Total,Thousand tonnes of oil equivalent,Euro area - 19 countries  (2015-2022),2024,,energy_consumption
Annual,Final consumption - other sectors - commercial and public services - energy use,Total,Thousand tonnes of oil equivalent,Belgium,2013,4890.366,energy_consumption
Annual,Final consumption - other sectors - commercial and public services - energy use,Total,Thousand tonnes of oil equivalent,Belgium,2014,4232.488,energy_consumption
Annual,Final consumption - other sectors - commercial and public services - energy use,Total,Thousand tonnes of oil equivalent,Belgium,2015,4610.152,energy_consumption
Annual,Final consumption - other sectors - commercial and public services - energy use,Total,Thousand tonnes of oil equivalent,Belgium,2016,4622.974,energy_consumption
Annual,Final consumption - other sectors - commercial and public services - energy use,Total,Thousand tonnes of oil equivalent,Belgium,2017,4605.875,energy_consumption
Annual,Final consumption - other sectors - commercial and public services - energy use,Total,Thousand tonnes of oil equivalent,Belgium,2018,4619.277,energy_consumption
Annual,Final consumption - other sectors - commercial and public services - energy use,Total,Thousand tonnes of oil equivalent,Belgium,2019,4443.163,energy_consumption
Annual,Final consumption - other sectors - commercial and public services - energy use,Total,Thousand tonnes of oil equivalent,Belgium,2020,4302.286,energy_consumption
Annual,Final consumption - other sectors - commercial and public services - energy use,Total,Thousand tonnes of oil equivalent,Belgium,2021,4508.002,energy_consumption
Annual,Final consumption - other sectors - commercial and public services - energy use,Total,Thousand tonnes of oil equivalent,Belgium,2022,3990.835,energy_consumption
Annual,Final consumption - other sectors - commercial and public services - energy use,Total,Thousand tonnes of oil equivalent,Belgium,2023,3845.278,energy_consumption
Annual,Final consumption - other sectors - commercial and public services - energy use,Total,Thousand tonnes of oil equivalent,Belgium,2024,3933.346,energy_consumption
Annual,Final consumption - other sectors - commercial and public services - energy use,Total,Thousand tonnes of oil equivalent,Bulgaria,2013,1029.822,energy_consumption
Annual,Final consumption - other sectors - commercial and public services - energy use,Total,Thousand tonnes of oil equivalent,Bulgaria,2014,992.002,energy_consumption
Annual,Final consumption - other sectors - commercial and public services - energy use,Total,Thousand tonnes of oil equivalent,Bulgaria,2015,1078.658,energy_consumption
Annual,Final consumption - other sectors - commercial and public services - energy use,Total,Thousand tonnes of oil equivalent,Bulgaria,2016,1157.041,energy_consumption
Annual,Final consumption - other sectors - commercial and public services - energy use,Total,Thousand tonnes of oil equivalent,Bulgaria,2017,1167.156,energy_consumption
Annual,Final consumption - other sectors - commercial and public services - energy use,Total,Thousand tonnes of oil equivalent,Bulgaria,2018,1231.216,energy_consumption
Annual,Final consumption - other sectors - commercial and public services - energy use,Total,Thousand tonnes of oil equivalent,Bulgaria,2019,1268.032,energy_consumption
Annual,Final consumption - other sectors - commercial and public services - energy use,Total,Thousand tonnes of oil equivalent,Bulgaria,2020,1066.112,energy_consumption
Annual,Final consumption - other sectors - commercial and public services - energy use,Total,Thousand tonnes of oil equivalent,Bulgaria,2021,1299.855,energy_consumption
Annual,Final consumption - other sectors - commercial and public services - energy use,Total,Thousand tonnes of oil equivalent,Bulgaria,2022,1343.364,energy_consumption
Annual,Final consumption - other sectors - commercial and public services - energy use,Total,Thousand tonnes of oil equivalent,Bulgaria,2023,1264.733,energy_consumption
Annual,Final consumption - other sectors - commercial and public services - energy use,Total,Thousand tonnes of oil equivalent,Bulgaria,2024,1320.059,energy_consumption
Annual,Final consumption - other sectors - commercial and public services - energy use,Total,Thousand tonnes of oil equivalent,Czechia,2013,3010.066,energy_consumption
Annual,Final consumption - other sectors - commercial and public services - energy use,Total,Thousand tonnes of oil equivalent,Czechia,2014,2922.578,energy_consumption
Annual,Final consumption - other sectors - commercial and public services - energy use,Total,Thousand tonnes of oil equivalent,Czechia,2015,2977.367,energy_consumption
Annual,Final consumption - other sectors - commercial and public services - energy use,Total,Thousand tonnes of oil equivalent,Czechia,2016,3091.444,energy_consumption
Annual,Final consumption - other sectors - commercial and public services - energy use,Total,Thousand tonnes of oil equivalent,Czechia,2017,3180.772,energy_consumption
Annual,Final consumption - other sectors - commercial and public services - energy use,Total,Thousand tonnes of oil equivalent,Czechia,2018,3127.767,energy_consumption
Annual,Final consumption - other sectors - commercial and public services - energy use,Total,Thousand tonnes of oil equivalent,Czechia,2019,3191.895,energy_consumption
Annual,Final consumption - other sectors - commercial and public services - energy use,Total,Thousand tonnes of oil equivalent,Czechia,2020,2987.13,energy_consumption
Annual,Final consumption - other sectors - commercial and public services - energy use,Total,Thousand tonnes of oil equivalent,Czechia,2021,2966.844,energy_consumption
Annual,Final consumption - other sectors - commercial and public services - energy use,Total,Thousand tonnes of oil equivalent,Czechia,2022,2889.892,energy_consumption
Annual,Final consumption - other sectors - commercial and public services - energy use,Total,Thousand tonnes of oil equivalent,Czechia,2023,2693.4,energy_consumption
Annual,Final consumption - other sectors - commercial and public services - energy use,Total,Thousand tonnes of oil equivalent,Czechia,2024,2746.66,energy_consumption
Annual,Final consumption - other sectors - commercial and public services - energy use,Total,Thousand tonnes of oil equivalent,Denmark,2013,1985.862,energy_consumption
Annual,Final consumption - other sectors - commercial and public services - energy use,Total,Thousand tonnes of oil equivalent,Denmark,2014,1868.206,energy_consumption
Annual,Final consumption - other sectors - commercial and public services - energy use,Total,Thousand tonnes of oil equivalent,Denmark,2015,1917.091,energy_consumption
Annual,Final consumption - other sectors - commercial and public services - energy use,Total,Thousand tonnes of oil equivalent,Denmark,2016,1968.055,energy_consumption
Annual,Final consumption - other sectors - commercial and public services - energy use,Total,Thousand tonnes of oil equivalent,Denmark,2017,2002.267,energy_consumption
Annual,Final consumption - other sectors - commercial and public services - energy use,Total,Thousand tonnes of oil equivalent,Denmark,2018,1972.969,energy_consumption
Annual,Final consumption - other sectors - commercial and public services - energy use,Total,Thousand tonnes of oil equivalent,Denmark,2019,1908.308,energy_consumption
Annual,Final consumption - other sectors - commercial and public services - energy use,Total,Thousand tonnes of oil equivalent,Denmark,2020,1793.418,energy_consumption
Annual,Final consumption - other sectors - commercial and public services - energy use,Total,Thousand tonnes of oil equivalent,Denmark,2021,1982.613,energy_consumption
Annual,Final consumption - other sectors - commercial and public services - energy use,Total,Thousand tonnes of oil equivalent,Denmark,2022,1895.789,energy_consumption
Annual,Final consumption - other sectors - commercial and public services - energy use,Total,Thousand tonnes of oil equivalent,Denmark,2023,1879.707,energy_consumption
Annual,Final consumption - other sectors - commercial and public services - energy use,Total,Thousand tonnes of oil equivalent,Denmark,2024,1938.118,energy_consumption
Annual,Final consumption - other sectors - commercial and public services - energy use,Total,Thousand tonnes of oil equivalent,Germany,2013,33549.528,energy_consumption
Annual,Final consumption - other sectors - commercial and public services - energy use,Total,Thousand tonnes of oil equivalent,Germany,2014,30766.034,energy_consumption
Annual,Final consumption - other sectors - commercial and public services - energy use,Total,Thousand tonnes of oil equivalent,Germany,2015,32289.872,energy_consumption
Annual,Final consumption - other sectors - commercial and public services - energy use,Total,Thousand tonnes of oil equivalent,Germany,2016,31865.517,energy_consumption
Annual,Final consumption - other sectors - commercial and public services - energy use,Total,Thousand tonnes of oil equivalent,Germany,2017,31837.801,energy_consumption
Annual,Final consumption - other sectors - commercial and public services - energy use,Total,Thousand tonnes of oil equivalent,Germany,2018,28892.812,energy_consumption
Annual,Final consumption - other sectors - commercial and public services - energy use,Total,Thousand tonnes of oil equivalent,Germany,2019,27533.764,energy_consumption
Annual,Final consumption - other sectors - commercial and public services - energy use,Total,Thousand tonnes of oil equivalent,Germany,2020,26842.069,energy_consumption
Annual,Final consumption - other sectors - commercial and public services - energy use,Total,Thousand tonnes of oil equivalent,Germany,2021,30013.224,energy_consumption
Annual,Final consumption - other sectors - commercial and public services - energy use,Total,Thousand tonnes of oil equivalent,Germany,2022,24742.311,energy_consumption
Annual,Final consumption - other sectors - commercial and public services - energy use,Total,Thousand tonnes of oil equivalent,Germany,2023,23917.116,energy_consumption
Annual,Final consumption - other sectors - commercial and public services - energy use,Total,Thousand tonnes of oil equivalent,Germany,2024,23800.773,energy_consumption
Annual,Final consumption - other sectors - commercial and public services - energy use,Total,Thousand tonnes of oil equivalent,Estonia,2013,417.892,energy_consumption
Annual,Final consumption - other sectors - commercial and public services - energy use,Total,Thousand tonnes of oil equivalent,Estonia,2014,457.642,energy_consumption
Annual,Final consumption - other sectors - commercial and public services - energy use,Total,Thousand tonnes of oil equivalent,Estonia,2015,465.395,energy_consumption
Annual,Final consumption - other sectors - commercial and public services - energy use,Total,Thousand tonnes of oil equivalent,Estonia,2016,498.236,energy_consumption
Annual,Final consumption - other sectors - commercial and public services - energy use,Total,Thousand tonnes of oil equivalent,Estonia,2017,466.591,energy_consumption
Annual,Final consumption - other sectors - commercial and public services - energy use,Total,Thousand tonnes of oil equivalent,Estonia,2018,490.285,energy_consumption
Annual,Final consumption - other sectors - commercial and public services - energy use,Total,Thousand tonnes of oil equivalent,Estonia,2019,462.14,energy_consumption
Annual,Final consumption - other sectors - commercial and public services - energy use,Total,Thousand tonnes of oil equivalent,Estonia,2020,467.154,energy_consumption
Annual,Final consumption - other sectors - commercial and public services - energy use,Total,Thousand tonnes of oil equivalent,Estonia,2021,511.934,energy_consumption
Annual,Final consumption - other sectors - commercial and public services - energy use,Total,Thousand tonnes of oil equivalent,Estonia,2022,455.451,energy_consumption
Annual,Final consumption - other sectors - commercial and public services - energy use,Total,Thousand tonnes of oil equivalent,Estonia,2023,361.21,energy_consumption
Annual,Final consumption - other sectors - commercial and public services - energy use,Total,Thousand tonnes of oil equivalent,Estonia,2024,483.237,energy_consumption
Annual,Final consumption - other sectors - commercial and public services - energy use,Total,Thousand tonnes of oil equivalent,Ireland,2013,1445.343,energy_consumption
Annual,Final consumption - other sectors - commercial and public services - energy use,Total,Thousand tonnes of oil equivalent,Ireland,2014,1434.864,energy_consumption
Annual,Final consumption - other sectors - commercial and public services - energy use,Total,Thousand tonnes of oil equivalent,Ireland,2015,1521.144,energy_consumption
Annual,Final consumption - other sectors - commercial and public services - energy use,Total,Thousand tonnes of oil equivalent,Ireland,2016,1544.653,energy_consumption
Annual,Final consumption - other sectors - commercial and public services - energy use,Total,Thousand tonnes of oil equivalent,Ireland,2017,1537.548,energy_consumption
Annual,Final consumption - other sectors - commercial and public services - energy use,Total,Thousand tonnes of oil equivalent,Ireland,2018,1701.461,energy_consumption
Annual,Final consumption - other sectors - commercial and public services - energy use,Total,Thousand tonnes of oil equivalent,Ireland,2019,1736.599,energy_consumption
Annual,Final consumption - other sectors - commercial and public services - energy use,Total,Thousand tonnes of oil equivalent,Ireland,2020,1636.774,energy_consumption
Annual,Final consumption - other sectors - commercial and public services - energy use,Total,Thousand tonnes of oil equivalent,Ireland,2021,1760.914,energy_consumption
Annual,Final consumption - other sectors - commercial and public services - energy use,Total,Thousand tonnes of oil equivalent,Ireland,2022,1836.283,energy_consumption
Annual,Final consumption - other sectors - commercial and public services - energy use,Total,Thousand tonnes of oil equivalent,Ireland,2023,1918.591,energy_consumption
Annual,Final consumption - other sectors - commercial and public services - energy use,Total,Thousand tonnes of oil equivalent,Ireland,2024,2031.138,energy_consumption
Annual,Final consumption - other sectors - commercial and public services - energy use,Total,Thousand tonnes of oil equivalent,Greece,2013,1820.639,energy_consumption
Annual,Final consumption - other sectors - commercial and public services - energy use,Total,Thousand tonnes of oil equivalent,Greece,2014,1714.028,energy_consumption
Annual,Final consumption - other sectors - commercial and public services - energy use,Total,Thousand tonnes of oil equivalent,Greece,2015,1874.935,energy_consumption
Annual,Final consumption - other sectors - commercial and public services - energy use,Total,Thousand tonnes of oil equivalent,Greece,2016,2037.527,energy_consumption
Annual,Final consumption - other sectors - commercial and public services - energy use,Total,Thousand tonnes of oil equivalent,Greece,2017,2191.693,energy_consumption
Annual,Final consumption - other sectors - commercial and public services - energy use,Total,Thousand tonnes of oil equivalent,Greece,2018,2093.373,energy_consumption
Annual,Final consumption - other sectors - commercial and public services - energy use,Total,Thousand tonnes of oil equivalent,Greece,2019,2135.469,energy_consumption
Annual,Final consumption - other sectors - commercial and public services - energy use,Total,Thousand tonnes of oil equivalent,Greece,2020,1903.485,energy_consumption
Annual,Final consumption - other sectors - commercial and public services - energy use,Total,Thousand tonnes of oil equivalent,Greece,2021,2045.466,energy_consumption
Annual,Final consumption - other sectors - commercial and public services - energy use,Total,Thousand tonnes of oil equivalent,Greece,2022,2107.524,energy_consumption
Annual,Final consumption - other sectors - commercial and public services - energy use,Total,Thousand tonnes of oil equivalent,Greece,2023,2139.227,energy_consumption
Annual,Final consumption - other sectors - commercial and public services - energy use,Total,Thousand tonnes of oil equivalent,Greece,2024,2311.334,energy_consumption
Annual,Final consumption - other sectors - commercial and public services - energy use,Total,Thousand tonnes of oil equivalent,Spain,2013,9667.769,energy_consumption
Annual,Final consumption - other sectors - commercial and public services - energy use,Total,Thousand tonnes of oil equivalent,Spain,2014,8933.937,energy_consumption
Annual,Final consumption - other sectors - commercial and public services - energy use,Total,Thousand tonnes of oil equivalent,Spain,2015,9511.993,energy_consumption
Annual,Final consumption - other sectors - commercial and public services - energy use,Total,Thousand tonnes of oil equivalent,Spain,2016,9830.589,energy_consumption
Annual,Final consumption - other sectors - commercial and public services - energy use,Total,Thousand tonnes of oil equivalent,Spain,2017,10132.767,energy_consumption
Annual,Final consumption - other sectors - commercial and public services - energy use,Total,Thousand tonnes of oil equivalent,Spain,2018,10287.346,energy_consumption
Annual,Final consumption - other sectors - commercial and public services - energy use,Total,Thousand tonnes of oil equivalent,Spain,2019,10346.442,energy_consumption
Annual,Final consumption - other sectors - commercial and public services - energy use,Total,Thousand tonnes of oil equivalent,Spain,2020,9558.346,energy_consumption
Annual,Final consumption - other sectors - commercial and public services - energy use,Total,Thousand tonnes of oil equivalent,Spain,2021,10185.375,energy_consumption
Annual,Final consumption - other sectors - commercial and public services - energy use,Total,Thousand tonnes of oil equivalent,Spain,2022,10190.443,energy_consumption
Annual,Final consumption - other sectors - commercial and public services - energy use,Total,Thousand tonnes of oil equivalent,Spain,2023,10333.038,energy_consumption
Annual,Final consumption - other sectors - commercial and public services - energy use,Total,Thousand tonnes of oil equivalent,Spain,2024,11081.821,energy_consumption
Annual,Final consumption - other sectors - commercial and public services - energy use,Total,Thousand tonnes of oil equivalent,France,2013,21890.101,energy_consumption
Annual,Final consumption - other sectors - commercial and public services - energy use,Total,Thousand tonnes of oil equivalent,France,2014,20279.472,energy_consumption
Annual,Final consumption - other sectors - commercial and public services - energy use,Total,Thousand tonnes of oil equivalent,France,2015,21001.628,energy_consumption
Annual,Final consumption - other sectors - commercial and public services - energy use,Total,Thousand tonnes of oil equivalent,France,2016,21031.736,energy_consumption
Annual,Final consumption - other sectors - commercial and public services - energy use,Total,Thousand tonnes of oil equivalent,France,2017,21271.658,energy_consumption
Annual,Final consumption - other sectors - commercial and public services - energy use,Total,Thousand tonnes of oil equivalent,France,2018,21132.815,energy_consumption
Annual,Final consumption - other sectors - commercial and public services - energy use,Total,Thousand tonnes of oil equivalent,France,2019,20554.193,energy_consumption
Annual,Final consumption - other sectors - commercial and public services - energy use,Total,Thousand tonnes of oil equivalent,France,2020,19182.269,energy_consumption
Annual,Final consumption - other sectors - commercial and public services - energy use,Total,Thousand tonnes of oil equivalent,France,2021,20566.923,energy_consumption
Annual,Final consumption - other sectors - commercial and public services - energy use,Total,Thousand tonnes of oil equivalent,France,2022,19362.864,energy_consumption
Annual,Final consumption - other sectors - commercial and public services - energy use,Total,Thousand tonnes of oil equivalent,France,2023,18244.251,energy_consumption
Annual,Final consumption - other sectors - commercial and public services - energy use,Total,Thousand tonnes of oil equivalent,France,2024,18466.726,energy_consumption
Annual,Final consumption - other sectors - commercial and public services - energy use,Total,Thousand tonnes of oil equivalent,Croatia,2013,740.881,energy_consumption
Annual,Final consumption - other sectors - commercial and public services - energy use,Total,Thousand tonnes of oil equivalent,Croatia,2014,693.717,energy_consumption
Annual,Final consumption - other sectors - commercial and public services - energy use,Total,Thousand tonnes of oil equivalent,Croatia,2015,763.679,energy_consumption
Annual,Final consumption - other sectors - commercial and public services - energy use,Total,Thousand tonnes of oil equivalent,Croatia,2016,780.992,energy_consumption
Annual,Final consumption - other sectors - commercial and public services - energy use,Total,Thousand tonnes of oil equivalent,Croatia,2017,818.061,energy_consumption
Annual,Final consumption - other sectors - commercial and public services - energy use,Total,Thousand tonnes of oil equivalent,Croatia,2018,832.935,energy_consumption
Annual,Final consumption - other sectors - commercial and public services - energy use,Total,Thousand tonnes of oil equivalent,Croatia,2019,835.886,energy_consumption
Annual,Final consumption - other sectors - commercial and public services - energy use,Total,Thousand tonnes of oil equivalent,Croatia,2020,757.788,energy_consumption
Annual,Final consumption - other sectors - commercial and public services - energy use,Total,Thousand tonnes of oil equivalent,Croatia,2021,848.096,energy_consumption
Annual,Final consumption - other sectors - commercial and public services - energy use,Total,Thousand tonnes of oil equivalent,Croatia,2022,808.947,energy_consumption
Annual,Final consumption - other sectors - commercial and public services - energy use,Total,Thousand tonnes of oil equivalent,Croatia,2023,780.95,energy_consumption
Annual,Final consumption - other sectors - commercial and public services - energy use,Total,Thousand tonnes of oil equivalent,Croatia,2024,787.559,energy_consumption
Annual,Final consumption - other sectors - commercial and public services - energy use,Total,Thousand tonnes of oil equivalent,Italy,2013,15846.527,energy_consumption
Annual,Final consumption - other sectors - commercial and public services - energy use,Total,Thousand tonnes of oil equivalent,Italy,2014,14666.679,energy_consumption
Annual,Final consumption - other sectors - commercial and public services - energy use,Total,Thousand tonnes of oil equivalent,Italy,2015,15391.466,energy_consumption
Annual,Final consumption - other sectors - commercial and public services - energy use,Total,Thousand tonnes of oil equivalent,Italy,2016,15439.966,energy_consumption
Annual,Final consumption - other sectors - commercial and public services - energy use,Total,Thousand tonnes of oil equivalent,Italy,2017,18242.166,energy_consumption
Annual,Final consumption - other sectors - commercial and public services - energy use,Total,Thousand tonnes of oil equivalent,Italy,2018,19002.194,energy_consumption
Annual,Final consumption - other sectors - commercial and public services - energy use,Total,Thousand tonnes of oil equivalent,Italy,2019,18192.3,energy_consumption
Annual,Final consumption - other sectors - commercial and public services - energy use,Total,Thousand tonnes of oil equivalent,Italy,2020,16557.57,energy_consumption
Annual,Final consumption - other sectors - commercial and public services - energy use,Total,Thousand tonnes of oil equivalent,Italy,2021,16805.552,energy_consumption
Annual,Final consumption - other sectors - commercial and public services - energy use,Total,Thousand tonnes of oil equivalent,Italy,2022,16137.505,energy_consumption
Annual,Final consumption - other sectors - commercial and public services - energy use,Total,Thousand tonnes of oil equivalent,Italy,2023,16603.149,energy_consumption
Annual,Final consumption - other sectors - commercial and public services - energy use,Total,Thousand tonnes of oil equivalent,Italy,2024,16977.244,energy_consumption
Annual,Final consumption - other sectors - commercial and public services - energy use,Total,Thousand tonnes of oil equivalent,Cyprus,2013,204.729,energy_consumption
Annual,Final consumption - other sectors - commercial and public services - energy use,Total,Thousand tonnes of oil equivalent,Cyprus,2014,202.013,energy_consumption
Annual,Final consumption - other sectors - commercial and public services - energy use,Total,Thousand tonnes of oil equivalent,Cyprus,2015,209.278,energy_consumption
Annual,Final consumption - other sectors - commercial and public services - energy use,Total,Thousand tonnes of oil equivalent,Cyprus,2016,223.134,energy_consumption
Annual,Final consumption - other sectors - commercial and public services - energy use,Total,Thousand tonnes of oil equivalent,Cyprus,2017,231.734,energy_consumption
Annual,Final consumption - other sectors - commercial and public services - energy use,Total,Thousand tonnes of oil equivalent,Cyprus,2018,272.279,energy_consumption
Annual,Final consumption - other sectors - commercial and public services - energy use,Total,Thousand tonnes of oil equivalent,Cyprus,2019,284.275,energy_consumption
Annual,Final consumption - other sectors - commercial and public services - energy use,Total,Thousand tonnes of oil equivalent,Cyprus,2020,238.034,energy_consumption
Annual,Final consumption - other sectors - commercial and public services - energy use,Total,Thousand tonnes of oil equivalent,Cyprus,2021,261.095,energy_consumption
Annual,Final consumption - other sectors - commercial and public services - energy use,Total,Thousand tonnes of oil equivalent,Cyprus,2022,286.497,energy_consumption
Annual,Final consumption - other sectors - commercial and public services - energy use,Total,Thousand tonnes of oil equivalent,Cyprus,2023,292.293,energy_consumption
Annual,Final consumption - other sectors - commercial and public services - energy use,Total,Thousand tonnes of oil equivalent,Cyprus,2024,310.819,energy_consumption
Annual,Final consumption - other sectors - commercial and public services - energy use,Total,Thousand tonnes of oil equivalent,Latvia,2013,600.446,energy_consumption
Annual,Final consumption - other sectors - commercial and public services - energy use,Total,Thousand tonnes of oil equivalent,Latvia,2014,608.772,energy_consumption
Annual,Final consumption - other sectors - commercial and public services - energy use,Total,Thousand tonnes of oil equivalent,Latvia,2015,586.308,energy_consumption
Annual,Final consumption - other sectors - commercial and public services - energy use,Total,Thousand tonnes of oil equivalent,Latvia,2016,592.494,energy_consumption
Annual,Final consumption - other sectors - commercial and public services - energy use,Total,Thousand tonnes of oil equivalent,Latvia,2017,606.778,energy_consumption
Annual,Final consumption - other sectors - commercial and public services - energy use,Total,Thousand tonnes of oil equivalent,Latvia,2018,591.751,energy_consumption
Annual,Final consumption - other sectors - commercial and public services - energy use,Total,Thousand tonnes of oil equivalent,Latvia,2019,568.472,energy_consumption
Annual,Final consumption - other sectors - commercial and public services - energy use,Total,Thousand tonnes of oil equivalent,Latvia,2020,549.954,energy_consumption
Annual,Final consumption - other sectors - commercial and public services - energy use,Total,Thousand tonnes of oil equivalent,Latvia,2021,600.656,energy_consumption
Annual,Final consumption - other sectors - commercial and public services - energy use,Total,Thousand tonnes of oil equivalent,Latvia,2022,569.985,energy_consumption
Annual,Final consumption - other sectors - commercial and public services - energy use,Total,Thousand tonnes of oil equivalent,Latvia,2023,540.609,energy_consumption
Annual,Final consumption - other sectors - commercial and public services - energy use,Total,Thousand tonnes of oil equivalent,Latvia,2024,535.456,energy_consumption
Annual,Final consumption - other sectors - commercial and public services - energy use,Total,Thousand tonnes of oil equivalent,Lithuania,2013,593.023,energy_consumption
Annual,Final consumption - other sectors - commercial and public services - energy use,Total,Thousand tonnes of oil equivalent,Lithuania,2014,585.668,energy_consumption
Annual,Final consumption - other sectors - commercial and public services - energy use,Total,Thousand tonnes of oil equivalent,Lithuania,2015,574.923,energy_consumption
Annual,Final consumption - other sectors - commercial and public services - energy use,Total,Thousand tonnes of oil equivalent,Lithuania,2016,602.552,energy_consumption
Annual,Final consumption - other sectors - commercial and public services - energy use,Total,Thousand tonnes of oil equivalent,Lithuania,2017,633.867,energy_consumption
Annual,Final consumption - other sectors - commercial and public services - energy use,Total,Thousand tonnes of oil equivalent,Lithuania,2018,651.177,energy_consumption
Annual,Final consumption - other sectors - commercial and public services - energy use,Total,Thousand tonnes of oil equivalent,Lithuania,2019,626.707,energy_consumption
Annual,Final consumption - other sectors - commercial and public services - energy use,Total,Thousand tonnes of oil equivalent,Lithuania,2020,576.205,energy_consumption
Annual,Final consumption - other sectors - commercial and public services - energy use,Total,Thousand tonnes of oil equivalent,Lithuania,2021,646.668,energy_consumption
Annual,Final consumption - other sectors - commercial and public services - energy use,Total,Thousand tonnes of oil equivalent,Lithuania,2022,623.744,energy_consumption
Annual,Final consumption - other sectors - commercial and public services - energy use,Total,Thousand tonnes of oil equivalent,Lithuania,2023,620.897,energy_consumption
Annual,Final consumption - other sectors - commercial and public services - energy use,Total,Thousand tonnes of oil equivalent,Lithuania,2024,639.231,energy_consumption
Annual,Final consumption - other sectors - commercial and public services - energy use,Total,Thousand tonnes of oil equivalent,Luxembourg,2013,399.689,energy_consumption
Annual,Final consumption - other sectors - commercial and public services - energy use,Total,Thousand tonnes of oil equivalent,Luxembourg,2014,353.432,energy_consumption
Annual,Final consumption - other sectors - commercial and public services - energy use,Total,Thousand tonnes of oil equivalent,Luxembourg,2015,396.759,energy_consumption
Annual,Final consumption - other sectors - commercial and public services - energy use,Total,Thousand tonnes of oil equivalent,Luxembourg,2016,399.966,energy_consumption
Annual,Final consumption - other sectors - commercial and public services - energy use,Total,Thousand tonnes of oil equivalent,Luxembourg,2017,449.066,energy_consumption
Annual,Final consumption - other sectors - commercial and public services - energy use,Total,Thousand tonnes of oil equivalent,Luxembourg,2018,460.683,energy_consumption
Annual,Final consumption - other sectors - commercial and public services - energy use,Total,Thousand tonnes of oil equivalent,Luxembourg,2019,519.37,energy_consumption
Annual,Final consumption - other sectors - commercial and public services - energy use,Total,Thousand tonnes of oil equivalent,Luxembourg,2020,496.04,energy_consumption
Annual,Final consumption - other sectors - commercial and public services - energy use,Total,Thousand tonnes of oil equivalent,Luxembourg,2021,554.895,energy_consumption
Annual,Final consumption - other sectors - commercial and public services - energy use,Total,Thousand tonnes of oil equivalent,Luxembourg,2022,449.494,energy_consumption
Annual,Final consumption - other sectors - commercial and public services - energy use,Total,Thousand tonnes of oil equivalent,Luxembourg,2023,449.749,energy_consumption
Annual,Final consumption - other sectors - commercial and public services - energy use,Total,Thousand tonnes of oil equivalent,Luxembourg,2024,449.361,energy_consumption
Annual,Final consumption - other sectors - commercial and public services - energy use,Total,Thousand tonnes of oil equivalent,Hungary,2013,2337.107,energy_consumption
Annual,Final consumption - other sectors - commercial and public services - energy use,Total,Thousand tonnes of oil equivalent,Hungary,2014,2114.78,energy_consumption
Annual,Final consumption - other sectors - commercial and public services - energy use,Total,Thousand tonnes of oil equivalent,Hungary,2015,2203.657,energy_consumption
Annual,Final consumption - other sectors - commercial and public services - energy use,Total,Thousand tonnes of oil equivalent,Hungary,2016,2183.456,energy_consumption
Annual,Final consumption - other sectors - commercial and public services - energy use,Total,Thousand tonnes of oil equivalent,Hungary,2017,2154.189,energy_consumption
Annual,Final consumption - other sectors - commercial and public services - energy use,Total,Thousand tonnes of oil equivalent,Hungary,2018,2098.672,energy_consumption
Annual,Final consumption - other sectors - commercial and public services - energy use,Total,Thousand tonnes of oil equivalent,Hungary,2019,2050.439,energy_consumption
Annual,Final consumption - other sectors - commercial and public services - energy use,Total,Thousand tonnes of oil equivalent,Hungary,2020,2000.195,energy_consumption
Annual,Final consumption - other sectors - commercial and public services - energy use,Total,Thousand tonnes of oil equivalent,Hungary,2021,2074.148,energy_consumption
Annual,Final consumption - other sectors - commercial and public services - energy use,Total,Thousand tonnes of oil equivalent,Hungary,2022,1905.638,energy_consumption
Annual,Final consumption - other sectors - commercial and public services - energy use,Total,Thousand tonnes of oil equivalent,Hungary,2023,1642.105,energy_consumption
Annual,Final consumption - other sectors - commercial and public services - energy use,Total,Thousand tonnes of oil equivalent,Hungary,2024,1633.818,energy_consumption
Annual,Final consumption - other sectors - commercial and public services - energy use,Total,Thousand tonnes of oil equivalent,Malta,2013,103.516,energy_consumption
Annual,Final consumption - other sectors - commercial and public services - energy use,Total,Thousand tonnes of oil equivalent,Malta,2014,110.711,energy_consumption
Annual,Final consumption - other sectors - commercial and public services - energy use,Total,Thousand tonnes of oil equivalent,Malta,2015,120.944,energy_consumption
Annual,Final consumption - other sectors - commercial and public services - energy use,Total,Thousand tonnes of oil equivalent,Malta,2016,118.292,energy_consumption
Annual,Final consumption - other sectors - commercial and public services - energy use,Total,Thousand tonnes of oil equivalent,Malta,2017,128.355,energy_consumption
Annual,Final consumption - other sectors - commercial and public services - energy use,Total,Thousand tonnes of oil equivalent,Malta,2018,119.646,energy_consumption
Annual,Final consumption - other sectors - commercial and public services - energy use,Total,Thousand tonnes of oil equivalent,Malta,2019,122.568,energy_consumption
Annual,Final consumption - other sectors - commercial and public services - energy use,Total,Thousand tonnes of oil equivalent,Malta,2020,106.366,energy_consumption
Annual,Final consumption - other sectors - commercial and public services - energy use,Total,Thousand tonnes of oil equivalent,Malta,2021,112.613,energy_consumption
Annual,Final consumption - other sectors - commercial and public services - energy use,Total,Thousand tonnes of oil equivalent,Malta,2022,128.775,energy_consumption
Annual,Final consumption - other sectors - commercial and public services - energy use,Total,Thousand tonnes of oil equivalent,Malta,2023,126.202,energy_consumption
Annual,Final consumption - other sectors - commercial and public services - energy use,Total,Thousand tonnes of oil equivalent,Malta,2024,133.366,energy_consumption
Annual,Final consumption - other sectors - commercial and public services - energy use,Total,Thousand tonnes of oil equivalent,Netherlands,2013,7357.526,energy_consumption
Annual,Final consumption - other sectors - commercial and public services - energy use,Total,Thousand tonnes of oil equivalent,Netherlands,2014,6502.125,energy_consumption
Annual,Final consumption - other sectors - commercial and public services - energy use,Total,Thousand tonnes of oil equivalent,Netherlands,2015,6930.84,energy_consumption
Annual,Final consumption - other sectors - commercial and public services - energy use,Total,Thousand tonnes of oil equivalent,Netherlands,2016,6948.355,energy_consumption
Annual,Final consumption - other sectors - commercial and public services - energy use,Total,Thousand tonnes of oil equivalent,Netherlands,2017,7058.353,energy_consumption
Annual,Final consumption - other sectors - commercial and public services - energy use,Total,Thousand tonnes of oil equivalent,Netherlands,2018,7007.136,energy_consumption
Annual,Final consumption - other sectors - commercial and public services - energy use,Total,Thousand tonnes of oil equivalent,Netherlands,2019,6804.41,energy_consumption
Annual,Final consumption - other sectors - commercial and public services - energy use,Total,Thousand tonnes of oil equivalent,Netherlands,2020,6479.542,energy_consumption
Annual,Final consumption - other sectors - commercial and public services - energy use,Total,Thousand tonnes of oil equivalent,Netherlands,2021,6767.069,energy_consumption
Annual,Final consumption - other sectors - commercial and public services - energy use,Total,Thousand tonnes of oil equivalent,Netherlands,2022,6388.196,energy_consumption
Annual,Final consumption - other sectors - commercial and public services - energy use,Total,Thousand tonnes of oil equivalent,Netherlands,2023,6194.705,energy_consumption
Annual,Final consumption - other sectors - commercial and public services - energy use,Total,Thousand tonnes of oil equivalent,Netherlands,2024,6171.357,energy_consumption
Annual,Final consumption - other sectors - commercial and public services - energy use,Total,Thousand tonnes of oil equivalent,Austria,2013,2551.659,energy_consumption
Annual,Final consumption - other sectors - commercial and public services - energy use,Total,Thousand tonnes of oil equivalent,Austria,2014,2423.488,energy_consumption
Annual,Final consumption - other sectors - commercial and public services - energy use,Total,Thousand tonnes of oil equivalent,Austria,2015,2478.518,energy_consumption
Annual,Final consumption - other sectors - commercial and public services - energy use,Total,Thousand tonnes of oil equivalent,Austria,2016,2425.01,energy_consumption
Annual,Final consumption - other sectors - commercial and public services - energy use,Total,Thousand tonnes of oil equivalent,Austria,2017,2638.262,energy_consumption
Annual,Final consumption - other sectors - commercial and public services - energy use,Total,Thousand tonnes of oil equivalent,Austria,2018,2579.022,energy_consumption
Annual,Final consumption - other sectors - commercial and public services - energy use,Total,Thousand tonnes of oil equivalent,Austria,2019,2637.368,energy_consumption
Annual,Final consumption - other sectors - commercial and public services - energy use,Total,Thousand tonnes of oil equivalent,Austria,2020,2449.225,energy_consumption
Annual,Final consumption - other sectors - commercial and public services - energy use,Total,Thousand tonnes of oil equivalent,Austria,2021,2606.369,energy_consumption
Annual,Final consumption - other sectors - commercial and public services - energy use,Total,Thousand tonnes of oil equivalent,Austria,2022,2449.573,energy_consumption
Annual,Final consumption - other sectors - commercial and public services - energy use,Total,Thousand tonnes of oil equivalent,Austria,2023,2242.702,energy_consumption
Annual,Final consumption - other sectors - commercial and public services - energy use,Total,Thousand tonnes of oil equivalent,Austria,2024,2324.662,energy_consumption
Annual,Final consumption - other sectors - commercial and public services - energy use,Total,Thousand tonnes of oil equivalent,Poland,2013,8078.718,energy_consumption
Annual,Final consumption - other sectors - commercial and public services - energy use,Total,Thousand tonnes of oil equivalent,Poland,2014,7788.276,energy_consumption
Annual,Final consumption - other sectors - commercial and public services - energy use,Total,Thousand tonnes of oil equivalent,Poland,2015,7842.349,energy_consumption
Annual,Final consumption - other sectors - commercial and public services - energy use,Total,Thousand tonnes of oil equivalent,Poland,2016,8502.804,energy_consumption
Annual,Final consumption - other sectors - commercial and public services - energy use,Total,Thousand tonnes of oil equivalent,Poland,2017,8044.539,energy_consumption
Annual,Final consumption - other sectors - commercial and public services - energy use,Total,Thousand tonnes of oil equivalent,Poland,2018,7928.559,energy_consumption
Annual,Final consumption - other sectors - commercial and public services - energy use,Total,Thousand tonnes of oil equivalent,Poland,2019,7808.047,energy_consumption
Annual,Final consumption - other sectors - commercial and public services - energy use,Total,Thousand tonnes of oil equivalent,Poland,2020,7561.151,energy_consumption
Annual,Final consumption - other sectors - commercial and public services - energy use,Total,Thousand tonnes of oil equivalent,Poland,2021,8393.796,energy_consumption
Annual,Final consumption - other sectors - commercial and public services - energy use,Total,Thousand tonnes of oil equivalent,Poland,2022,8136.768,energy_consumption
Annual,Final consumption - other sectors - commercial and public services - energy use,Total,Thousand tonnes of oil equivalent,Poland,2023,7450.394,energy_consumption
Annual,Final consumption - other sectors - commercial and public services - energy use,Total,Thousand tonnes of oil equivalent,Poland,2024,7554.953,energy_consumption
Annual,Final consumption - other sectors - commercial and public services - energy use,Total,Thousand tonnes of oil equivalent,Portugal,2013,1786.725,energy_consumption
Annual,Final consumption - other sectors - commercial and public services - energy use,Total,Thousand tonnes of oil equivalent,Portugal,2014,2284.617,energy_consumption
Annual,Final consumption - other sectors - commercial and public services - energy use,Total,Thousand tonnes of oil equivalent,Portugal,2015,2356.381,energy_consumption
Annual,Final consumption - other sectors - commercial and public services - energy use,Total,Thousand tonnes of oil equivalent,Portugal,2016,2289.624,energy_consumption
Annual,Final consumption - other sectors - commercial and public services - energy use,Total,Thousand tonnes of oil equivalent,Portugal,2017,2301.406,energy_consumption
Annual,Final consumption - other sectors - commercial and public services - energy use,Total,Thousand tonnes of oil equivalent,Portugal,2018,2380.554,energy_consumption
Annual,Final consumption - other sectors - commercial and public services - energy use,Total,Thousand tonnes of oil equivalent,Portugal,2019,2359.195,energy_consumption
Annual,Final consumption - other sectors - commercial and public services - energy use,Total,Thousand tonnes of oil equivalent,Portugal,2020,2161.553,energy_consumption
Annual,Final consumption - other sectors - commercial and public services - energy use,Total,Thousand tonnes of oil equivalent,Portugal,2021,2191.033,energy_consumption
Annual,Final consumption - other sectors - commercial and public services - energy use,Total,Thousand tonnes of oil equivalent,Portugal,2022,2383.392,energy_consumption
Annual,Final consumption - other sectors - commercial and public services - energy use,Total,Thousand tonnes of oil equivalent,Portugal,2023,2424.569,energy_consumption
Annual,Final consumption - other sectors - commercial and public services - energy use,Total,Thousand tonnes of oil equivalent,Portugal,2024,2348.267,energy_consumption
Annual,Final consumption - other sectors - commercial and public services - energy use,Total,Thousand tonnes of oil equivalent,Romania,2013,1784.9,energy_consumption
Annual,Final consumption - other sectors - commercial and public services - energy use,Total,Thousand tonnes of oil equivalent,Romania,2014,1768.388,energy_consumption
Annual,Final consumption - other sectors - commercial and public services - energy use,Total,Thousand tonnes of oil equivalent,Romania,2015,1761.969,energy_consumption
Annual,Final consumption - other sectors - commercial and public services - energy use,Total,Thousand tonnes of oil equivalent,Romania,2016,1806.394,energy_consumption
Annual,Final consumption - other sectors - commercial and public services - energy use,Total,Thousand tonnes of oil equivalent,Romania,2017,1858.427,energy_consumption
Annual,Final consumption - other sectors - commercial and public services - energy use,Total,Thousand tonnes of oil equivalent,Romania,2018,1976.15,energy_consumption
Annual,Final consumption - other sectors - commercial and public services - energy use,Total,Thousand tonnes of oil equivalent,Romania,2019,1962.137,energy_consumption
Annual,Final consumption - other sectors - commercial and public services - energy use,Total,Thousand tonnes of oil equivalent,Romania,2020,1834.29,energy_consumption
Annual,Final consumption - other sectors - commercial and public services - energy use,Total,Thousand tonnes of oil equivalent,Romania,2021,1854.128,energy_consumption
Annual,Final consumption - other sectors - commercial and public services - energy use,Total,Thousand tonnes of oil equivalent,Romania,2022,1908.08,energy_consumption
Annual,Final consumption - other sectors - commercial and public services - energy use,Total,Thousand tonnes of oil equivalent,Romania,2023,2050.182,energy_consumption
Annual,Final consumption - other sectors - commercial and public services - energy use,Total,Thousand tonnes of oil equivalent,Romania,2024,1933.88,energy_consumption
Annual,Final consumption - other sectors - commercial and public services - energy use,Total,Thousand tonnes of oil equivalent,Slovenia,2013,467.775,energy_consumption
Annual,Final consumption - other sectors - commercial and public services - energy use,Total,Thousand tonnes of oil equivalent,Slovenia,2014,427.211,energy_consumption
Annual,Final consumption - other sectors - commercial and public services - energy use,Total,Thousand tonnes of oil equivalent,Slovenia,2015,454.503,energy_consumption
Annual,Final consumption - other sectors - commercial and public services - energy use,Total,Thousand tonnes of oil equivalent,Slovenia,2016,492.427,energy_consumption
Annual,Final consumption - other sectors - commercial and public services - energy use,Total,Thousand tonnes of oil equivalent,Slovenia,2017,480.68,energy_consumption
Annual,Final consumption - other sectors - commercial and public services - energy use,Total,Thousand tonnes of oil equivalent,Slovenia,2018,474.453,energy_consumption
Annual,Final consumption - other sectors - commercial and public services - energy use,Total,Thousand tonnes of oil equivalent,Slovenia,2019,451.994,energy_consumption
Annual,Final consumption - other sectors - commercial and public services - energy use,Total,Thousand tonnes of oil equivalent,Slovenia,2020,418.343,energy_consumption
Annual,Final consumption - other sectors - commercial and public services - energy use,Total,Thousand tonnes of oil equivalent,Slovenia,2021,421.099,energy_consumption
Annual,Final consumption - other sectors - commercial and public services - energy use,Total,Thousand tonnes of oil equivalent,Slovenia,2022,429.899,energy_consumption
Annual,Final consumption - other sectors - commercial and public services - energy use,Total,Thousand tonnes of oil equivalent,Slovenia,2023,437.184,energy_consumption
Annual,Final consumption - other sectors - commercial and public services - energy use,Total,Thousand tonnes of oil equivalent,Slovenia,2024,441.653,energy_consumption
Annual,Final consumption - other sectors - commercial and public services - energy use,Total,Thousand tonnes of oil equivalent,Slovakia,2013,1710.558,energy_consumption
Annual,Final consumption - other sectors - commercial and public services - energy use,Total,Thousand tonnes of oil equivalent,Slovakia,2014,1233.318,energy_consumption
Annual,Final consumption - other sectors - commercial and public services - energy use,Total,Thousand tonnes of oil equivalent,Slovakia,2015,1299.549,energy_consumption
Annual,Final consumption - other sectors - commercial and public services - energy use,Total,Thousand tonnes of oil equivalent,Slovakia,2016,1308.325,energy_consumption
Annual,Final consumption - other sectors - commercial and public services - energy use,Total,Thousand tonnes of oil equivalent,Slovakia,2017,1426.737,energy_consumption
Annual,Final consumption - other sectors - commercial and public services - energy use,Total,Thousand tonnes of oil equivalent,Slovakia,2018,1314.726,energy_consumption
Annual,Final consumption - other sectors - commercial and public services - energy use,Total,Thousand tonnes of oil equivalent,Slovakia,2019,1222.506,energy_consumption
Annual,Final consumption - other sectors - commercial and public services - energy use,Total,Thousand tonnes of oil equivalent,Slovakia,2020,1108.698,energy_consumption
Annual,Final consumption - other sectors - commercial and public services - energy use,Total,Thousand tonnes of oil equivalent,Slovakia,2021,1408.624,energy_consumption
Annual,Final consumption - other sectors - commercial and public services - energy use,Total,Thousand tonnes of oil equivalent,Slovakia,2022,1285.219,energy_consumption
Annual,Final consumption - other sectors - commercial and public services - energy use,Total,Thousand tonnes of oil equivalent,Slovakia,2023,1146.792,energy_consumption
Annual,Final consumption - other sectors - commercial and public services - energy use,Total,Thousand tonnes of oil equivalent,Slovakia,2024,1162.061,energy_consumption
Annual,Final consumption - other sectors - commercial and public services - energy use,Total,Thousand tonnes of oil equivalent,Finland,2013,2908.404,energy_consumption
Annual,Final consumption - other sectors - commercial and public services - energy use,Total,Thousand tonnes of oil equivalent,Finland,2014,2892.419,energy_consumption
Annual,Final consumption - other sectors - commercial and public services - energy use,Total,Thousand tonnes of oil equivalent,Finland,2015,2739.31,energy_consumption
Annual,Final consumption - other sectors - commercial and public services - energy use,Total,Thousand tonnes of oil equivalent,Finland,2016,2892.622,energy_consumption
Annual,Final consumption - other sectors - commercial and public services - energy use,Total,Thousand tonnes of oil equivalent,Finland,2017,2962.161,energy_consumption
Annual,Final consumption - other sectors - commercial and public services - energy use,Total,Thousand tonnes of oil equivalent,Finland,2018,3080.921,energy_consumption
Annual,Final consumption - other sectors - commercial and public services - energy use,Total,Thousand tonnes of oil equivalent,Finland,2019,3017.291,energy_consumption
Annual,Final consumption - other sectors - commercial and public services - energy use,Total,Thousand tonnes of oil equivalent,Finland,2020,2777.294,energy_consumption
Annual,Final consumption - other sectors - commercial and public services - energy use,Total,Thousand tonnes of oil equivalent,Finland,2021,3082.529,energy_consumption
Annual,Final consumption - other sectors - commercial and public services - energy use,Total,Thousand tonnes of oil equivalent,Finland,2022,2987.054,energy_consumption
Annual,Final consumption - other sectors - commercial and public services - energy use,Total,Thousand tonnes of oil equivalent,Finland,2023,2927.389,energy_consumption
Annual,Final consumption - other sectors - commercial and public services - energy use,Total,Thousand tonnes of oil equivalent,Finland,2024,3023.943,energy_consumption
Annual,Final consumption - other sectors - commercial and public services - energy use,Total,Thousand tonnes of oil equivalent,Sweden,2013,3958.982,energy_consumption
Annual,Final consumption - other sectors - commercial and public services - energy use,Total,Thousand tonnes of oil equivalent,Sweden,2014,3960.473,energy_consumption
Annual,Final consumption - other sectors - commercial and public services - energy use,Total,Thousand tonnes of oil equivalent,Sweden,2015,4022.234,energy_consumption
Annual,Final consumption - other sectors - commercial and public services - energy use,Total,Thousand tonnes of oil equivalent,Sweden,2016,4216.875,energy_consumption
Annual,Final consumption - other sectors - commercial and public services - energy use,Total,Thousand tonnes of oil equivalent,Sweden,2017,3991.218,energy_consumption
Annual,Final consumption - other sectors - commercial and public services - energy use,Total,Thousand tonnes of oil equivalent,Sweden,2018,4120.828,energy_consumption
Annual,Final consumption - other sectors - commercial and public services - energy use,Total,Thousand tonnes of oil equivalent,Sweden,2019,4024.796,energy_consumption
Annual,Final consumption - other sectors - commercial and public services - energy use,Total,Thousand tonnes of oil equivalent,Sweden,2020,4007.556,energy_consumption
Annual,Final consumption - other sectors - commercial and public services - energy use,Total,Thousand tonnes of oil equivalent,Sweden,2021,4263.473,energy_consumption
Annual,Final consumption - other sectors - commercial and public services - energy use,Total,Thousand tonnes of oil equivalent,Sweden,2022,4215.029,energy_consumption
Annual,Final consumption - other sectors - commercial and public services - energy use,Total,Thousand tonnes of oil equivalent,Sweden,2023,4165.745,energy_consumption
Annual,Final consumption - other sectors - commercial and public services - energy use,Total,Thousand tonnes of oil equivalent,Sweden,2024,4180.981,energy_consumption
Annual,Final consumption - other sectors - commercial and public services - energy use,Total,Thousand tonnes of oil equivalent,Iceland,2013,333.381,energy_consumption
Annual,Final consumption - other sectors - commercial and public services - energy use,Total,Thousand tonnes of oil equivalent,Iceland,2014,363.777,energy_consumption
Annual,Final consumption - other sectors - commercial and public services - energy use,Total,Thousand tonnes of oil equivalent,Iceland,2015,396.585,energy_consumption
Annual,Final consumption - other sectors - commercial and public services - energy use,Total,Thousand tonnes of oil equivalent,Iceland,2016,422.665,energy_consumption
Annual,Final consumption - other sectors - commercial and public services - energy use,Total,Thousand tonnes of oil equivalent,Iceland,2017,399.349,energy_consumption
Annual,Final consumption - other sectors - commercial and public services - energy use,Total,Thousand tonnes of oil equivalent,Iceland,2018,511.896,energy_consumption
Annual,Final consumption - other sectors - commercial and public services - energy use,Total,Thousand tonnes of oil equivalent,Iceland,2019,529.921,energy_consumption
Annual,Final consumption - other sectors - commercial and public services - energy use,Total,Thousand tonnes of oil equivalent,Iceland,2020,490.332,energy_consumption
Annual,Final consumption - other sectors - commercial and public services - energy use,Total,Thousand tonnes of oil equivalent,Iceland,2021,499.583,energy_consumption
Annual,Final consumption - other sectors - commercial and public services - energy use,Total,Thousand tonnes of oil equivalent,Iceland,2022,480.023,energy_consumption
Annual,Final consumption - other sectors - commercial and public services - energy use,Total,Thousand tonnes of oil equivalent,Iceland,2023,493.79,energy_consumption
Annual,Final consumption - other sectors - commercial and public services - energy use,Total,Thousand tonnes of oil equivalent,Iceland,2024,564.969,energy_consumption
Annual,Final consumption - other sectors - commercial and public services - energy use,Total,Thousand tonnes of oil equivalent,Liechtenstein,2013,,energy_consumption
Annual,Final consumption - other sectors - commercial and public services - energy use,Total,Thousand tonnes of oil equivalent,Liechtenstein,2014,,energy_consumption
Annual,Final consumption - other sectors - commercial and public services - energy use,Total,Thousand tonnes of oil equivalent,Liechtenstein,2015,,energy_consumption
Annual,Final consumption - other sectors - commercial and public services - energy use,Total,Thousand tonnes of oil equivalent,Liechtenstein,2016,,energy_consumption
Annual,Final consumption - other sectors - commercial and public services - energy use,Total,Thousand tonnes of oil equivalent,Liechtenstein,2017,,energy_consumption
Annual,Final consumption - other sectors - commercial and public services - energy use,Total,Thousand tonnes of oil equivalent,Liechtenstein,2018,,energy_consumption
Annual,Final consumption - other sectors - commercial and public services - energy use,Total,Thousand tonnes of oil equivalent,Liechtenstein,2019,,energy_consumption
Annual,Final consumption - other sectors - commercial and public services - energy use,Total,Thousand tonnes of oil equivalent,Liechtenstein,2020,,energy_consumption
Annual,Final consumption - other sectors - commercial and public services - energy use,Total,Thousand tonnes of oil equivalent,Liechtenstein,2021,,energy_consumption
Annual,Final consumption - other sectors - commercial and public services - energy use,Total,Thousand tonnes of oil equivalent,Liechtenstein,2022,,energy_consumption
Annual,Final consumption - other sectors - commercial and public services - energy use,Total,Thousand tonnes of oil equivalent,Liechtenstein,2023,,energy_consumption
Annual,Final consumption - other sectors - commercial and public services - energy use,Total,Thousand tonnes of oil equivalent,Liechtenstein,2024,,energy_consumption
Annual,Final consumption - other sectors - commercial and public services - energy use,Total,Thousand tonnes of oil equivalent,Norway,2013,3041.012,energy_consumption
Annual,Final consumption - other sectors - commercial and public services - energy use,Total,Thousand tonnes of oil equivalent,Norway,2014,2887.615,energy_consumption
Annual,Final consumption - other sectors - commercial and public services - energy use,Total,Thousand tonnes of oil equivalent,Norway,2015,2935.019,energy_consumption
Annual,Final consumption - other sectors - commercial and public services - energy use,Total,Thousand tonnes of oil equivalent,Norway,2016,3081.356,energy_consumption
Annual,Final consumption - other sectors - commercial and public services - energy use,Total,Thousand tonnes of oil equivalent,Norway,2017,3092.877,energy_consumption
Annual,Final consumption - other sectors - commercial and public services - energy use,Total,Thousand tonnes of oil equivalent,Norway,2018,3208.884,energy_consumption
Annual,Final consumption - other sectors - commercial and public services - energy use,Total,Thousand tonnes of oil equivalent,Norway,2019,3169.128,energy_consumption
Annual,Final consumption - other sectors - commercial and public services - energy use,Total,Thousand tonnes of oil equivalent,Norway,2020,3073.117,energy_consumption
Annual,Final consumption - other sectors - commercial and public services - energy use,Total,Thousand tonnes of oil equivalent,Norway,2021,3273.537,energy_consumption
Annual,Final consumption - other sectors - commercial and public services - energy use,Total,Thousand tonnes of oil equivalent,Norway,2022,3143.33,energy_consumption
Annual,Final consumption - other sectors - commercial and public services - energy use,Total,Thousand tonnes of oil equivalent,Norway,2023,3225.029,energy_consumption
Annual,Final consumption - other sectors - commercial and public services - energy use,Total,Thousand tonnes of oil equivalent,Norway,2024,3206.336,energy_consumption
Annual,Final consumption - other sectors - commercial and public services - energy use,Total,Thousand tonnes of oil equivalent,Switzerland,2013,,energy_consumption
Annual,Final consumption - other sectors - commercial and public services - energy use,Total,Thousand tonnes of oil equivalent,Switzerland,2014,,energy_consumption
Annual,Final consumption - other sectors - commercial and public services - energy use,Total,Thousand tonnes of oil equivalent,Switzerland,2015,,energy_consumption
Annual,Final consumption - other sectors - commercial and public services - energy use,Total,Thousand tonnes of oil equivalent,Switzerland,2016,,energy_consumption
Annual,Final consumption - other sectors - commercial and public services - energy use,Total,Thousand tonnes of oil equivalent,Switzerland,2017,,energy_consumption
Annual,Final consumption - other sectors - commercial and public services - energy use,Total,Thousand tonnes of oil equivalent,Switzerland,2018,,energy_consumption
Annual,Final consumption - other sectors - commercial and public services - energy use,Total,Thousand tonnes of oil equivalent,Switzerland,2019,,energy_consumption
Annual,Final consumption - other sectors - commercial and public services - energy use,Total,Thousand tonnes of oil equivalent,Switzerland,2020,,energy_consumption
Annual,Final consumption - other sectors - commercial and public services - energy use,Total,Thousand tonnes of oil equivalent,Switzerland,2021,,energy_consumption
Annual,Final consumption - other sectors - commercial and public services - energy use,Total,Thousand tonnes of oil equivalent,Switzerland,2022,,energy_consumption
Annual,Final consumption - other sectors - commercial and public services - energy use,Total,Thousand tonnes of oil equivalent,Switzerland,2023,,energy_consumption
Annual,Final consumption - other sectors - commercial and public services - energy use,Total,Thousand tonnes of oil equivalent,Switzerland,2024,,energy_consumption
Annual,Final consumption - other sectors - commercial and public services - energy use,Total,Thousand tonnes of oil equivalent,United Kingdom,2013,16585.582,energy_consumption
Annual,Final consumption - other sectors - commercial and public services - energy use,Total,Thousand tonnes of oil equivalent,United Kingdom,2014,15523.581,energy_consumption
Annual,Final consumption - other sectors - commercial and public services - energy use,Total,Thousand tonnes of oil equivalent,United Kingdom,2015,16841.958,energy_consumption
Annual,Final consumption - other sectors - commercial and public services - energy use,Total,Thousand tonnes of oil equivalent,United Kingdom,2016,18092.42,energy_consumption
Annual,Final consumption - other sectors - commercial and public services - energy use,Total,Thousand tonnes of oil equivalent,United Kingdom,2017,17938.94,energy_consumption
Annual,Final consumption - other sectors - commercial and public services - energy use,Total,Thousand tonnes of oil equivalent,United Kingdom,2018,18222.399,energy_consumption
Annual,Final consumption - other sectors - commercial and public services - energy use,Total,Thousand tonnes of oil equivalent,United Kingdom,2019,18084.583,energy_consumption
Annual,Final consumption - other sectors - commercial and public services - energy use,Total,Thousand tonnes of oil equivalent,United Kingdom,2020,,energy_consumption
Annual,Final consumption - other sectors - commercial and public services - energy use,Total,Thousand tonnes of oil equivalent,United Kingdom,2021,,energy_consumption
Annual,Final consumption - other sectors - commercial and public services - energy use,Total,Thousand tonnes of oil equivalent,United Kingdom,2022,,energy_consumption
Annual,Final consumption - other sectors - commercial and public services - energy use,Total,Thousand tonnes of oil equivalent,United Kingdom,2023,,energy_consumption
Annual,Final consumption - other sectors - commercial and public services - energy use,Total,Thousand tonnes of oil equivalent,United Kingdom,2024,,energy_consumption
Annual,Final consumption - other sectors - commercial and public services - energy use,Total,Thousand tonnes of oil equivalent,Montenegro,2013,13.741,energy_consumption
Annual,Final consumption - other sectors - commercial and public services - energy use,Total,Thousand tonnes of oil equivalent,Montenegro,2014,68.962,energy_consumption
Annual,Final consumption - other sectors - commercial and public services - energy use,Total,Thousand tonnes of oil equivalent,Montenegro,2015,70.372,energy_consumption
Annual,Final consumption - other sectors - commercial and public services - energy use,Total,Thousand tonnes of oil equivalent,Montenegro,2016,79.372,energy_consumption
Annual,Final consumption - other sectors - commercial and public services - energy use,Total,Thousand tonnes of oil equivalent,Montenegro,2017,86.454,energy_consumption
Annual,Final consumption - other sectors - commercial and public services - energy use,Total,Thousand tonnes of oil equivalent,Montenegro,2018,87.81,energy_consumption
Annual,Final consumption - other sectors - commercial and public services - energy use,Total,Thousand tonnes of oil equivalent,Montenegro,2019,108.855,energy_consumption
Annual,Final consumption - other sectors - commercial and public services - energy use,Total,Thousand tonnes of oil equivalent,Montenegro,2020,89.757,energy_consumption
Annual,Final consumption - other sectors - commercial and public services - energy use,Total,Thousand tonnes of oil equivalent,Montenegro,2021,101.082,energy_consumption
Annual,Final consumption - other sectors - commercial and public services - energy use,Total,Thousand tonnes of oil equivalent,Montenegro,2022,109.635,energy_consumption
Annual,Final consumption - other sectors - commercial and public services - energy use,Total,Thousand tonnes of oil equivalent,Montenegro,2023,112.183,energy_consumption
Annual,Final consumption - other sectors - commercial and public services - energy use,Total,Thousand tonnes of oil equivalent,Montenegro,2024,114.723,energy_consumption
Annual,Final consumption - other sectors - commercial and public services - energy use,Total,Thousand tonnes of oil equivalent,North Macedonia,2013,201.851,energy_consumption
Annual,Final consumption - other sectors - commercial and public services - energy use,Total,Thousand tonnes of oil equivalent,North Macedonia,2014,196.034,energy_consumption
Annual,Final consumption - other sectors - commercial and public services - energy use,Total,Thousand tonnes of oil equivalent,North Macedonia,2015,211.872,energy_consumption
Annual,Final consumption - other sectors - commercial and public services - energy use,Total,Thousand tonnes of oil equivalent,North Macedonia,2016,212.935,energy_consumption
Annual,Final consumption - other sectors - commercial and public services - energy use,Total,Thousand tonnes of oil equivalent,North Macedonia,2017,214.63,energy_consumption
Annual,Final consumption - other sectors - commercial and public services - energy use,Total,Thousand tonnes of oil equivalent,North Macedonia,2018,210.231,energy_consumption
Annual,Final consumption - other sectors - commercial and public services - energy use,Total,Thousand tonnes of oil equivalent,North Macedonia,2019,211.521,energy_consumption
Annual,Final consumption - other sectors - commercial and public services - energy use,Total,Thousand tonnes of oil equivalent,North Macedonia,2020,181.429,energy_consumption
Annual,Final consumption - other sectors - commercial and public services - energy use,Total,Thousand tonnes of oil equivalent,North Macedonia,2021,197.955,energy_consumption
Annual,Final consumption - other sectors - commercial and public services - energy use,Total,Thousand tonnes of oil equivalent,North Macedonia,2022,173.59,energy_consumption
Annual,Final consumption - other sectors - commercial and public services - energy use,Total,Thousand tonnes of oil equivalent,North Macedonia,2023,173.237,energy_consumption
Annual,Final consumption - other sectors - commercial and public services - energy use,Total,Thousand tonnes of oil equivalent,North Macedonia,2024,170.861,energy_consumption
Annual,Final consumption - other sectors - commercial and public services - energy use,Total,Thousand tonnes of oil equivalent,Albania,2013,190.984,energy_consumption
Annual,Final consumption - other sectors - commercial and public services - energy use,Total,Thousand tonnes of oil equivalent,Albania,2014,179.239,energy_consumption
Annual,Final consumption - other sectors - commercial and public services - energy use,Total,Thousand tonnes of oil equivalent,Albania,2015,196.853,energy_consumption
Annual,Final consumption - other sectors - commercial and public services - energy use,Total,Thousand tonnes of oil equivalent,Albania,2016,179.284,energy_consumption
Annual,Final consumption - other sectors - commercial and public services - energy use,Total,Thousand tonnes of oil equivalent,Albania,2017,213.604,energy_consumption
Annual,Final consumption - other sectors - commercial and public services - energy use,Total,Thousand tonnes of oil equivalent,Albania,2018,215.22,energy_consumption
Annual,Final consumption - other sectors - commercial and public services - energy use,Total,Thousand tonnes of oil equivalent,Albania,2019,228.317,energy_consumption
Annual,Final consumption - other sectors - commercial and public services - energy use,Total,Thousand tonnes of oil equivalent,Albania,2020,194.243,energy_consumption
Annual,Final consumption - other sectors - commercial and public services - energy use,Total,Thousand tonnes of oil equivalent,Albania,2021,218.788,energy_consumption
Annual,Final consumption - other sectors - commercial and public services - energy use,Total,Thousand tonnes of oil equivalent,Albania,2022,215.183,energy_consumption
Annual,Final consumption - other sectors - commercial and public services - energy use,Total,Thousand tonnes of oil equivalent,Albania,2023,214.114,energy_consumption
Annual,Final consumption - other sectors - commercial and public services - energy use,Total,Thousand tonnes of oil equivalent,Albania,2024,245.75,energy_consumption
Annual,Final consumption - other sectors - commercial and public services - energy use,Total,Thousand tonnes of oil equivalent,Serbia,2013,803.644,energy_consumption
Annual,Final consumption - other sectors - commercial and public services - energy use,Total,Thousand tonnes of oil equivalent,Serbia,2014,772.362,energy_consumption
Annual,Final consumption - other sectors - commercial and public services - energy use,Total,Thousand tonnes of oil equivalent,Serbia,2015,874.646,energy_consumption
Annual,Final consumption - other sectors - commercial and public services - energy use,Total,Thousand tonnes of oil equivalent,Serbia,2016,886.372,energy_consumption
Annual,Final consumption - other sectors - commercial and public services - energy use,Total,Thousand tonnes of oil equivalent,Serbia,2017,939.812,energy_consumption
Annual,Final consumption - other sectors - commercial and public services - energy use,Total,Thousand tonnes of oil equivalent,Serbia,2018,891.441,energy_consumption
Annual,Final consumption - other sectors - commercial and public services - energy use,Total,Thousand tonnes of oil equivalent,Serbia,2019,863.097,energy_consumption
Annual,Final consumption - other sectors - commercial and public services - energy use,Total,Thousand tonnes of oil equivalent,Serbia,2020,855.941,energy_consumption
Annual,Final consumption - other sectors - commercial and public services - energy use,Total,Thousand tonnes of oil equivalent,Serbia,2021,950.025,energy_consumption
Annual,Final consumption - other sectors - commercial and public services - energy use,Total,Thousand tonnes of oil equivalent,Serbia,2022,1001.664,energy_consumption
Annual,Final consumption - other sectors - commercial and public services - energy use,Total,Thousand tonnes of oil equivalent,Serbia,2023,905.441,energy_consumption
Annual,Final consumption - other sectors - commercial and public services - energy use,Total,Thousand tonnes of oil equivalent,Serbia,2024,892.292,energy_consumption
Annual,Final consumption - other sectors - commercial and public services - energy use,Total,Thousand tonnes of oil equivalent,Türkiye,2013,10611.925,energy_consumption
Annual,Final consumption - other sectors - commercial and public services - energy use,Total,Thousand tonnes of oil equivalent,Türkiye,2014,11021.419,energy_consumption
Annual,Final consumption - other sectors - commercial and public services - energy use,Total,Thousand tonnes of oil equivalent,Türkiye,2015,12194.776,energy_consumption
Annual,Final consumption - other sectors - commercial and public services - energy use,Total,Thousand tonnes of oil equivalent,Türkiye,2016,12415.869,energy_consumption
Annual,Final consumption - other sectors - commercial and public services - energy use,Total,Thousand tonnes of oil equivalent,Türkiye,2017,12314.281,energy_consumption
Annual,Final consumption - other sectors - commercial and public services - energy use,Total,Thousand tonnes of oil equivalent,Türkiye,2018,11415.342,energy_consumption
Annual,Final consumption - other sectors - commercial and public services - energy use,Total,Thousand tonnes of oil equivalent,Türkiye,2019,11866.245,energy_consumption
Annual,Final consumption - other sectors - commercial and public services - energy use,Total,Thousand tonnes of oil equivalent,Türkiye,2020,10878.407,energy_consumption
Annual,Final consumption - other sectors - commercial and public services - energy use,Total,Thousand tonnes of oil equivalent,Türkiye,2021,11386.206,energy_consumption
Annual,Final consumption - other sectors - commercial and public services - energy use,Total,Thousand tonnes of oil equivalent,Türkiye,2022,12345.51,energy_consumption
Annual,Final consumption - other sectors - commercial and public services - energy use,Total,Thousand tonnes of oil equivalent,Türkiye,2023,13592.33,energy_consumption
Annual,Final consumption - other sectors - commercial and public services - energy use,Total,Thousand tonnes of oil equivalent,Türkiye,2024,12900.843,energy_consumption
Annual,Final consumption - other sectors - commercial and public services - energy use,Total,Thousand tonnes of oil equivalent,Bosnia and Herzegovina,2013,,energy_consumption
Annual,Final consumption - other sectors - commercial and public services - energy use,Total,Thousand tonnes of oil equivalent,Bosnia and Herzegovina,2014,163.649,energy_consumption
Annual,Final consumption - other sectors - commercial and public services - energy use,Total,Thousand tonnes of oil equivalent,Bosnia and Herzegovina,2015,357.703,energy_consumption
Annual,Final consumption - other sectors - commercial and public services - energy use,Total,Thousand tonnes of oil equivalent,Bosnia and Herzegovina,2016,435.411,energy_consumption
Annual,Final consumption - other sectors - commercial and public services - energy use,Total,Thousand tonnes of oil equivalent,Bosnia and Herzegovina,2017,355.631,energy_consumption
Annual,Final consumption - other sectors - commercial and public services - energy use,Total,Thousand tonnes of oil equivalent,Bosnia and Herzegovina,2018,348.522,energy_consumption
Annual,Final consumption - other sectors - commercial and public services - energy use,Total,Thousand tonnes of oil equivalent,Bosnia and Herzegovina,2019,407.073,energy_consumption
Annual,Final consumption - other sectors - commercial and public services - energy use,Total,Thousand tonnes of oil equivalent,Bosnia and Herzegovina,2020,377.628,energy_consumption
Annual,Final consumption - other sectors - commercial and public services - energy use,Total,Thousand tonnes of oil equivalent,Bosnia and Herzegovina,2021,386.339,energy_consumption
Annual,Final consumption - other sectors - commercial and public services - energy use,Total,Thousand tonnes of oil equivalent,Bosnia and Herzegovina,2022,408.693,energy_consumption
Annual,Final consumption - other sectors - commercial and public services - energy use,Total,Thousand tonnes of oil equivalent,Bosnia and Herzegovina,2023,393.857,energy_consumption
Annual,Final consumption - other sectors - commercial and public services - energy use,Total,Thousand tonnes of oil equivalent,Bosnia and Herzegovina,2024,407.803,energy_consumption
Annual,Final consumption - other sectors - commercial and public services - energy use,Total,Thousand tonnes of oil equivalent,Georgia,2013,351.85,energy_consumption
Annual,Final consumption - other sectors - commercial and public services - energy use,Total,Thousand tonnes of oil equivalent,Georgia,2014,433.077,energy_consumption
Annual,Final consumption - other sectors - commercial and public services - energy use,Total,Thousand tonnes of oil equivalent,Georgia,2015,402.614,energy_consumption
Annual,Final consumption - other sectors - commercial and public services - energy use,Total,Thousand tonnes of oil equivalent,Georgia,2016,433.638,energy_consumption
Annual,Final consumption - other sectors - commercial and public services - energy use,Total,Thousand tonnes of oil equivalent,Georgia,2017,452.855,energy_consumption
Annual,Final consumption - other sectors - commercial and public services - energy use,Total,Thousand tonnes of oil equivalent,Georgia,2018,514.751,energy_consumption
Annual,Final consumption - other sectors - commercial and public services - energy use,Total,Thousand tonnes of oil equivalent,Georgia,2019,535.532,energy_consumption
Annual,Final consumption - other sectors - commercial and public services - energy use,Total,Thousand tonnes of oil equivalent,Georgia,2020,412.919,energy_consumption
Annual,Final consumption - other sectors - commercial and public services - energy use,Total,Thousand tonnes of oil equivalent,Georgia,2021,544.518,energy_consumption
Annual,Final consumption - other sectors - commercial and public services - energy use,Total,Thousand tonnes of oil equivalent,Georgia,2022,550.99,energy_consumption
Annual,Final consumption - other sectors - commercial and public services - energy use,Total,Thousand tonnes of oil equivalent,Georgia,2023,520.226,energy_consumption
Annual,Final consumption - other sectors - commercial and public services - energy use,Total,Thousand tonnes of oil equivalent,Georgia,2024,594.556,energy_consumption
Annual,Final consumption - other sectors - commercial and public services - energy use,Total,Thousand tonnes of oil equivalent,Moldova,2013,258.252,energy_consumption
Annual,Final consumption - other sectors - commercial and public services - energy use,Total,Thousand tonnes of oil equivalent,Moldova,2014,237.402,energy_consumption
Annual,Final consumption - other sectors - commercial and public services - energy use,Total,Thousand tonnes of oil equivalent,Moldova,2015,246.475,energy_consumption
Annual,Final consumption - other sectors - commercial and public services - energy use,Total,Thousand tonnes of oil equivalent,Moldova,2016,258.611,energy_consumption
Annual,Final consumption - other sectors - commercial and public services - energy use,Total,Thousand tonnes of oil equivalent,Moldova,2017,256.417,energy_consumption
Annual,Final consumption - other sectors - commercial and public services - energy use,Total,Thousand tonnes of oil equivalent,Moldova,2018,273.302,energy_consumption
Annual,Final consumption - other sectors - commercial and public services - energy use,Total,Thousand tonnes of oil equivalent,Moldova,2019,263.068,energy_consumption
Annual,Final consumption - other sectors - commercial and public services - energy use,Total,Thousand tonnes of oil equivalent,Moldova,2020,245.099,energy_consumption
Annual,Final consumption - other sectors - commercial and public services - energy use,Total,Thousand tonnes of oil equivalent,Moldova,2021,281.123,energy_consumption
Annual,Final consumption - other sectors - commercial and public services - energy use,Total,Thousand tonnes of oil equivalent,Moldova,2022,256.361,energy_consumption
Annual,Final consumption - other sectors - commercial and public services - energy use,Total,Thousand tonnes of oil equivalent,Moldova,2023,238.421,energy_consumption
Annual,Final consumption - other sectors - commercial and public services - energy use,Total,Thousand tonnes of oil equivalent,Moldova,2024,258.438,energy_consumption
Annual,Final consumption - other sectors - commercial and public services - energy use,Total,Thousand tonnes of oil equivalent,Ukraine,2013,5767.651,energy_consumption
Annual,Final consumption - other sectors - commercial and public services - energy use,Total,Thousand tonnes of oil equivalent,Ukraine,2014,4664.962,energy_consumption
Annual,Final consumption - other sectors - commercial and public services - energy use,Total,Thousand tonnes of oil equivalent,Ukraine,2015,3888.355,energy_consumption
Annual,Final consumption - other sectors - commercial and public services - energy use,Total,Thousand tonnes of oil equivalent,Ukraine,2016,4671.814,energy_consumption
Annual,Final consumption - other sectors - commercial and public services - energy use,Total,Thousand tonnes of oil equivalent,Ukraine,2017,4336.853,energy_consumption
Annual,Final consumption - other sectors - commercial and public services - energy use,Total,Thousand tonnes of oil equivalent,Ukraine,2018,4720.627,energy_consumption
Annual,Final consumption - other sectors - commercial and public services - energy use,Total,Thousand tonnes of oil equivalent,Ukraine,2019,4832.831,energy_consumption
Annual,Final consumption - other sectors - commercial and public services - energy use,Total,Thousand tonnes of oil equivalent,Ukraine,2020,4869.916,energy_consumption
Annual,Final consumption - other sectors - commercial and public services - energy use,Total,Thousand tonnes of oil equivalent,Ukraine,2021,,energy_consumption
Annual,Final consumption - other sectors - commercial and public services - energy use,Total,Thousand tonnes of oil equivalent,Ukraine,2022,,energy_consumption
Annual,Final consumption - other sectors - commercial and public services - energy use,Total,Thousand tonnes of oil equivalent,Ukraine,2023,,energy_consumption
Annual,Final consumption - other sectors - commercial and public services - energy use,Total,Thousand tonnes of oil equivalent,Ukraine,2024,,energy_consumption
Annual,Final consumption - other sectors - commercial and public services - energy use,Total,Thousand tonnes of oil equivalent,Kosovo*,2013,115.457,energy_consumption
Annual,Final consumption - other sectors - commercial and public services - energy use,Total,Thousand tonnes of oil equivalent,Kosovo*,2014,139.135,energy_consumption
Annual,Final consumption - other sectors - commercial and public services - energy use,Total,Thousand tonnes of oil equivalent,Kosovo*,2015,148.344,energy_consumption
Annual,Final consumption - other sectors - commercial and public services - energy use,Total,Thousand tonnes of oil equivalent,Kosovo*,2016,177.055,energy_consumption
Annual,Final consumption - other sectors - commercial and public services - energy use,Total,Thousand tonnes of oil equivalent,Kosovo*,2017,191.548,energy_consumption
Annual,Final consumption - other sectors - commercial and public services - energy use,Total,Thousand tonnes of oil equivalent,Kosovo*,2018,154.605,energy_consumption
Annual,Final consumption - other sectors - commercial and public services - energy use,Total,Thousand tonnes of oil equivalent,Kosovo*,2019,163.882,energy_consumption
Annual,Final consumption - other sectors - commercial and public services - energy use,Total,Thousand tonnes of oil equivalent,Kosovo*,2020,158.241,energy_consumption
Annual,Final consumption - other sectors - commercial and public services - energy use,Total,Thousand tonnes of oil equivalent,Kosovo*,2021,172.957,energy_consumption
Annual,Final consumption - other sectors - commercial and public services - energy use,Total,Thousand tonnes of oil equivalent,Kosovo*,2022,166.031,energy_consumption
Annual,Final consumption - other sectors - commercial and public services - energy use,Total,Thousand tonnes of oil equivalent,Kosovo*,2023,177.168,energy_consumption
Annual,Final consumption - other sectors - commercial and public services - energy use,Total,Thousand tonnes of oil equivalent,Kosovo*,2024,172.815,energy_consumption
Annual,Final consumption - other sectors - households - energy use,Total,Thousand tonnes of oil equivalent,European Union - 27 countries (from 2020),2013,265128.012,energy_consumption
Annual,Final consumption - other sectors - households - energy use,Total,Thousand tonnes of oil equivalent,European Union - 27 countries (from 2020),2014,232684.569,energy_consumption
Annual,Final consumption - other sectors - households - energy use,Total,Thousand tonnes of oil equivalent,European Union - 27 countries (from 2020),2015,243660.275,energy_consumption
Annual,Final consumption - other sectors - households - energy use,Total,Thousand tonnes of oil equivalent,European Union - 27 countries (from 2020),2016,249966.701,energy_consumption
Annual,Final consumption - other sectors - households - energy use,Total,Thousand tonnes of oil equivalent,European Union - 27 countries (from 2020),2017,250766.543,energy_consumption
Annual,Final consumption - other sectors - households - energy use,Total,Thousand tonnes of oil equivalent,European Union - 27 countries (from 2020),2018,248525.824,energy_consumption
Annual,Final consumption - other sectors - households - energy use,Total,Thousand tonnes of oil equivalent,European Union - 27 countries (from 2020),2019,245986.067,energy_consumption
Annual,Final consumption - other sectors - households - energy use,Total,Thousand tonnes of oil equivalent,European Union - 27 countries (from 2020),2020,246245.204,energy_consumption
Annual,Final consumption - other sectors - households - energy use,Total,Thousand tonnes of oil equivalent,European Union - 27 countries (from 2020),2021,259342.743,energy_consumption
Annual,Final consumption - other sectors - households - energy use,Total,Thousand tonnes of oil equivalent,European Union - 27 countries (from 2020),2022,238839.699,energy_consumption
Annual,Final consumption - other sectors - households - energy use,Total,Thousand tonnes of oil equivalent,European Union - 27 countries (from 2020),2023,225493.692,energy_consumption
Annual,Final consumption - other sectors - households - energy use,Total,Thousand tonnes of oil equivalent,European Union - 27 countries (from 2020),2024,225191.138,energy_consumption
Annual,Final consumption - other sectors - households - energy use,Total,Thousand tonnes of oil equivalent,Euro area – 21 countries (from 2026),2013,,energy_consumption
Annual,Final consumption - other sectors - households - energy use,Total,Thousand tonnes of oil equivalent,Euro area – 21 countries (from 2026),2014,,energy_consumption
Annual,Final consumption - other sectors - households - energy use,Total,Thousand tonnes of oil equivalent,Euro area – 21 countries (from 2026),2015,,energy_consumption
Annual,Final consumption - other sectors - households - energy use,Total,Thousand tonnes of oil equivalent,Euro area – 21 countries (from 2026),2016,,energy_consumption
Annual,Final consumption - other sectors - households - energy use,Total,Thousand tonnes of oil equivalent,Euro area – 21 countries (from 2026),2017,,energy_consumption
Annual,Final consumption - other sectors - households - energy use,Total,Thousand tonnes of oil equivalent,Euro area – 21 countries (from 2026),2018,,energy_consumption
Annual,Final consumption - other sectors - households - energy use,Total,Thousand tonnes of oil equivalent,Euro area – 21 countries (from 2026),2019,,energy_consumption
Annual,Final consumption - other sectors - households - energy use,Total,Thousand tonnes of oil equivalent,Euro area – 21 countries (from 2026),2020,,energy_consumption
Annual,Final consumption - other sectors - households - energy use,Total,Thousand tonnes of oil equivalent,Euro area – 21 countries (from 2026),2021,,energy_consumption
Annual,Final consumption - other sectors - households - energy use,Total,Thousand tonnes of oil equivalent,Euro area – 21 countries (from 2026),2022,,energy_consumption
Annual,Final consumption - other sectors - households - energy use,Total,Thousand tonnes of oil equivalent,Euro area – 21 countries (from 2026),2023,,energy_consumption
Annual,Final consumption - other sectors - households - energy use,Total,Thousand tonnes of oil equivalent,Euro area – 21 countries (from 2026),2024,,energy_consumption
Annual,Final consumption - other sectors - households - energy use,Total,Thousand tonnes of oil equivalent,Euro area – 20 countries (2023-2025),2013,,energy_consumption
Annual,Final consumption - other sectors - households - energy use,Total,Thousand tonnes of oil equivalent,Euro area – 20 countries (2023-2025),2014,,energy_consumption
Annual,Final consumption - other sectors - households - energy use,Total,Thousand tonnes of oil equivalent,Euro area – 20 countries (2023-2025),2015,,energy_consumption
Annual,Final consumption - other sectors - households - energy use,Total,Thousand tonnes of oil equivalent,Euro area – 20 countries (2023-2025),2016,,energy_consumption
Annual,Final consumption - other sectors - households - energy use,Total,Thousand tonnes of oil equivalent,Euro area – 20 countries (2023-2025),2017,,energy_consumption
Annual,Final consumption - other sectors - households - energy use,Total,Thousand tonnes of oil equivalent,Euro area – 20 countries (2023-2025),2018,,energy_consumption
Annual,Final consumption - other sectors - households - energy use,Total,Thousand tonnes of oil equivalent,Euro area – 20 countries (2023-2025),2019,,energy_consumption
Annual,Final consumption - other sectors - households - energy use,Total,Thousand tonnes of oil equivalent,Euro area – 20 countries (2023-2025),2020,,energy_consumption
Annual,Final consumption - other sectors - households - energy use,Total,Thousand tonnes of oil equivalent,Euro area – 20 countries (2023-2025),2021,,energy_consumption
Annual,Final consumption - other sectors - households - energy use,Total,Thousand tonnes of oil equivalent,Euro area – 20 countries (2023-2025),2022,,energy_consumption
Annual,Final consumption - other sectors - households - energy use,Total,Thousand tonnes of oil equivalent,Euro area – 20 countries (2023-2025),2023,,energy_consumption
Annual,Final consumption - other sectors - households - energy use,Total,Thousand tonnes of oil equivalent,Euro area – 20 countries (2023-2025),2024,,energy_consumption
Annual,Final consumption - other sectors - households - energy use,Total,Thousand tonnes of oil equivalent,Euro area - 19 countries  (2015-2022),2013,,energy_consumption
Annual,Final consumption - other sectors - households - energy use,Total,Thousand tonnes of oil equivalent,Euro area - 19 countries  (2015-2022),2014,,energy_consumption
Annual,Final consumption - other sectors - households - energy use,Total,Thousand tonnes of oil equivalent,Euro area - 19 countries  (2015-2022),2015,,energy_consumption
Annual,Final consumption - other sectors - households - energy use,Total,Thousand tonnes of oil equivalent,Euro area - 19 countries  (2015-2022),2016,,energy_consumption
Annual,Final consumption - other sectors - households - energy use,Total,Thousand tonnes of oil equivalent,Euro area - 19 countries  (2015-2022),2017,,energy_consumption
Annual,Final consumption - other sectors - households - energy use,Total,Thousand tonnes of oil equivalent,Euro area - 19 countries  (2015-2022),2018,,energy_consumption
Annual,Final consumption - other sectors - households - energy use,Total,Thousand tonnes of oil equivalent,Euro area - 19 countries  (2015-2022),2019,,energy_consumption
Annual,Final consumption - other sectors - households - energy use,Total,Thousand tonnes of oil equivalent,Euro area - 19 countries  (2015-2022),2020,,energy_consumption
Annual,Final consumption - other sectors - households - energy use,Total,Thousand tonnes of oil equivalent,Euro area - 19 countries  (2015-2022),2021,,energy_consumption
Annual,Final consumption - other sectors - households - energy use,Total,Thousand tonnes of oil equivalent,Euro area - 19 countries  (2015-2022),2022,,energy_consumption
Annual,Final consumption - other sectors - households - energy use,Total,Thousand tonnes of oil equivalent,Euro area - 19 countries  (2015-2022),2023,,energy_consumption
Annual,Final consumption - other sectors - households - energy use,Total,Thousand tonnes of oil equivalent,Euro area - 19 countries  (2015-2022),2024,,energy_consumption
Annual,Final consumption - other sectors - households - energy use,Total,Thousand tonnes of oil equivalent,Belgium,2013,9085.395,energy_consumption
Annual,Final consumption - other sectors - households - energy use,Total,Thousand tonnes of oil equivalent,Belgium,2014,7442.63,energy_consumption
Annual,Final consumption - other sectors - households - energy use,Total,Thousand tonnes of oil equivalent,Belgium,2015,8229.602,energy_consumption
Annual,Final consumption - other sectors - households - energy use,Total,Thousand tonnes of oil equivalent,Belgium,2016,8255.911,energy_consumption
Annual,Final consumption - other sectors - households - energy use,Total,Thousand tonnes of oil equivalent,Belgium,2017,8131.16,energy_consumption
Annual,Final consumption - other sectors - households - energy use,Total,Thousand tonnes of oil equivalent,Belgium,2018,8039.139,energy_consumption
Annual,Final consumption - other sectors - households - energy use,Total,Thousand tonnes of oil equivalent,Belgium,2019,7503.961,energy_consumption
Annual,Final consumption - other sectors - households - energy use,Total,Thousand tonnes of oil equivalent,Belgium,2020,7581.389,energy_consumption
Annual,Final consumption - other sectors - households - energy use,Total,Thousand tonnes of oil equivalent,Belgium,2021,8228.015,energy_consumption
Annual,Final consumption - other sectors - households - energy use,Total,Thousand tonnes of oil equivalent,Belgium,2022,7036.456,energy_consumption
Annual,Final consumption - other sectors - households - energy use,Total,Thousand tonnes of oil equivalent,Belgium,2023,6947.24,energy_consumption
Annual,Final consumption - other sectors - households - energy use,Total,Thousand tonnes of oil equivalent,Belgium,2024,7099.329,energy_consumption
Annual,Final consumption - other sectors - households - energy use,Total,Thousand tonnes of oil equivalent,Bulgaria,2013,2241.036,energy_consumption
Annual,Final consumption - other sectors - households - energy use,Total,Thousand tonnes of oil equivalent,Bulgaria,2014,2164.991,energy_consumption
Annual,Final consumption - other sectors - households - energy use,Total,Thousand tonnes of oil equivalent,Bulgaria,2015,2192.912,energy_consumption
Annual,Final consumption - other sectors - households - energy use,Total,Thousand tonnes of oil equivalent,Bulgaria,2016,2252.111,energy_consumption
Annual,Final consumption - other sectors - households - energy use,Total,Thousand tonnes of oil equivalent,Bulgaria,2017,2318.715,energy_consumption
Annual,Final consumption - other sectors - households - energy use,Total,Thousand tonnes of oil equivalent,Bulgaria,2018,2229.672,energy_consumption
Annual,Final consumption - other sectors - households - energy use,Total,Thousand tonnes of oil equivalent,Bulgaria,2019,2162.252,energy_consumption
Annual,Final consumption - other sectors - households - energy use,Total,Thousand tonnes of oil equivalent,Bulgaria,2020,2382.245,energy_consumption
Annual,Final consumption - other sectors - households - energy use,Total,Thousand tonnes of oil equivalent,Bulgaria,2021,2403.893,energy_consumption
Annual,Final consumption - other sectors - households - energy use,Total,Thousand tonnes of oil equivalent,Bulgaria,2022,2137.397,energy_consumption
Annual,Final consumption - other sectors - households - energy use,Total,Thousand tonnes of oil equivalent,Bulgaria,2023,2046.582,energy_consumption
Annual,Final consumption - other sectors - households - energy use,Total,Thousand tonnes of oil equivalent,Bulgaria,2024,1961.546,energy_consumption
Annual,Final consumption - other sectors - households - energy use,Total,Thousand tonnes of oil equivalent,Czechia,2013,7269.133,energy_consumption
Annual,Final consumption - other sectors - households - energy use,Total,Thousand tonnes of oil equivalent,Czechia,2014,6554.173,energy_consumption
Annual,Final consumption - other sectors - households - energy use,Total,Thousand tonnes of oil equivalent,Czechia,2015,6769.51,energy_consumption
Annual,Final consumption - other sectors - households - energy use,Total,Thousand tonnes of oil equivalent,Czechia,2016,7090.172,energy_consumption
Annual,Final consumption - other sectors - households - energy use,Total,Thousand tonnes of oil equivalent,Czechia,2017,7202.965,energy_consumption
Annual,Final consumption - other sectors - households - energy use,Total,Thousand tonnes of oil equivalent,Czechia,2018,7042.708,energy_consumption
Annual,Final consumption - other sectors - households - energy use,Total,Thousand tonnes of oil equivalent,Czechia,2019,6963.387,energy_consumption
Annual,Final consumption - other sectors - households - energy use,Total,Thousand tonnes of oil equivalent,Czechia,2020,7148.052,energy_consumption
Annual,Final consumption - other sectors - households - energy use,Total,Thousand tonnes of oil equivalent,Czechia,2021,7864.166,energy_consumption
Annual,Final consumption - other sectors - households - energy use,Total,Thousand tonnes of oil equivalent,Czechia,2022,7157.766,energy_consumption
Annual,Final consumption - other sectors - households - energy use,Total,Thousand tonnes of oil equivalent,Czechia,2023,6416.158,energy_consumption
Annual,Final consumption - other sectors - households - energy use,Total,Thousand tonnes of oil equivalent,Czechia,2024,6229.411,energy_consumption
Annual,Final consumption - other sectors - households - energy use,Total,Thousand tonnes of oil equivalent,Denmark,2013,4484.143,energy_consumption
Annual,Final consumption - other sectors - households - energy use,Total,Thousand tonnes of oil equivalent,Denmark,2014,4143.762,energy_consumption
Annual,Final consumption - other sectors - households - energy use,Total,Thousand tonnes of oil equivalent,Denmark,2015,4445.518,energy_consumption
Annual,Final consumption - other sectors - households - energy use,Total,Thousand tonnes of oil equivalent,Denmark,2016,4601.363,energy_consumption
Annual,Final consumption - other sectors - households - energy use,Total,Thousand tonnes of oil equivalent,Denmark,2017,4498.219,energy_consumption
Annual,Final consumption - other sectors - households - energy use,Total,Thousand tonnes of oil equivalent,Denmark,2018,4450.344,energy_consumption
Annual,Final consumption - other sectors - households - energy use,Total,Thousand tonnes of oil equivalent,Denmark,2019,4389.392,energy_consumption
Annual,Final consumption - other sectors - households - energy use,Total,Thousand tonnes of oil equivalent,Denmark,2020,4273.399,energy_consumption
Annual,Final consumption - other sectors - households - energy use,Total,Thousand tonnes of oil equivalent,Denmark,2021,4519.97,energy_consumption
Annual,Final consumption - other sectors - households - energy use,Total,Thousand tonnes of oil equivalent,Denmark,2022,3998.544,energy_consumption
Annual,Final consumption - other sectors - households - energy use,Total,Thousand tonnes of oil equivalent,Denmark,2023,4096.01,energy_consumption
Annual,Final consumption - other sectors - households - energy use,Total,Thousand tonnes of oil equivalent,Denmark,2024,4135.652,energy_consumption
Annual,Final consumption - other sectors - households - energy use,Total,Thousand tonnes of oil equivalent,Germany,2013,62517.628,energy_consumption
Annual,Final consumption - other sectors - households - energy use,Total,Thousand tonnes of oil equivalent,Germany,2014,53648.149,energy_consumption
Annual,Final consumption - other sectors - households - energy use,Total,Thousand tonnes of oil equivalent,Germany,2015,54959.824,energy_consumption
Annual,Final consumption - other sectors - households - energy use,Total,Thousand tonnes of oil equivalent,Germany,2016,56963.58,energy_consumption
Annual,Final consumption - other sectors - households - energy use,Total,Thousand tonnes of oil equivalent,Germany,2017,56777.115,energy_consumption
Annual,Final consumption - other sectors - households - energy use,Total,Thousand tonnes of oil equivalent,Germany,2018,55822.36,energy_consumption
Annual,Final consumption - other sectors - households - energy use,Total,Thousand tonnes of oil equivalent,Germany,2019,57743.03,energy_consumption
Annual,Final consumption - other sectors - households - energy use,Total,Thousand tonnes of oil equivalent,Germany,2020,57979.779,energy_consumption
Annual,Final consumption - other sectors - households - energy use,Total,Thousand tonnes of oil equivalent,Germany,2021,57672.167,energy_consumption
Annual,Final consumption - other sectors - households - energy use,Total,Thousand tonnes of oil equivalent,Germany,2022,57434.806,energy_consumption
Annual,Final consumption - other sectors - households - energy use,Total,Thousand tonnes of oil equivalent,Germany,2023,52434.691,energy_consumption
Annual,Final consumption - other sectors - households - energy use,Total,Thousand tonnes of oil equivalent,Germany,2024,52455.834,energy_consumption
Annual,Final consumption - other sectors - households - energy use,Total,Thousand tonnes of oil equivalent,Estonia,2013,933.506,energy_consumption
Annual,Final consumption - other sectors - households - energy use,Total,Thousand tonnes of oil equivalent,Estonia,2014,888.143,energy_consumption
Annual,Final consumption - other sectors - households - energy use,Total,Thousand tonnes of oil equivalent,Estonia,2015,857.435,energy_consumption
Annual,Final consumption - other sectors - households - energy use,Total,Thousand tonnes of oil equivalent,Estonia,2016,930.578,energy_consumption
Annual,Final consumption - other sectors - households - energy use,Total,Thousand tonnes of oil equivalent,Estonia,2017,940.914,energy_consumption
Annual,Final consumption - other sectors - households - energy use,Total,Thousand tonnes of oil equivalent,Estonia,2018,941.042,energy_consumption
Annual,Final consumption - other sectors - households - energy use,Total,Thousand tonnes of oil equivalent,Estonia,2019,951.351,energy_consumption
Annual,Final consumption - other sectors - households - energy use,Total,Thousand tonnes of oil equivalent,Estonia,2020,944.704,energy_consumption
Annual,Final consumption - other sectors - households - energy use,Total,Thousand tonnes of oil equivalent,Estonia,2021,965.256,energy_consumption
Annual,Final consumption - other sectors - households - energy use,Total,Thousand tonnes of oil equivalent,Estonia,2022,963.88,energy_consumption
Annual,Final consumption - other sectors - households - energy use,Total,Thousand tonnes of oil equivalent,Estonia,2023,935.976,energy_consumption
Annual,Final consumption - other sectors - households - energy use,Total,Thousand tonnes of oil equivalent,Estonia,2024,978.233,energy_consumption
Annual,Final consumption - other sectors - households - energy use,Total,Thousand tonnes of oil equivalent,Ireland,2013,2920.575,energy_consumption
Annual,Final consumption - other sectors - households - energy use,Total,Thousand tonnes of oil equivalent,Ireland,2014,2671.878,energy_consumption
Annual,Final consumption - other sectors - households - energy use,Total,Thousand tonnes of oil equivalent,Ireland,2015,2829.165,energy_consumption
Annual,Final consumption - other sectors - households - energy use,Total,Thousand tonnes of oil equivalent,Ireland,2016,2918.087,energy_consumption
Annual,Final consumption - other sectors - households - energy use,Total,Thousand tonnes of oil equivalent,Ireland,2017,2768.312,energy_consumption
Annual,Final consumption - other sectors - households - energy use,Total,Thousand tonnes of oil equivalent,Ireland,2018,2950.805,energy_consumption
Annual,Final consumption - other sectors - households - energy use,Total,Thousand tonnes of oil equivalent,Ireland,2019,2868.37,energy_consumption
Annual,Final consumption - other sectors - households - energy use,Total,Thousand tonnes of oil equivalent,Ireland,2020,3132.847,energy_consumption
Annual,Final consumption - other sectors - households - energy use,Total,Thousand tonnes of oil equivalent,Ireland,2021,2983.656,energy_consumption
Annual,Final consumption - other sectors - households - energy use,Total,Thousand tonnes of oil equivalent,Ireland,2022,2615.339,energy_consumption
Annual,Final consumption - other sectors - households - energy use,Total,Thousand tonnes of oil equivalent,Ireland,2023,2497.658,energy_consumption
Annual,Final consumption - other sectors - households - energy use,Total,Thousand tonnes of oil equivalent,Ireland,2024,2627.755,energy_consumption
Annual,Final consumption - other sectors - households - energy use,Total,Thousand tonnes of oil equivalent,Greece,2013,3821.337,energy_consumption
Annual,Final consumption - other sectors - households - energy use,Total,Thousand tonnes of oil equivalent,Greece,2014,3844.875,energy_consumption
Annual,Final consumption - other sectors - households - energy use,Total,Thousand tonnes of oil equivalent,Greece,2015,4460.625,energy_consumption
Annual,Final consumption - other sectors - households - energy use,Total,Thousand tonnes of oil equivalent,Greece,2016,4337.452,energy_consumption
Annual,Final consumption - other sectors - households - energy use,Total,Thousand tonnes of oil equivalent,Greece,2017,4401.052,energy_consumption
Annual,Final consumption - other sectors - households - energy use,Total,Thousand tonnes of oil equivalent,Greece,2018,3903.48,energy_consumption
Annual,Final consumption - other sectors - households - energy use,Total,Thousand tonnes of oil equivalent,Greece,2019,4099.875,energy_consumption
Annual,Final consumption - other sectors - households - energy use,Total,Thousand tonnes of oil equivalent,Greece,2020,4277.83,energy_consumption
Annual,Final consumption - other sectors - households - energy use,Total,Thousand tonnes of oil equivalent,Greece,2021,4278.524,energy_consumption
Annual,Final consumption - other sectors - households - energy use,Total,Thousand tonnes of oil equivalent,Greece,2022,4325.475,energy_consumption
Annual,Final consumption - other sectors - households - energy use,Total,Thousand tonnes of oil equivalent,Greece,2023,3773.874,energy_consumption
Annual,Final consumption - other sectors - households - energy use,Total,Thousand tonnes of oil equivalent,Greece,2024,3862.774,energy_consumption
Annual,Final consumption - other sectors - households - energy use,Total,Thousand tonnes of oil equivalent,Spain,2013,14888.925,energy_consumption
Annual,Final consumption - other sectors - households - energy use,Total,Thousand tonnes of oil equivalent,Spain,2014,14787.31,energy_consumption
Annual,Final consumption - other sectors - households - energy use,Total,Thousand tonnes of oil equivalent,Spain,2015,15269.842,energy_consumption
Annual,Final consumption - other sectors - households - energy use,Total,Thousand tonnes of oil equivalent,Spain,2016,14331.695,energy_consumption
Annual,Final consumption - other sectors - households - energy use,Total,Thousand tonnes of oil equivalent,Spain,2017,14392.022,energy_consumption
Annual,Final consumption - other sectors - households - energy use,Total,Thousand tonnes of oil equivalent,Spain,2018,15178.832,energy_consumption
Annual,Final consumption - other sectors - households - energy use,Total,Thousand tonnes of oil equivalent,Spain,2019,14445.322,energy_consumption
Annual,Final consumption - other sectors - households - energy use,Total,Thousand tonnes of oil equivalent,Spain,2020,14555.763,energy_consumption
Annual,Final consumption - other sectors - households - energy use,Total,Thousand tonnes of oil equivalent,Spain,2021,14513.752,energy_consumption
Annual,Final consumption - other sectors - households - energy use,Total,Thousand tonnes of oil equivalent,Spain,2022,14016.209,energy_consumption
Annual,Final consumption - other sectors - households - energy use,Total,Thousand tonnes of oil equivalent,Spain,2023,13671.209,energy_consumption
Annual,Final consumption - other sectors - households - energy use,Total,Thousand tonnes of oil equivalent,Spain,2024,13879.984,energy_consumption
Annual,Final consumption - other sectors - households - energy use,Total,Thousand tonnes of oil equivalent,France,2013,46934.921,energy_consumption
Annual,Final consumption - other sectors - households - energy use,Total,Thousand tonnes of oil equivalent,France,2014,38260.942,energy_consumption
Annual,Final consumption - other sectors - households - energy use,Total,Thousand tonnes of oil equivalent,France,2015,40692.404,energy_consumption
Annual,Final consumption - other sectors - households - energy use,Total,Thousand tonnes of oil equivalent,France,2016,43102.268,energy_consumption
Annual,Final consumption - other sectors - households - energy use,Total,Thousand tonnes of oil equivalent,France,2017,42420.967,energy_consumption
Annual,Final consumption - other sectors - households - energy use,Total,Thousand tonnes of oil equivalent,France,2018,41029.548,energy_consumption
Annual,Final consumption - other sectors - households - energy use,Total,Thousand tonnes of oil equivalent,France,2019,40771.075,energy_consumption
Annual,Final consumption - other sectors - households - energy use,Total,Thousand tonnes of oil equivalent,France,2020,39984.582,energy_consumption
Annual,Final consumption - other sectors - households - energy use,Total,Thousand tonnes of oil equivalent,France,2021,43310.438,energy_consumption
Annual,Final consumption - other sectors - households - energy use,Total,Thousand tonnes of oil equivalent,France,2022,37920.921,energy_consumption
Annual,Final consumption - other sectors - households - energy use,Total,Thousand tonnes of oil equivalent,France,2023,36640.154,energy_consumption
Annual,Final consumption - other sectors - households - energy use,Total,Thousand tonnes of oil equivalent,France,2024,36623.464,energy_consumption
Annual,Final consumption - other sectors - households - energy use,Total,Thousand tonnes of oil equivalent,Croatia,2013,2493.453,energy_consumption
Annual,Final consumption - other sectors - households - energy use,Total,Thousand tonnes of oil equivalent,Croatia,2014,2228.532,energy_consumption
Annual,Final consumption - other sectors - households - energy use,Total,Thousand tonnes of oil equivalent,Croatia,2015,2429.916,energy_consumption
Annual,Final consumption - other sectors - households - energy use,Total,Thousand tonnes of oil equivalent,Croatia,2016,2409.158,energy_consumption
Annual,Final consumption - other sectors - households - energy use,Total,Thousand tonnes of oil equivalent,Croatia,2017,2392.72,energy_consumption
Annual,Final consumption - other sectors - households - energy use,Total,Thousand tonnes of oil equivalent,Croatia,2018,2298.895,energy_consumption
Annual,Final consumption - other sectors - households - energy use,Total,Thousand tonnes of oil equivalent,Croatia,2019,2238.586,energy_consumption
Annual,Final consumption - other sectors - households - energy use,Total,Thousand tonnes of oil equivalent,Croatia,2020,2277.143,energy_consumption
Annual,Final consumption - other sectors - households - energy use,Total,Thousand tonnes of oil equivalent,Croatia,2021,2441.87,energy_consumption
Annual,Final consumption - other sectors - households - energy use,Total,Thousand tonnes of oil equivalent,Croatia,2022,2286.359,energy_consumption
Annual,Final consumption - other sectors - households - energy use,Total,Thousand tonnes of oil equivalent,Croatia,2023,2224.526,energy_consumption
Annual,Final consumption - other sectors - households - energy use,Total,Thousand tonnes of oil equivalent,Croatia,2024,2213.975,energy_consumption
Annual,Final consumption - other sectors - households - energy use,Total,Thousand tonnes of oil equivalent,Italy,2013,34230.62,energy_consumption
Annual,Final consumption - other sectors - households - energy use,Total,Thousand tonnes of oil equivalent,Italy,2014,29545.98,energy_consumption
Annual,Final consumption - other sectors - households - energy use,Total,Thousand tonnes of oil equivalent,Italy,2015,32494.483,energy_consumption
Annual,Final consumption - other sectors - households - energy use,Total,Thousand tonnes of oil equivalent,Italy,2016,32185.101,energy_consumption
Annual,Final consumption - other sectors - households - energy use,Total,Thousand tonnes of oil equivalent,Italy,2017,32898.639,energy_consumption
Annual,Final consumption - other sectors - households - energy use,Total,Thousand tonnes of oil equivalent,Italy,2018,31905.559,energy_consumption
Annual,Final consumption - other sectors - households - energy use,Total,Thousand tonnes of oil equivalent,Italy,2019,31138.335,energy_consumption
Annual,Final consumption - other sectors - households - energy use,Total,Thousand tonnes of oil equivalent,Italy,2020,30655.992,energy_consumption
Annual,Final consumption - other sectors - households - energy use,Total,Thousand tonnes of oil equivalent,Italy,2021,33244.961,energy_consumption
Annual,Final consumption - other sectors - households - energy use,Total,Thousand tonnes of oil equivalent,Italy,2022,29426.979,energy_consumption
Annual,Final consumption - other sectors - households - energy use,Total,Thousand tonnes of oil equivalent,Italy,2023,26546.617,energy_consumption
Annual,Final consumption - other sectors - households - energy use,Total,Thousand tonnes of oil equivalent,Italy,2024,26782.433,energy_consumption
Annual,Final consumption - other sectors - households - energy use,Total,Thousand tonnes of oil equivalent,Cyprus,2013,304.971,energy_consumption
Annual,Final consumption - other sectors - households - energy use,Total,Thousand tonnes of oil equivalent,Cyprus,2014,292.183,energy_consumption
Annual,Final consumption - other sectors - households - energy use,Total,Thousand tonnes of oil equivalent,Cyprus,2015,323.916,energy_consumption
Annual,Final consumption - other sectors - households - energy use,Total,Thousand tonnes of oil equivalent,Cyprus,2016,333.642,energy_consumption
Annual,Final consumption - other sectors - households - energy use,Total,Thousand tonnes of oil equivalent,Cyprus,2017,342.362,energy_consumption
Annual,Final consumption - other sectors - households - energy use,Total,Thousand tonnes of oil equivalent,Cyprus,2018,334.957,energy_consumption
Annual,Final consumption - other sectors - households - energy use,Total,Thousand tonnes of oil equivalent,Cyprus,2019,359.703,energy_consumption
Annual,Final consumption - other sectors - households - energy use,Total,Thousand tonnes of oil equivalent,Cyprus,2020,363.552,energy_consumption
Annual,Final consumption - other sectors - households - energy use,Total,Thousand tonnes of oil equivalent,Cyprus,2021,355.143,energy_consumption
Annual,Final consumption - other sectors - households - energy use,Total,Thousand tonnes of oil equivalent,Cyprus,2022,360.543,energy_consumption
Annual,Final consumption - other sectors - households - energy use,Total,Thousand tonnes of oil equivalent,Cyprus,2023,336.459,energy_consumption
Annual,Final consumption - other sectors - households - energy use,Total,Thousand tonnes of oil equivalent,Cyprus,2024,347.807,energy_consumption
Annual,Final consumption - other sectors - households - energy use,Total,Thousand tonnes of oil equivalent,Latvia,2013,1267.242,energy_consumption
Annual,Final consumption - other sectors - households - energy use,Total,Thousand tonnes of oil equivalent,Latvia,2014,1238.471,energy_consumption
Annual,Final consumption - other sectors - households - energy use,Total,Thousand tonnes of oil equivalent,Latvia,2015,1105.582,energy_consumption
Annual,Final consumption - other sectors - households - energy use,Total,Thousand tonnes of oil equivalent,Latvia,2016,1143.483,energy_consumption
Annual,Final consumption - other sectors - households - energy use,Total,Thousand tonnes of oil equivalent,Latvia,2017,1195.604,energy_consumption
Annual,Final consumption - other sectors - households - energy use,Total,Thousand tonnes of oil equivalent,Latvia,2018,1231.009,energy_consumption
Annual,Final consumption - other sectors - households - energy use,Total,Thousand tonnes of oil equivalent,Latvia,2019,1187.967,energy_consumption
Annual,Final consumption - other sectors - households - energy use,Total,Thousand tonnes of oil equivalent,Latvia,2020,1115.366,energy_consumption
Annual,Final consumption - other sectors - households - energy use,Total,Thousand tonnes of oil equivalent,Latvia,2021,1202.993,energy_consumption
Annual,Final consumption - other sectors - households - energy use,Total,Thousand tonnes of oil equivalent,Latvia,2022,1115.069,energy_consumption
Annual,Final consumption - other sectors - households - energy use,Total,Thousand tonnes of oil equivalent,Latvia,2023,1079.133,energy_consumption
Annual,Final consumption - other sectors - households - energy use,Total,Thousand tonnes of oil equivalent,Latvia,2024,1099.341,energy_consumption
Annual,Final consumption - other sectors - households - energy use,Total,Thousand tonnes of oil equivalent,Lithuania,2013,1467.198,energy_consumption
Annual,Final consumption - other sectors - households - energy use,Total,Thousand tonnes of oil equivalent,Lithuania,2014,1400.9,energy_consumption
Annual,Final consumption - other sectors - households - energy use,Total,Thousand tonnes of oil equivalent,Lithuania,2015,1359.131,energy_consumption
Annual,Final consumption - other sectors - households - energy use,Total,Thousand tonnes of oil equivalent,Lithuania,2016,1433.211,energy_consumption
Annual,Final consumption - other sectors - households - energy use,Total,Thousand tonnes of oil equivalent,Lithuania,2017,1455.374,energy_consumption
Annual,Final consumption - other sectors - households - energy use,Total,Thousand tonnes of oil equivalent,Lithuania,2018,1511.606,energy_consumption
Annual,Final consumption - other sectors - households - energy use,Total,Thousand tonnes of oil equivalent,Lithuania,2019,1447.177,energy_consumption
Annual,Final consumption - other sectors - households - energy use,Total,Thousand tonnes of oil equivalent,Lithuania,2020,1433.361,energy_consumption
Annual,Final consumption - other sectors - households - energy use,Total,Thousand tonnes of oil equivalent,Lithuania,2021,1629.694,energy_consumption
Annual,Final consumption - other sectors - households - energy use,Total,Thousand tonnes of oil equivalent,Lithuania,2022,1558.114,energy_consumption
Annual,Final consumption - other sectors - households - energy use,Total,Thousand tonnes of oil equivalent,Lithuania,2023,1530.945,energy_consumption
Annual,Final consumption - other sectors - households - energy use,Total,Thousand tonnes of oil equivalent,Lithuania,2024,1616.951,energy_consumption
Annual,Final consumption - other sectors - households - energy use,Total,Thousand tonnes of oil equivalent,Luxembourg,2013,498.056,energy_consumption
Annual,Final consumption - other sectors - households - energy use,Total,Thousand tonnes of oil equivalent,Luxembourg,2014,468.025,energy_consumption
Annual,Final consumption - other sectors - households - energy use,Total,Thousand tonnes of oil equivalent,Luxembourg,2015,508.946,energy_consumption
Annual,Final consumption - other sectors - households - energy use,Total,Thousand tonnes of oil equivalent,Luxembourg,2016,525.178,energy_consumption
Annual,Final consumption - other sectors - households - energy use,Total,Thousand tonnes of oil equivalent,Luxembourg,2017,535.579,energy_consumption
Annual,Final consumption - other sectors - households - energy use,Total,Thousand tonnes of oil equivalent,Luxembourg,2018,500.518,energy_consumption
Annual,Final consumption - other sectors - households - energy use,Total,Thousand tonnes of oil equivalent,Luxembourg,2019,463.194,energy_consumption
Annual,Final consumption - other sectors - households - energy use,Total,Thousand tonnes of oil equivalent,Luxembourg,2020,497.737,energy_consumption
Annual,Final consumption - other sectors - households - energy use,Total,Thousand tonnes of oil equivalent,Luxembourg,2021,479.175,energy_consumption
Annual,Final consumption - other sectors - households - energy use,Total,Thousand tonnes of oil equivalent,Luxembourg,2022,454.444,energy_consumption
Annual,Final consumption - other sectors - households - energy use,Total,Thousand tonnes of oil equivalent,Luxembourg,2023,438.685,energy_consumption
Annual,Final consumption - other sectors - households - energy use,Total,Thousand tonnes of oil equivalent,Luxembourg,2024,443.037,energy_consumption
Annual,Final consumption - other sectors - households - energy use,Total,Thousand tonnes of oil equivalent,Hungary,2013,6209.747,energy_consumption
Annual,Final consumption - other sectors - households - energy use,Total,Thousand tonnes of oil equivalent,Hungary,2014,5487.452,energy_consumption
Annual,Final consumption - other sectors - households - energy use,Total,Thousand tonnes of oil equivalent,Hungary,2015,5969.813,energy_consumption
Annual,Final consumption - other sectors - households - energy use,Total,Thousand tonnes of oil equivalent,Hungary,2016,6156.505,energy_consumption
Annual,Final consumption - other sectors - households - energy use,Total,Thousand tonnes of oil equivalent,Hungary,2017,6294.138,energy_consumption
Annual,Final consumption - other sectors - households - energy use,Total,Thousand tonnes of oil equivalent,Hungary,2018,5818.115,energy_consumption
Annual,Final consumption - other sectors - households - energy use,Total,Thousand tonnes of oil equivalent,Hungary,2019,5676.869,energy_consumption
Annual,Final consumption - other sectors - households - energy use,Total,Thousand tonnes of oil equivalent,Hungary,2020,5980.487,energy_consumption
Annual,Final consumption - other sectors - households - energy use,Total,Thousand tonnes of oil equivalent,Hungary,2021,6374.4,energy_consumption
Annual,Final consumption - other sectors - households - energy use,Total,Thousand tonnes of oil equivalent,Hungary,2022,5821.192,energy_consumption
Annual,Final consumption - other sectors - households - energy use,Total,Thousand tonnes of oil equivalent,Hungary,2023,5367.117,energy_consumption
Annual,Final consumption - other sectors - households - energy use,Total,Thousand tonnes of oil equivalent,Hungary,2024,5327.465,energy_consumption
Annual,Final consumption - other sectors - households - energy use,Total,Thousand tonnes of oil equivalent,Malta,2013,73.999,energy_consumption
Annual,Final consumption - other sectors - households - energy use,Total,Thousand tonnes of oil equivalent,Malta,2014,73.904,energy_consumption
Annual,Final consumption - other sectors - households - energy use,Total,Thousand tonnes of oil equivalent,Malta,2015,79.865,energy_consumption
Annual,Final consumption - other sectors - households - energy use,Total,Thousand tonnes of oil equivalent,Malta,2016,77.575,energy_consumption
Annual,Final consumption - other sectors - households - energy use,Total,Thousand tonnes of oil equivalent,Malta,2017,91.096,energy_consumption
Annual,Final consumption - other sectors - households - energy use,Total,Thousand tonnes of oil equivalent,Malta,2018,93.033,energy_consumption
Annual,Final consumption - other sectors - households - energy use,Total,Thousand tonnes of oil equivalent,Malta,2019,101.528,energy_consumption
Annual,Final consumption - other sectors - households - energy use,Total,Thousand tonnes of oil equivalent,Malta,2020,105.933,energy_consumption
Annual,Final consumption - other sectors - households - energy use,Total,Thousand tonnes of oil equivalent,Malta,2021,110.244,energy_consumption
Annual,Final consumption - other sectors - households - energy use,Total,Thousand tonnes of oil equivalent,Malta,2022,117.719,energy_consumption
Annual,Final consumption - other sectors - households - energy use,Total,Thousand tonnes of oil equivalent,Malta,2023,116.023,energy_consumption
Annual,Final consumption - other sectors - households - energy use,Total,Thousand tonnes of oil equivalent,Malta,2024,121.621,energy_consumption
Annual,Final consumption - other sectors - households - energy use,Total,Thousand tonnes of oil equivalent,Netherlands,2013,11412.549,energy_consumption
Annual,Final consumption - other sectors - households - energy use,Total,Thousand tonnes of oil equivalent,Netherlands,2014,9116.954,energy_consumption
Annual,Final consumption - other sectors - households - energy use,Total,Thousand tonnes of oil equivalent,Netherlands,2015,9534.29,energy_consumption
Annual,Final consumption - other sectors - households - energy use,Total,Thousand tonnes of oil equivalent,Netherlands,2016,9812.913,energy_consumption
Annual,Final consumption - other sectors - households - energy use,Total,Thousand tonnes of oil equivalent,Netherlands,2017,9584.967,energy_consumption
Annual,Final consumption - other sectors - households - energy use,Total,Thousand tonnes of oil equivalent,Netherlands,2018,9551.684,energy_consumption
Annual,Final consumption - other sectors - households - energy use,Total,Thousand tonnes of oil equivalent,Netherlands,2019,9330.173,energy_consumption
Annual,Final consumption - other sectors - households - energy use,Total,Thousand tonnes of oil equivalent,Netherlands,2020,9110.154,energy_consumption
Annual,Final consumption - other sectors - households - energy use,Total,Thousand tonnes of oil equivalent,Netherlands,2021,10087.558,energy_consumption
Annual,Final consumption - other sectors - households - energy use,Total,Thousand tonnes of oil equivalent,Netherlands,2022,8201.73,energy_consumption
Annual,Final consumption - other sectors - households - energy use,Total,Thousand tonnes of oil equivalent,Netherlands,2023,7673.371,energy_consumption
Annual,Final consumption - other sectors - households - energy use,Total,Thousand tonnes of oil equivalent,Netherlands,2024,7689.932,energy_consumption
Annual,Final consumption - other sectors - households - energy use,Total,Thousand tonnes of oil equivalent,Austria,2013,6911.132,energy_consumption
Annual,Final consumption - other sectors - households - energy use,Total,Thousand tonnes of oil equivalent,Austria,2014,6239.87,energy_consumption
Annual,Final consumption - other sectors - households - energy use,Total,Thousand tonnes of oil equivalent,Austria,2015,6631.937,energy_consumption
Annual,Final consumption - other sectors - households - energy use,Total,Thousand tonnes of oil equivalent,Austria,2016,6919.098,energy_consumption
Annual,Final consumption - other sectors - households - energy use,Total,Thousand tonnes of oil equivalent,Austria,2017,6955.601,energy_consumption
Annual,Final consumption - other sectors - households - energy use,Total,Thousand tonnes of oil equivalent,Austria,2018,6531.091,energy_consumption
Annual,Final consumption - other sectors - households - energy use,Total,Thousand tonnes of oil equivalent,Austria,2019,6687.86,energy_consumption
Annual,Final consumption - other sectors - households - energy use,Total,Thousand tonnes of oil equivalent,Austria,2020,7033.251,energy_consumption
Annual,Final consumption - other sectors - households - energy use,Total,Thousand tonnes of oil equivalent,Austria,2021,7811.649,energy_consumption
Annual,Final consumption - other sectors - households - energy use,Total,Thousand tonnes of oil equivalent,Austria,2022,7108.457,energy_consumption
Annual,Final consumption - other sectors - households - energy use,Total,Thousand tonnes of oil equivalent,Austria,2023,7270.904,energy_consumption
Annual,Final consumption - other sectors - households - energy use,Total,Thousand tonnes of oil equivalent,Austria,2024,6932.267,energy_consumption
Annual,Final consumption - other sectors - households - energy use,Total,Thousand tonnes of oil equivalent,Poland,2013,20492.305,energy_consumption
Annual,Final consumption - other sectors - households - energy use,Total,Thousand tonnes of oil equivalent,Poland,2014,19034.846,energy_consumption
Annual,Final consumption - other sectors - households - energy use,Total,Thousand tonnes of oil equivalent,Poland,2015,19032.461,energy_consumption
Annual,Final consumption - other sectors - households - energy use,Total,Thousand tonnes of oil equivalent,Poland,2016,19886.302,energy_consumption
Annual,Final consumption - other sectors - households - energy use,Total,Thousand tonnes of oil equivalent,Poland,2017,20063.177,energy_consumption
Annual,Final consumption - other sectors - households - energy use,Total,Thousand tonnes of oil equivalent,Poland,2018,22557.493,energy_consumption
Annual,Final consumption - other sectors - households - energy use,Total,Thousand tonnes of oil equivalent,Poland,2019,20993.899,energy_consumption
Annual,Final consumption - other sectors - households - energy use,Total,Thousand tonnes of oil equivalent,Poland,2020,21101.347,energy_consumption
Annual,Final consumption - other sectors - households - energy use,Total,Thousand tonnes of oil equivalent,Poland,2021,22130.789,energy_consumption
Annual,Final consumption - other sectors - households - energy use,Total,Thousand tonnes of oil equivalent,Poland,2022,20492.124,energy_consumption
Annual,Final consumption - other sectors - households - energy use,Total,Thousand tonnes of oil equivalent,Poland,2023,19916.392,energy_consumption
Annual,Final consumption - other sectors - households - energy use,Total,Thousand tonnes of oil equivalent,Poland,2024,19636.596,energy_consumption
Annual,Final consumption - other sectors - households - energy use,Total,Thousand tonnes of oil equivalent,Portugal,2013,2634.808,energy_consumption
Annual,Final consumption - other sectors - households - energy use,Total,Thousand tonnes of oil equivalent,Portugal,2014,2776.692,energy_consumption
Annual,Final consumption - other sectors - households - energy use,Total,Thousand tonnes of oil equivalent,Portugal,2015,2751.749,energy_consumption
Annual,Final consumption - other sectors - households - energy use,Total,Thousand tonnes of oil equivalent,Portugal,2016,2819.484,energy_consumption
Annual,Final consumption - other sectors - households - energy use,Total,Thousand tonnes of oil equivalent,Portugal,2017,2801.785,energy_consumption
Annual,Final consumption - other sectors - households - energy use,Total,Thousand tonnes of oil equivalent,Portugal,2018,2877.758,energy_consumption
Annual,Final consumption - other sectors - households - energy use,Total,Thousand tonnes of oil equivalent,Portugal,2019,2891.348,energy_consumption
Annual,Final consumption - other sectors - households - energy use,Total,Thousand tonnes of oil equivalent,Portugal,2020,3014.19,energy_consumption
Annual,Final consumption - other sectors - households - energy use,Total,Thousand tonnes of oil equivalent,Portugal,2021,3022.524,energy_consumption
Annual,Final consumption - other sectors - households - energy use,Total,Thousand tonnes of oil equivalent,Portugal,2022,2965.934,energy_consumption
Annual,Final consumption - other sectors - households - energy use,Total,Thousand tonnes of oil equivalent,Portugal,2023,3019.665,energy_consumption
Annual,Final consumption - other sectors - households - energy use,Total,Thousand tonnes of oil equivalent,Portugal,2024,2939.639,energy_consumption
Annual,Final consumption - other sectors - households - energy use,Total,Thousand tonnes of oil equivalent,Romania,2013,7721.97,energy_consumption
Annual,Final consumption - other sectors - households - energy use,Total,Thousand tonnes of oil equivalent,Romania,2014,7409.681,energy_consumption
Annual,Final consumption - other sectors - households - energy use,Total,Thousand tonnes of oil equivalent,Romania,2015,7375.183,energy_consumption
Annual,Final consumption - other sectors - households - energy use,Total,Thousand tonnes of oil equivalent,Romania,2016,7414.92,energy_consumption
Annual,Final consumption - other sectors - households - energy use,Total,Thousand tonnes of oil equivalent,Romania,2017,7732.038,energy_consumption
Annual,Final consumption - other sectors - households - energy use,Total,Thousand tonnes of oil equivalent,Romania,2018,7775.08,energy_consumption
Annual,Final consumption - other sectors - households - energy use,Total,Thousand tonnes of oil equivalent,Romania,2019,7753.283,energy_consumption
Annual,Final consumption - other sectors - households - energy use,Total,Thousand tonnes of oil equivalent,Romania,2020,8007.426,energy_consumption
Annual,Final consumption - other sectors - households - energy use,Total,Thousand tonnes of oil equivalent,Romania,2021,8764.871,energy_consumption
Annual,Final consumption - other sectors - households - energy use,Total,Thousand tonnes of oil equivalent,Romania,2022,7894.699,energy_consumption
Annual,Final consumption - other sectors - households - energy use,Total,Thousand tonnes of oil equivalent,Romania,2023,7552.174,energy_consumption
Annual,Final consumption - other sectors - households - energy use,Total,Thousand tonnes of oil equivalent,Romania,2024,7434.117,energy_consumption
Annual,Final consumption - other sectors - households - energy use,Total,Thousand tonnes of oil equivalent,Slovenia,2013,1238.44,energy_consumption
Annual,Final consumption - other sectors - households - energy use,Total,Thousand tonnes of oil equivalent,Slovenia,2014,1060.348,energy_consumption
Annual,Final consumption - other sectors - households - energy use,Total,Thousand tonnes of oil equivalent,Slovenia,2015,1172.476,energy_consumption
Annual,Final consumption - other sectors - households - energy use,Total,Thousand tonnes of oil equivalent,Slovenia,2016,1196.324,energy_consumption
Annual,Final consumption - other sectors - households - energy use,Total,Thousand tonnes of oil equivalent,Slovenia,2017,1171.381,energy_consumption
Annual,Final consumption - other sectors - households - energy use,Total,Thousand tonnes of oil equivalent,Slovenia,2018,1101.397,energy_consumption
Annual,Final consumption - other sectors - households - energy use,Total,Thousand tonnes of oil equivalent,Slovenia,2019,1076.85,energy_consumption
Annual,Final consumption - other sectors - households - energy use,Total,Thousand tonnes of oil equivalent,Slovenia,2020,1091.333,energy_consumption
Annual,Final consumption - other sectors - households - energy use,Total,Thousand tonnes of oil equivalent,Slovenia,2021,1162.089,energy_consumption
Annual,Final consumption - other sectors - households - energy use,Total,Thousand tonnes of oil equivalent,Slovenia,2022,1052.349,energy_consumption
Annual,Final consumption - other sectors - households - energy use,Total,Thousand tonnes of oil equivalent,Slovenia,2023,1040.915,energy_consumption
Annual,Final consumption - other sectors - households - energy use,Total,Thousand tonnes of oil equivalent,Slovenia,2024,1033.167,energy_consumption
Annual,Final consumption - other sectors - households - energy use,Total,Thousand tonnes of oil equivalent,Slovakia,2013,2842.735,energy_consumption
Annual,Final consumption - other sectors - households - energy use,Total,Thousand tonnes of oil equivalent,Slovakia,2014,2325.037,energy_consumption
Annual,Final consumption - other sectors - households - energy use,Total,Thousand tonnes of oil equivalent,Slovakia,2015,2573.288,energy_consumption
Annual,Final consumption - other sectors - households - energy use,Total,Thousand tonnes of oil equivalent,Slovakia,2016,2688.692,energy_consumption
Annual,Final consumption - other sectors - households - energy use,Total,Thousand tonnes of oil equivalent,Slovakia,2017,2744.162,energy_consumption
Annual,Final consumption - other sectors - households - energy use,Total,Thousand tonnes of oil equivalent,Slovakia,2018,2546.007,energy_consumption
Annual,Final consumption - other sectors - households - energy use,Total,Thousand tonnes of oil equivalent,Slovakia,2019,2637.679,energy_consumption
Annual,Final consumption - other sectors - households - energy use,Total,Thousand tonnes of oil equivalent,Slovakia,2020,2744.571,energy_consumption
Annual,Final consumption - other sectors - households - energy use,Total,Thousand tonnes of oil equivalent,Slovakia,2021,2966.314,energy_consumption
Annual,Final consumption - other sectors - households - energy use,Total,Thousand tonnes of oil equivalent,Slovakia,2022,2686.513,energy_consumption
Annual,Final consumption - other sectors - households - energy use,Total,Thousand tonnes of oil equivalent,Slovakia,2023,2425.468,energy_consumption
Annual,Final consumption - other sectors - households - energy use,Total,Thousand tonnes of oil equivalent,Slovakia,2024,2299.882,energy_consumption
Annual,Final consumption - other sectors - households - energy use,Total,Thousand tonnes of oil equivalent,Finland,2013,5172.734,energy_consumption
Annual,Final consumption - other sectors - households - energy use,Total,Thousand tonnes of oil equivalent,Finland,2014,5126.2,energy_consumption
Annual,Final consumption - other sectors - households - energy use,Total,Thousand tonnes of oil equivalent,Finland,2015,4950.975,energy_consumption
Annual,Final consumption - other sectors - households - energy use,Total,Thousand tonnes of oil equivalent,Finland,2016,5342.235,energy_consumption
Annual,Final consumption - other sectors - households - energy use,Total,Thousand tonnes of oil equivalent,Finland,2017,5761.435,energy_consumption
Annual,Final consumption - other sectors - households - energy use,Total,Thousand tonnes of oil equivalent,Finland,2018,5691.11,energy_consumption
Annual,Final consumption - other sectors - households - energy use,Total,Thousand tonnes of oil equivalent,Finland,2019,5631.035,energy_consumption
Annual,Final consumption - other sectors - households - energy use,Total,Thousand tonnes of oil equivalent,Finland,2020,5284.813,energy_consumption
Annual,Final consumption - other sectors - households - energy use,Total,Thousand tonnes of oil equivalent,Finland,2021,5962.385,energy_consumption
Annual,Final consumption - other sectors - households - energy use,Total,Thousand tonnes of oil equivalent,Finland,2022,5594.322,energy_consumption
Annual,Final consumption - other sectors - households - energy use,Total,Thousand tonnes of oil equivalent,Finland,2023,5465.387,energy_consumption
Annual,Final consumption - other sectors - households - energy use,Total,Thousand tonnes of oil equivalent,Finland,2024,5362.842,energy_consumption
Annual,Final consumption - other sectors - households - energy use,Total,Thousand tonnes of oil equivalent,Sweden,2013,7694.262,energy_consumption
Annual,Final consumption - other sectors - households - energy use,Total,Thousand tonnes of oil equivalent,Sweden,2014,7229.333,energy_consumption
Annual,Final consumption - other sectors - households - energy use,Total,Thousand tonnes of oil equivalent,Sweden,2015,7411.176,energy_consumption
Annual,Final consumption - other sectors - households - energy use,Total,Thousand tonnes of oil equivalent,Sweden,2016,7659.147,energy_consumption
Annual,Final consumption - other sectors - households - energy use,Total,Thousand tonnes of oil equivalent,Sweden,2017,7696.829,energy_consumption
Annual,Final consumption - other sectors - households - energy use,Total,Thousand tonnes of oil equivalent,Sweden,2018,7490.34,energy_consumption
Annual,Final consumption - other sectors - households - energy use,Total,Thousand tonnes of oil equivalent,Sweden,2019,7363.914,energy_consumption
Annual,Final consumption - other sectors - households - energy use,Total,Thousand tonnes of oil equivalent,Sweden,2020,7182.148,energy_consumption
Annual,Final consumption - other sectors - households - energy use,Total,Thousand tonnes of oil equivalent,Sweden,2021,7878.771,energy_consumption
Annual,Final consumption - other sectors - households - energy use,Total,Thousand tonnes of oil equivalent,Sweden,2022,7062.293,energy_consumption
Annual,Final consumption - other sectors - households - energy use,Total,Thousand tonnes of oil equivalent,Sweden,2023,7050.024,energy_consumption
Annual,Final consumption - other sectors - households - energy use,Total,Thousand tonnes of oil equivalent,Sweden,2024,6995.723,energy_consumption
Annual,Final consumption - other sectors - households - energy use,Total,Thousand tonnes of oil equivalent,Iceland,2013,399.164,energy_consumption
Annual,Final consumption - other sectors - households - energy use,Total,Thousand tonnes of oil equivalent,Iceland,2014,384.692,energy_consumption
Annual,Final consumption - other sectors - households - energy use,Total,Thousand tonnes of oil equivalent,Iceland,2015,392.234,energy_consumption
Annual,Final consumption - other sectors - households - energy use,Total,Thousand tonnes of oil equivalent,Iceland,2016,423.296,energy_consumption
Annual,Final consumption - other sectors - households - energy use,Total,Thousand tonnes of oil equivalent,Iceland,2017,422.526,energy_consumption
Annual,Final consumption - other sectors - households - energy use,Total,Thousand tonnes of oil equivalent,Iceland,2018,505.489,energy_consumption
Annual,Final consumption - other sectors - households - energy use,Total,Thousand tonnes of oil equivalent,Iceland,2019,454.055,energy_consumption
Annual,Final consumption - other sectors - households - energy use,Total,Thousand tonnes of oil equivalent,Iceland,2020,482.238,energy_consumption
Annual,Final consumption - other sectors - households - energy use,Total,Thousand tonnes of oil equivalent,Iceland,2021,500.795,energy_consumption
Annual,Final consumption - other sectors - households - energy use,Total,Thousand tonnes of oil equivalent,Iceland,2022,443.212,energy_consumption
Annual,Final consumption - other sectors - households - energy use,Total,Thousand tonnes of oil equivalent,Iceland,2023,453.257,energy_consumption
Annual,Final consumption - other sectors - households - energy use,Total,Thousand tonnes of oil equivalent,Iceland,2024,494.519,energy_consumption
Annual,Final consumption - other sectors - households - energy use,Total,Thousand tonnes of oil equivalent,Liechtenstein,2013,,energy_consumption
Annual,Final consumption - other sectors - households - energy use,Total,Thousand tonnes of oil equivalent,Liechtenstein,2014,,energy_consumption
Annual,Final consumption - other sectors - households - energy use,Total,Thousand tonnes of oil equivalent,Liechtenstein,2015,,energy_consumption
Annual,Final consumption - other sectors - households - energy use,Total,Thousand tonnes of oil equivalent,Liechtenstein,2016,,energy_consumption
Annual,Final consumption - other sectors - households - energy use,Total,Thousand tonnes of oil equivalent,Liechtenstein,2017,,energy_consumption
Annual,Final consumption - other sectors - households - energy use,Total,Thousand tonnes of oil equivalent,Liechtenstein,2018,,energy_consumption
Annual,Final consumption - other sectors - households - energy use,Total,Thousand tonnes of oil equivalent,Liechtenstein,2019,,energy_consumption
Annual,Final consumption - other sectors - households - energy use,Total,Thousand tonnes of oil equivalent,Liechtenstein,2020,,energy_consumption
Annual,Final consumption - other sectors - households - energy use,Total,Thousand tonnes of oil equivalent,Liechtenstein,2021,,energy_consumption
Annual,Final consumption - other sectors - households - energy use,Total,Thousand tonnes of oil equivalent,Liechtenstein,2022,,energy_consumption
Annual,Final consumption - other sectors - households - energy use,Total,Thousand tonnes of oil equivalent,Liechtenstein,2023,,energy_consumption
Annual,Final consumption - other sectors - households - energy use,Total,Thousand tonnes of oil equivalent,Liechtenstein,2024,,energy_consumption
Annual,Final consumption - other sectors - households - energy use,Total,Thousand tonnes of oil equivalent,Norway,2013,4451.032,energy_consumption
Annual,Final consumption - other sectors - households - energy use,Total,Thousand tonnes of oil equivalent,Norway,2014,4188.006,energy_consumption
Annual,Final consumption - other sectors - households - energy use,Total,Thousand tonnes of oil equivalent,Norway,2015,4352.562,energy_consumption
Annual,Final consumption - other sectors - households - energy use,Total,Thousand tonnes of oil equivalent,Norway,2016,4485.674,energy_consumption
Annual,Final consumption - other sectors - households - energy use,Total,Thousand tonnes of oil equivalent,Norway,2017,4549.023,energy_consumption
Annual,Final consumption - other sectors - households - energy use,Total,Thousand tonnes of oil equivalent,Norway,2018,4573.027,energy_consumption
Annual,Final consumption - other sectors - households - energy use,Total,Thousand tonnes of oil equivalent,Norway,2019,4499.666,energy_consumption
Annual,Final consumption - other sectors - households - energy use,Total,Thousand tonnes of oil equivalent,Norway,2020,4527.554,energy_consumption
Annual,Final consumption - other sectors - households - energy use,Total,Thousand tonnes of oil equivalent,Norway,2021,4774.72,energy_consumption
Annual,Final consumption - other sectors - households - energy use,Total,Thousand tonnes of oil equivalent,Norway,2022,4390.55,energy_consumption
Annual,Final consumption - other sectors - households - energy use,Total,Thousand tonnes of oil equivalent,Norway,2023,4635.938,energy_consumption
Annual,Final consumption - other sectors - households - energy use,Total,Thousand tonnes of oil equivalent,Norway,2024,4664.267,energy_consumption
Annual,Final consumption - other sectors - households - energy use,Total,Thousand tonnes of oil equivalent,Switzerland,2013,,energy_consumption
Annual,Final consumption - other sectors - households - energy use,Total,Thousand tonnes of oil equivalent,Switzerland,2014,,energy_consumption
Annual,Final consumption - other sectors - households - energy use,Total,Thousand tonnes of oil equivalent,Switzerland,2015,,energy_consumption
Annual,Final consumption - other sectors - households - energy use,Total,Thousand tonnes of oil equivalent,Switzerland,2016,,energy_consumption
Annual,Final consumption - other sectors - households - energy use,Total,Thousand tonnes of oil equivalent,Switzerland,2017,,energy_consumption
Annual,Final consumption - other sectors - households - energy use,Total,Thousand tonnes of oil equivalent,Switzerland,2018,,energy_consumption
Annual,Final consumption - other sectors - households - energy use,Total,Thousand tonnes of oil equivalent,Switzerland,2019,,energy_consumption
Annual,Final consumption - other sectors - households - energy use,Total,Thousand tonnes of oil equivalent,Switzerland,2020,,energy_consumption
Annual,Final consumption - other sectors - households - energy use,Total,Thousand tonnes of oil equivalent,Switzerland,2021,,energy_consumption
Annual,Final consumption - other sectors - households - energy use,Total,Thousand tonnes of oil equivalent,Switzerland,2022,,energy_consumption
Annual,Final consumption - other sectors - households - energy use,Total,Thousand tonnes of oil equivalent,Switzerland,2023,,energy_consumption
Annual,Final consumption - other sectors - households - energy use,Total,Thousand tonnes of oil equivalent,Switzerland,2024,,energy_consumption
Annual,Final consumption - other sectors - households - energy use,Total,Thousand tonnes of oil equivalent,United Kingdom,2013,41458.259,energy_consumption
Annual,Final consumption - other sectors - households - energy use,Total,Thousand tonnes of oil equivalent,United Kingdom,2014,35813.099,energy_consumption
Annual,Final consumption - other sectors - households - energy use,Total,Thousand tonnes of oil equivalent,United Kingdom,2015,37257.018,energy_consumption
Annual,Final consumption - other sectors - households - energy use,Total,Thousand tonnes of oil equivalent,United Kingdom,2016,37970.686,energy_consumption
Annual,Final consumption - other sectors - households - energy use,Total,Thousand tonnes of oil equivalent,United Kingdom,2017,36772.29,energy_consumption
Annual,Final consumption - other sectors - households - energy use,Total,Thousand tonnes of oil equivalent,United Kingdom,2018,38307.568,energy_consumption
Annual,Final consumption - other sectors - households - energy use,Total,Thousand tonnes of oil equivalent,United Kingdom,2019,38134.984,energy_consumption
Annual,Final consumption - other sectors - households - energy use,Total,Thousand tonnes of oil equivalent,United Kingdom,2020,,energy_consumption
Annual,Final consumption - other sectors - households - energy use,Total,Thousand tonnes of oil equivalent,United Kingdom,2021,,energy_consumption
Annual,Final consumption - other sectors - households - energy use,Total,Thousand tonnes of oil equivalent,United Kingdom,2022,,energy_consumption
Annual,Final consumption - other sectors - households - energy use,Total,Thousand tonnes of oil equivalent,United Kingdom,2023,,energy_consumption
Annual,Final consumption - other sectors - households - energy use,Total,Thousand tonnes of oil equivalent,United Kingdom,2024,,energy_consumption
Annual,Final consumption - other sectors - households - energy use,Total,Thousand tonnes of oil equivalent,Montenegro,2013,269.251,energy_consumption
Annual,Final consumption - other sectors - households - energy use,Total,Thousand tonnes of oil equivalent,Montenegro,2014,256.273,energy_consumption
Annual,Final consumption - other sectors - households - energy use,Total,Thousand tonnes of oil equivalent,Montenegro,2015,265.421,energy_consumption
Annual,Final consumption - other sectors - households - energy use,Total,Thousand tonnes of oil equivalent,Montenegro,2016,264.617,energy_consumption
Annual,Final consumption - other sectors - households - energy use,Total,Thousand tonnes of oil equivalent,Montenegro,2017,263.151,energy_consumption
Annual,Final consumption - other sectors - households - energy use,Total,Thousand tonnes of oil equivalent,Montenegro,2018,248.017,energy_consumption
Annual,Final consumption - other sectors - households - energy use,Total,Thousand tonnes of oil equivalent,Montenegro,2019,243.959,energy_consumption
Annual,Final consumption - other sectors - households - energy use,Total,Thousand tonnes of oil equivalent,Montenegro,2020,243.169,energy_consumption
Annual,Final consumption - other sectors - households - energy use,Total,Thousand tonnes of oil equivalent,Montenegro,2021,257.803,energy_consumption
Annual,Final consumption - other sectors - households - energy use,Total,Thousand tonnes of oil equivalent,Montenegro,2022,248.872,energy_consumption
Annual,Final consumption - other sectors - households - energy use,Total,Thousand tonnes of oil equivalent,Montenegro,2023,256.235,energy_consumption
Annual,Final consumption - other sectors - households - energy use,Total,Thousand tonnes of oil equivalent,Montenegro,2024,294.534,energy_consumption
Annual,Final consumption - other sectors - households - energy use,Total,Thousand tonnes of oil equivalent,North Macedonia,2013,519.019,energy_consumption
Annual,Final consumption - other sectors - households - energy use,Total,Thousand tonnes of oil equivalent,North Macedonia,2014,523.579,energy_consumption
Annual,Final consumption - other sectors - households - energy use,Total,Thousand tonnes of oil equivalent,North Macedonia,2015,531.06,energy_consumption
Annual,Final consumption - other sectors - households - energy use,Total,Thousand tonnes of oil equivalent,North Macedonia,2016,491.613,energy_consumption
Annual,Final consumption - other sectors - households - energy use,Total,Thousand tonnes of oil equivalent,North Macedonia,2017,529.132,energy_consumption
Annual,Final consumption - other sectors - households - energy use,Total,Thousand tonnes of oil equivalent,North Macedonia,2018,483.576,energy_consumption
Annual,Final consumption - other sectors - households - energy use,Total,Thousand tonnes of oil equivalent,North Macedonia,2019,492.266,energy_consumption
Annual,Final consumption - other sectors - households - energy use,Total,Thousand tonnes of oil equivalent,North Macedonia,2020,508.56,energy_consumption
Annual,Final consumption - other sectors - households - energy use,Total,Thousand tonnes of oil equivalent,North Macedonia,2021,527.087,energy_consumption
Annual,Final consumption - other sectors - households - energy use,Total,Thousand tonnes of oil equivalent,North Macedonia,2022,492.381,energy_consumption
Annual,Final consumption - other sectors - households - energy use,Total,Thousand tonnes of oil equivalent,North Macedonia,2023,474.773,energy_consumption
Annual,Final consumption - other sectors - households - energy use,Total,Thousand tonnes of oil equivalent,North Macedonia,2024,476.652,energy_consumption
Annual,Final consumption - other sectors - households - energy use,Total,Thousand tonnes of oil equivalent,Albania,2013,580.003,energy_consumption
Annual,Final consumption - other sectors - households - energy use,Total,Thousand tonnes of oil equivalent,Albania,2014,556.243,energy_consumption
Annual,Final consumption - other sectors - households - energy use,Total,Thousand tonnes of oil equivalent,Albania,2015,532.287,energy_consumption
Annual,Final consumption - other sectors - households - energy use,Total,Thousand tonnes of oil equivalent,Albania,2016,496.35,energy_consumption
Annual,Final consumption - other sectors - households - energy use,Total,Thousand tonnes of oil equivalent,Albania,2017,492.58,energy_consumption
Annual,Final consumption - other sectors - households - energy use,Total,Thousand tonnes of oil equivalent,Albania,2018,510.484,energy_consumption
Annual,Final consumption - other sectors - households - energy use,Total,Thousand tonnes of oil equivalent,Albania,2019,504.986,energy_consumption
Annual,Final consumption - other sectors - households - energy use,Total,Thousand tonnes of oil equivalent,Albania,2020,538.642,energy_consumption
Annual,Final consumption - other sectors - households - energy use,Total,Thousand tonnes of oil equivalent,Albania,2021,548.63,energy_consumption
Annual,Final consumption - other sectors - households - energy use,Total,Thousand tonnes of oil equivalent,Albania,2022,524.447,energy_consumption
Annual,Final consumption - other sectors - households - energy use,Total,Thousand tonnes of oil equivalent,Albania,2023,513.467,energy_consumption
Annual,Final consumption - other sectors - households - energy use,Total,Thousand tonnes of oil equivalent,Albania,2024,523.736,energy_consumption
Annual,Final consumption - other sectors - households - energy use,Total,Thousand tonnes of oil equivalent,Serbia,2013,2846.752,energy_consumption
Annual,Final consumption - other sectors - households - energy use,Total,Thousand tonnes of oil equivalent,Serbia,2014,2752.802,energy_consumption
Annual,Final consumption - other sectors - households - energy use,Total,Thousand tonnes of oil equivalent,Serbia,2015,2826.152,energy_consumption
Annual,Final consumption - other sectors - households - energy use,Total,Thousand tonnes of oil equivalent,Serbia,2016,2924.237,energy_consumption
Annual,Final consumption - other sectors - households - energy use,Total,Thousand tonnes of oil equivalent,Serbia,2017,2853.554,energy_consumption
Annual,Final consumption - other sectors - households - energy use,Total,Thousand tonnes of oil equivalent,Serbia,2018,2838.427,energy_consumption
Annual,Final consumption - other sectors - households - energy use,Total,Thousand tonnes of oil equivalent,Serbia,2019,2854.671,energy_consumption
Annual,Final consumption - other sectors - households - energy use,Total,Thousand tonnes of oil equivalent,Serbia,2020,3488.068,energy_consumption
Annual,Final consumption - other sectors - households - energy use,Total,Thousand tonnes of oil equivalent,Serbia,2021,3555.492,energy_consumption
Annual,Final consumption - other sectors - households - energy use,Total,Thousand tonnes of oil equivalent,Serbia,2022,3426.41,energy_consumption
Annual,Final consumption - other sectors - households - energy use,Total,Thousand tonnes of oil equivalent,Serbia,2023,3388.771,energy_consumption
Annual,Final consumption - other sectors - households - energy use,Total,Thousand tonnes of oil equivalent,Serbia,2024,3348.074,energy_consumption
Annual,Final consumption - other sectors - households - energy use,Total,Thousand tonnes of oil equivalent,Türkiye,2013,19807.984,energy_consumption
Annual,Final consumption - other sectors - households - energy use,Total,Thousand tonnes of oil equivalent,Türkiye,2014,19166.344,energy_consumption
Annual,Final consumption - other sectors - households - energy use,Total,Thousand tonnes of oil equivalent,Türkiye,2015,20153.33,energy_consumption
Annual,Final consumption - other sectors - households - energy use,Total,Thousand tonnes of oil equivalent,Türkiye,2016,20710.961,energy_consumption
Annual,Final consumption - other sectors - households - energy use,Total,Thousand tonnes of oil equivalent,Türkiye,2017,23456.794,energy_consumption
Annual,Final consumption - other sectors - households - energy use,Total,Thousand tonnes of oil equivalent,Türkiye,2018,21687.504,energy_consumption
Annual,Final consumption - other sectors - households - energy use,Total,Thousand tonnes of oil equivalent,Türkiye,2019,23666.094,energy_consumption
Annual,Final consumption - other sectors - households - energy use,Total,Thousand tonnes of oil equivalent,Türkiye,2020,26034.742,energy_consumption
Annual,Final consumption - other sectors - households - energy use,Total,Thousand tonnes of oil equivalent,Türkiye,2021,26422.866,energy_consumption
Annual,Final consumption - other sectors - households - energy use,Total,Thousand tonnes of oil equivalent,Türkiye,2022,26948.909,energy_consumption
Annual,Final consumption - other sectors - households - energy use,Total,Thousand tonnes of oil equivalent,Türkiye,2023,25697.599,energy_consumption
Annual,Final consumption - other sectors - households - energy use,Total,Thousand tonnes of oil equivalent,Türkiye,2024,28979.219,energy_consumption
Annual,Final consumption - other sectors - households - energy use,Total,Thousand tonnes of oil equivalent,Bosnia and Herzegovina,2013,,energy_consumption
Annual,Final consumption - other sectors - households - energy use,Total,Thousand tonnes of oil equivalent,Bosnia and Herzegovina,2014,980.816,energy_consumption
Annual,Final consumption - other sectors - households - energy use,Total,Thousand tonnes of oil equivalent,Bosnia and Herzegovina,2015,1113.03,energy_consumption
Annual,Final consumption - other sectors - households - energy use,Total,Thousand tonnes of oil equivalent,Bosnia and Herzegovina,2016,1139.361,energy_consumption
Annual,Final consumption - other sectors - households - energy use,Total,Thousand tonnes of oil equivalent,Bosnia and Herzegovina,2017,1045.641,energy_consumption
Annual,Final consumption - other sectors - households - energy use,Total,Thousand tonnes of oil equivalent,Bosnia and Herzegovina,2018,1719.424,energy_consumption
Annual,Final consumption - other sectors - households - energy use,Total,Thousand tonnes of oil equivalent,Bosnia and Herzegovina,2019,1686.605,energy_consumption
Annual,Final consumption - other sectors - households - energy use,Total,Thousand tonnes of oil equivalent,Bosnia and Herzegovina,2020,1800.155,energy_consumption
Annual,Final consumption - other sectors - households - energy use,Total,Thousand tonnes of oil equivalent,Bosnia and Herzegovina,2021,1787.67,energy_consumption
Annual,Final consumption - other sectors - households - energy use,Total,Thousand tonnes of oil equivalent,Bosnia and Herzegovina,2022,1840.954,energy_consumption
Annual,Final consumption - other sectors - households - energy use,Total,Thousand tonnes of oil equivalent,Bosnia and Herzegovina,2023,1780.052,energy_consumption
Annual,Final consumption - other sectors - households - energy use,Total,Thousand tonnes of oil equivalent,Bosnia and Herzegovina,2024,1750.849,energy_consumption
Annual,Final consumption - other sectors - households - energy use,Total,Thousand tonnes of oil equivalent,Georgia,2013,1159.32,energy_consumption
Annual,Final consumption - other sectors - households - energy use,Total,Thousand tonnes of oil equivalent,Georgia,2014,1194.979,energy_consumption
Annual,Final consumption - other sectors - households - energy use,Total,Thousand tonnes of oil equivalent,Georgia,2015,1201.348,energy_consumption
Annual,Final consumption - other sectors - households - energy use,Total,Thousand tonnes of oil equivalent,Georgia,2016,1266.269,energy_consumption
Annual,Final consumption - other sectors - households - energy use,Total,Thousand tonnes of oil equivalent,Georgia,2017,1336.297,energy_consumption
Annual,Final consumption - other sectors - households - energy use,Total,Thousand tonnes of oil equivalent,Georgia,2018,1227.303,energy_consumption
Annual,Final consumption - other sectors - households - energy use,Total,Thousand tonnes of oil equivalent,Georgia,2019,1300.65,energy_consumption
Annual,Final consumption - other sectors - households - energy use,Total,Thousand tonnes of oil equivalent,Georgia,2020,1408.174,energy_consumption
Annual,Final consumption - other sectors - households - energy use,Total,Thousand tonnes of oil equivalent,Georgia,2021,1507.717,energy_consumption
Annual,Final consumption - other sectors - households - energy use,Total,Thousand tonnes of oil equivalent,Georgia,2022,1575.63,energy_consumption
Annual,Final consumption - other sectors - households - energy use,Total,Thousand tonnes of oil equivalent,Georgia,2023,1586.086,energy_consumption
Annual,Final consumption - other sectors - households - energy use,Total,Thousand tonnes of oil equivalent,Georgia,2024,1740.68,energy_consumption
Annual,Final consumption - other sectors - households - energy use,Total,Thousand tonnes of oil equivalent,Moldova,2013,1147.203,energy_consumption
Annual,Final consumption - other sectors - households - energy use,Total,Thousand tonnes of oil equivalent,Moldova,2014,1169.757,energy_consumption
Annual,Final consumption - other sectors - households - energy use,Total,Thousand tonnes of oil equivalent,Moldova,2015,1179.946,energy_consumption
Annual,Final consumption - other sectors - households - energy use,Total,Thousand tonnes of oil equivalent,Moldova,2016,1233.669,energy_consumption
Annual,Final consumption - other sectors - households - energy use,Total,Thousand tonnes of oil equivalent,Moldova,2017,1316.751,energy_consumption
Annual,Final consumption - other sectors - households - energy use,Total,Thousand tonnes of oil equivalent,Moldova,2018,1338.83,energy_consumption
Annual,Final consumption - other sectors - households - energy use,Total,Thousand tonnes of oil equivalent,Moldova,2019,1236.74,energy_consumption
Annual,Final consumption - other sectors - households - energy use,Total,Thousand tonnes of oil equivalent,Moldova,2020,1203.437,energy_consumption
Annual,Final consumption - other sectors - households - energy use,Total,Thousand tonnes of oil equivalent,Moldova,2021,1316.674,energy_consumption
Annual,Final consumption - other sectors - households - energy use,Total,Thousand tonnes of oil equivalent,Moldova,2022,1072.23,energy_consumption
Annual,Final consumption - other sectors - households - energy use,Total,Thousand tonnes of oil equivalent,Moldova,2023,1009.203,energy_consumption
Annual,Final consumption - other sectors - households - energy use,Total,Thousand tonnes of oil equivalent,Moldova,2024,1028.916,energy_consumption
Annual,Final consumption - other sectors - households - energy use,Total,Thousand tonnes of oil equivalent,Ukraine,2013,23446.497,energy_consumption
Annual,Final consumption - other sectors - households - energy use,Total,Thousand tonnes of oil equivalent,Ukraine,2014,20357.427,energy_consumption
Annual,Final consumption - other sectors - households - energy use,Total,Thousand tonnes of oil equivalent,Ukraine,2015,16551.87,energy_consumption
Annual,Final consumption - other sectors - households - energy use,Total,Thousand tonnes of oil equivalent,Ukraine,2016,17348.751,energy_consumption
Annual,Final consumption - other sectors - households - energy use,Total,Thousand tonnes of oil equivalent,Ukraine,2017,16483.165,energy_consumption
Annual,Final consumption - other sectors - households - energy use,Total,Thousand tonnes of oil equivalent,Ukraine,2018,15986.088,energy_consumption
Annual,Final consumption - other sectors - households - energy use,Total,Thousand tonnes of oil equivalent,Ukraine,2019,14015.7,energy_consumption
Annual,Final consumption - other sectors - households - energy use,Total,Thousand tonnes of oil equivalent,Ukraine,2020,13654.325,energy_consumption
Annual,Final consumption - other sectors - households - energy use,Total,Thousand tonnes of oil equivalent,Ukraine,2021,,energy_consumption
Annual,Final consumption - other sectors - households - energy use,Total,Thousand tonnes of oil equivalent,Ukraine,2022,,energy_consumption
Annual,Final consumption - other sectors - households - energy use,Total,Thousand tonnes of oil equivalent,Ukraine,2023,,energy_consumption
Annual,Final consumption - other sectors - households - energy use,Total,Thousand tonnes of oil equivalent,Ukraine,2024,,energy_consumption
Annual,Final consumption - other sectors - households - energy use,Total,Thousand tonnes of oil equivalent,Kosovo*,2013,494.163,energy_consumption
Annual,Final consumption - other sectors - households - energy use,Total,Thousand tonnes of oil equivalent,Kosovo*,2014,479.943,energy_consumption
Annual,Final consumption - other sectors - households - energy use,Total,Thousand tonnes of oil equivalent,Kosovo*,2015,476.388,energy_consumption
Annual,Final consumption - other sectors - households - energy use,Total,Thousand tonnes of oil equivalent,Kosovo*,2016,549.413,energy_consumption
Annual,Final consumption - other sectors - households - energy use,Total,Thousand tonnes of oil equivalent,Kosovo*,2017,571.465,energy_consumption
Annual,Final consumption - other sectors - households - energy use,Total,Thousand tonnes of oil equivalent,Kosovo*,2018,573.404,energy_consumption
Annual,Final consumption - other sectors - households - energy use,Total,Thousand tonnes of oil equivalent,Kosovo*,2019,586.881,energy_consumption
Annual,Final consumption - other sectors - households - energy use,Total,Thousand tonnes of oil equivalent,Kosovo*,2020,608.818,energy_consumption
Annual,Final consumption - other sectors - households - energy use,Total,Thousand tonnes of oil equivalent,Kosovo*,2021,655.497,energy_consumption
Annual,Final consumption - other sectors - households - energy use,Total,Thousand tonnes of oil equivalent,Kosovo*,2022,554.853,energy_consumption
Annual,Final consumption - other sectors - households - energy use,Total,Thousand tonnes of oil equivalent,Kosovo*,2023,530.47,energy_consumption
Annual,Final consumption - other sectors - households - energy use,Total,Thousand tonnes of oil equivalent,Kosovo*,2024,477.211,energy_consumption
