freq,nrg_bal,unit,geo,time,value,dataset
Annual,Renewable energy - overall,Percentage,European Union - 27 countries (from 2020),2004,9.605,renewables_share
Annual,Renewable energy - overall,Percentage,European Union - 27 countries (from 2020),2005,10.182,renewables_share
Annual,Renewable energy - overall,Percentage,European Union - 27 countries (from 2020),2006,10.778,renewables_share
Annual,Renewable energy - overall,Percentage,European Union - 27 countries (from 2020),2007,11.749,renewables_share
Annual,Renewable energy - overall,Percentage,European Union - 27 countries (from 2020),2008,12.552,renewables_share
Annual,Renewable energy - overall,Percentage,European Union - 27 countries (from 2020),2009,13.85,renewables_share
Annual,Renewable energy - overall,Percentage,European Union - 27 countries (from 2020),2010,14.405,renewables_share
Annual,Renewable energy - overall,Percentage,European Union - 27 countries (from 2020),2011,14.547,renewables_share
Annual,Renewable energy - overall,Percentage,European Union - 27 countries (from 2020),2012,16.002,renewables_share
Annual,Renewable energy - overall,Percentage,European Union - 27 countries (from 2020),2013,16.659,renewables_share
Annual,Renewable energy - overall,Percentage,European Union - 27 countries (from 2020),2014,17.416,renewables_share
Annual,Renewable energy - overall,Percentage,European Union - 27 countries (from 2020),2015,17.82,renewables_share
Annual,Renewable energy - overall,Percentage,European Union - 27 countries (from 2020),2016,17.978,renewables_share
Annual,Renewable energy - overall,Percentage,European Union - 27 countries (from 2020),2017,18.411,renewables_share
Annual,Renewable energy - overall,Percentage,European Union - 27 countries (from 2020),2018,19.096,renewables_share
Annual,Renewable energy - overall,Percentage,European Union - 27 countries (from 2020),2019,19.887,renewables_share
Annual,Renewable energy - overall,Percentage,European Union - 27 countries (from 2020),2020,22.038,renewables_share
Annual,Renewable energy - overall,Percentage,European Union - 27 countries (from 2020),2021,21.897,renewables_share
Annual,Renewable energy - overall,Percentage,European Union - 27 countries (from 2020),2022,23.003,renewables_share
Annual,Renewable energy - overall,Percentage,European Union - 27 countries (from 2020),2023,24.579,renewables_share
Annual,Renewable energy - overall,Percentage,European Union - 27 countries (from 2020),2024,25.241,renewables_share
Annual,Renewable energy - overall,Percentage,Euro area – 21 countries (from 2026),2004,,renewables_share
Annual,Renewable energy - overall,Percentage,Euro area – 21 countries (from 2026),2005,,renewables_share
Annual,Renewable energy - overall,Percentage,Euro area – 21 countries (from 2026),2006,,renewables_share
Annual,Renewable energy - overall,Percentage,Euro area – 21 countries (from 2026),2007,,renewables_share
Annual,Renewable energy - overall,Percentage,Euro area – 21 countries (from 2026),2008,,renewables_share
Annual,Renewable energy - overall,Percentage,Euro area – 21 countries (from 2026),2009,,renewables_share
Annual,Renewable energy - overall,Percentage,Euro area – 21 countries (from 2026),2010,,renewables_share
Annual,Renewable energy - overall,Percentage,Euro area – 21 countries (from 2026),2011,,renewables_share
Annual,Renewable energy - overall,Percentage,Euro area – 21 countries (from 2026),2012,,renewables_share
Annual,Renewable energy - overall,Percentage,Euro area – 21 countries (from 2026),2013,,renewables_share
Annual,Renewable energy - overall,Percentage,Euro area – 21 countries (from 2026),2014,,renewables_share
Annual,Renewable energy - overall,Percentage,Euro area – 21 countries (from 2026),2015,,renewables_share
Annual,Renewable energy - overall,Percentage,Euro area – 21 countries (from 2026),2016,,renewables_share
Annual,Renewable energy - overall,Percentage,Euro area – 21 countries (from 2026),2017,,renewables_share
Annual,Renewable energy - overall,Percentage,Euro area – 21 countries (from 2026),2018,,renewables_share
Annual,Renewable energy - overall,Percentage,Euro area – 21 countries (from 2026),2019,,renewables_share
Annual,Renewable energy - overall,Percentage,Euro area – 21 countries (from 2026),2020,,renewables_share
Annual,Renewable energy - overall,Percentage,Euro area – 21 countries (from 2026),2021,40.055,renewables_share
Annual,Renewable energy - overall,Percentage,Euro area – 21 countries (from 2026),2022,40.828,renewables_share
Annual,Renewable energy - overall,Percentage,Euro area – 21 countries (from 2026),2023,46.58,renewables_share
Annual,Renewable energy - overall,Percentage,Euro area – 21 countries (from 2026),2024,47.417,renewables_share
Annual,Renewable energy - overall,Percentage,Euro area – 20 countries (2023-2025),2004,,renewables_share
Annual,Renewable energy - overall,Percentage,Euro area – 20 countries (2023-2025),2005,,renewables_share
Annual,Renewable energy - overall,Percentage,Euro area – 20 countries (2023-2025),2006,,renewables_share
Annual,Renewable energy - overall,Percentage,Euro area – 20 countries (2023-2025),2007,,renewables_share
Annual,Renewable energy - overall,Percentage,Euro area – 20 countries (2023-2025),2008,,renewables_share
Annual,Renewable energy - overall,Percentage,Euro area – 20 countries (2023-2025),2009,,renewables_share
Annual,Renewable energy - overall,Percentage,Euro area – 20 countries (2023-2025),2010,,renewables_share
Annual,Renewable energy - overall,Percentage,Euro area – 20 countries (2023-2025),2011,,renewables_share
Annual,Renewable energy - overall,Percentage,Euro area – 20 countries (2023-2025),2012,,renewables_share
Annual,Renewable energy - overall,Percentage,Euro area – 20 countries (2023-2025),2013,,renewables_share
Annual,Renewable energy - overall,Percentage,Euro area – 20 countries (2023-2025),2014,,renewables_share
Annual,Renewable energy - overall,Percentage,Euro area – 20 countries (2023-2025),2015,,renewables_share
Annual,Renewable energy - overall,Percentage,Euro area – 20 countries (2023-2025),2016,,renewables_share
Annual,Renewable energy - overall,Percentage,Euro area – 20 countries (2023-2025),2017,,renewables_share
Annual,Renewable energy - overall,Percentage,Euro area – 20 countries (2023-2025),2018,,renewables_share
Annual,Renewable energy - overall,Percentage,Euro area – 20 countries (2023-2025),2019,,renewables_share
Annual,Renewable energy - overall,Percentage,Euro area – 20 countries (2023-2025),2020,,renewables_share
Annual,Renewable energy - overall,Percentage,Euro area – 20 countries (2023-2025),2021,20.661,renewables_share
Annual,Renewable energy - overall,Percentage,Euro area – 20 countries (2023-2025),2022,21.749,renewables_share
Annual,Renewable energy - overall,Percentage,Euro area – 20 countries (2023-2025),2023,23.429,renewables_share
Annual,Renewable energy - overall,Percentage,Euro area – 20 countries (2023-2025),2024,24.205,renewables_share
Annual,Renewable energy - overall,Percentage,Belgium,2004,1.916,renewables_share
Annual,Renewable energy - overall,Percentage,Belgium,2005,2.325,renewables_share
Annual,Renewable energy - overall,Percentage,Belgium,2006,2.658,renewables_share
Annual,Renewable energy - overall,Percentage,Belgium,2007,3.14,renewables_share
Annual,Renewable energy - overall,Percentage,Belgium,2008,3.611,renewables_share
Annual,Renewable energy - overall,Percentage,Belgium,2009,4.746,renewables_share
Annual,Renewable energy - overall,Percentage,Belgium,2010,6.004,renewables_share
Annual,Renewable energy - overall,Percentage,Belgium,2011,6.302,renewables_share
Annual,Renewable energy - overall,Percentage,Belgium,2012,7.086,renewables_share
Annual,Renewable energy - overall,Percentage,Belgium,2013,7.671,renewables_share
Annual,Renewable energy - overall,Percentage,Belgium,2014,8.038,renewables_share
Annual,Renewable energy - overall,Percentage,Belgium,2015,8.06,renewables_share
Annual,Renewable energy - overall,Percentage,Belgium,2016,8.744,renewables_share
Annual,Renewable energy - overall,Percentage,Belgium,2017,9.136,renewables_share
Annual,Renewable energy - overall,Percentage,Belgium,2018,9.472,renewables_share
Annual,Renewable energy - overall,Percentage,Belgium,2019,9.929,renewables_share
Annual,Renewable energy - overall,Percentage,Belgium,2020,13.0,renewables_share
Annual,Renewable energy - overall,Percentage,Belgium,2021,13.017,renewables_share
Annual,Renewable energy - overall,Percentage,Belgium,2022,13.831,renewables_share
Annual,Renewable energy - overall,Percentage,Belgium,2023,14.673,renewables_share
Annual,Renewable energy - overall,Percentage,Belgium,2024,14.336,renewables_share
Annual,Renewable energy - overall,Percentage,Bulgaria,2004,9.231,renewables_share
Annual,Renewable energy - overall,Percentage,Bulgaria,2005,9.173,renewables_share
Annual,Renewable energy - overall,Percentage,Bulgaria,2006,9.415,renewables_share
Annual,Renewable energy - overall,Percentage,Bulgaria,2007,9.098,renewables_share
Annual,Renewable energy - overall,Percentage,Bulgaria,2008,10.345,renewables_share
Annual,Renewable energy - overall,Percentage,Bulgaria,2009,12.005,renewables_share
Annual,Renewable energy - overall,Percentage,Bulgaria,2010,13.927,renewables_share
Annual,Renewable energy - overall,Percentage,Bulgaria,2011,14.152,renewables_share
Annual,Renewable energy - overall,Percentage,Bulgaria,2012,15.837,renewables_share
Annual,Renewable energy - overall,Percentage,Bulgaria,2013,18.898,renewables_share
Annual,Renewable energy - overall,Percentage,Bulgaria,2014,18.05,renewables_share
Annual,Renewable energy - overall,Percentage,Bulgaria,2015,18.261,renewables_share
Annual,Renewable energy - overall,Percentage,Bulgaria,2016,18.76,renewables_share
Annual,Renewable energy - overall,Percentage,Bulgaria,2017,18.695,renewables_share
Annual,Renewable energy - overall,Percentage,Bulgaria,2018,20.581,renewables_share
Annual,Renewable energy - overall,Percentage,Bulgaria,2019,21.545,renewables_share
Annual,Renewable energy - overall,Percentage,Bulgaria,2020,23.319,renewables_share
Annual,Renewable energy - overall,Percentage,Bulgaria,2021,19.394,renewables_share
Annual,Renewable energy - overall,Percentage,Bulgaria,2022,19.079,renewables_share
Annual,Renewable energy - overall,Percentage,Bulgaria,2023,23.151,renewables_share
Annual,Renewable energy - overall,Percentage,Bulgaria,2024,23.21,renewables_share
Annual,Renewable energy - overall,Percentage,Czechia,2004,6.773,renewables_share
Annual,Renewable energy - overall,Percentage,Czechia,2005,7.113,renewables_share
Annual,Renewable energy - overall,Percentage,Czechia,2006,7.362,renewables_share
Annual,Renewable energy - overall,Percentage,Czechia,2007,7.895,renewables_share
Annual,Renewable energy - overall,Percentage,Czechia,2008,8.674,renewables_share
Annual,Renewable energy - overall,Percentage,Czechia,2009,9.977,renewables_share
Annual,Renewable energy - overall,Percentage,Czechia,2010,10.513,renewables_share
Annual,Renewable energy - overall,Percentage,Czechia,2011,10.945,renewables_share
Annual,Renewable energy - overall,Percentage,Czechia,2012,12.814,renewables_share
Annual,Renewable energy - overall,Percentage,Czechia,2013,13.927,renewables_share
Annual,Renewable energy - overall,Percentage,Czechia,2014,15.074,renewables_share
Annual,Renewable energy - overall,Percentage,Czechia,2015,15.07,renewables_share
Annual,Renewable energy - overall,Percentage,Czechia,2016,14.926,renewables_share
Annual,Renewable energy - overall,Percentage,Czechia,2017,14.799,renewables_share
Annual,Renewable energy - overall,Percentage,Czechia,2018,15.139,renewables_share
Annual,Renewable energy - overall,Percentage,Czechia,2019,16.239,renewables_share
Annual,Renewable energy - overall,Percentage,Czechia,2020,17.303,renewables_share
Annual,Renewable energy - overall,Percentage,Czechia,2021,17.614,renewables_share
Annual,Renewable energy - overall,Percentage,Czechia,2022,18.123,renewables_share
Annual,Renewable energy - overall,Percentage,Czechia,2023,18.555,renewables_share
Annual,Renewable energy - overall,Percentage,Czechia,2024,19.211,renewables_share
Annual,Renewable energy - overall,Percentage,Denmark,2004,14.839,renewables_share
Annual,Renewable energy - overall,Percentage,Denmark,2005,15.955,renewables_share
Annual,Renewable energy - overall,Percentage,Denmark,2006,16.332,renewables_share
Annual,Renewable energy - overall,Percentage,Denmark,2007,17.747,renewables_share
Annual,Renewable energy - overall,Percentage,Denmark,2008,18.543,renewables_share
Annual,Renewable energy - overall,Percentage,Denmark,2009,19.948,renewables_share
Annual,Renewable energy - overall,Percentage,Denmark,2010,21.888,renewables_share
Annual,Renewable energy - overall,Percentage,Denmark,2011,23.389,renewables_share
Annual,Renewable energy - overall,Percentage,Denmark,2012,25.465,renewables_share
Annual,Renewable energy - overall,Percentage,Denmark,2013,27.173,renewables_share
Annual,Renewable energy - overall,Percentage,Denmark,2014,29.31,renewables_share
Annual,Renewable energy - overall,Percentage,Denmark,2015,30.469,renewables_share
Annual,Renewable energy - overall,Percentage,Denmark,2016,31.715,renewables_share
Annual,Renewable energy - overall,Percentage,Denmark,2017,34.387,renewables_share
Annual,Renewable energy - overall,Percentage,Denmark,2018,35.159,renewables_share
Annual,Renewable energy - overall,Percentage,Denmark,2019,37.02,renewables_share
Annual,Renewable energy - overall,Percentage,Denmark,2020,31.681,renewables_share
Annual,Renewable energy - overall,Percentage,Denmark,2021,41.494,renewables_share
Annual,Renewable energy - overall,Percentage,Denmark,2022,41.368,renewables_share
Annual,Renewable energy - overall,Percentage,Denmark,2023,43.728,renewables_share
Annual,Renewable energy - overall,Percentage,Denmark,2024,46.461,renewables_share
Annual,Renewable energy - overall,Percentage,Germany,2004,6.207,renewables_share
Annual,Renewable energy - overall,Percentage,Germany,2005,7.167,renewables_share
Annual,Renewable energy - overall,Percentage,Germany,2006,8.466,renewables_share
Annual,Renewable energy - overall,Percentage,Germany,2007,10.039,renewables_share
Annual,Renewable energy - overall,Percentage,Germany,2008,10.072,renewables_share
Annual,Renewable energy - overall,Percentage,Germany,2009,10.851,renewables_share
Annual,Renewable energy - overall,Percentage,Germany,2010,11.667,renewables_share
Annual,Renewable energy - overall,Percentage,Germany,2011,12.47,renewables_share
Annual,Renewable energy - overall,Percentage,Germany,2012,13.549,renewables_share
Annual,Renewable energy - overall,Percentage,Germany,2013,13.757,renewables_share
Annual,Renewable energy - overall,Percentage,Germany,2014,14.381,renewables_share
Annual,Renewable energy - overall,Percentage,Germany,2015,14.901,renewables_share
Annual,Renewable energy - overall,Percentage,Germany,2016,14.885,renewables_share
Annual,Renewable energy - overall,Percentage,Germany,2017,15.472,renewables_share
Annual,Renewable energy - overall,Percentage,Germany,2018,16.66,renewables_share
Annual,Renewable energy - overall,Percentage,Germany,2019,17.266,renewables_share
Annual,Renewable energy - overall,Percentage,Germany,2020,19.09,renewables_share
Annual,Renewable energy - overall,Percentage,Germany,2021,19.302,renewables_share
Annual,Renewable energy - overall,Percentage,Germany,2022,20.829,renewables_share
Annual,Renewable energy - overall,Percentage,Germany,2023,21.512,renewables_share
Annual,Renewable energy - overall,Percentage,Germany,2024,22.474,renewables_share
Annual,Renewable energy - overall,Percentage,Estonia,2004,18.42,renewables_share
Annual,Renewable energy - overall,Percentage,Estonia,2005,17.478,renewables_share
Annual,Renewable energy - overall,Percentage,Estonia,2006,16.011,renewables_share
Annual,Renewable energy - overall,Percentage,Estonia,2007,17.139,renewables_share
Annual,Renewable energy - overall,Percentage,Estonia,2008,18.811,renewables_share
Annual,Renewable energy - overall,Percentage,Estonia,2009,23.009,renewables_share
Annual,Renewable energy - overall,Percentage,Estonia,2010,24.575,renewables_share
Annual,Renewable energy - overall,Percentage,Estonia,2011,25.515,renewables_share
Annual,Renewable energy - overall,Percentage,Estonia,2012,25.586,renewables_share
Annual,Renewable energy - overall,Percentage,Estonia,2013,25.356,renewables_share
Annual,Renewable energy - overall,Percentage,Estonia,2014,26.13,renewables_share
Annual,Renewable energy - overall,Percentage,Estonia,2015,28.987,renewables_share
Annual,Renewable energy - overall,Percentage,Estonia,2016,29.232,renewables_share
Annual,Renewable energy - overall,Percentage,Estonia,2017,29.538,renewables_share
Annual,Renewable energy - overall,Percentage,Estonia,2018,29.97,renewables_share
Annual,Renewable energy - overall,Percentage,Estonia,2019,31.73,renewables_share
Annual,Renewable energy - overall,Percentage,Estonia,2020,30.069,renewables_share
Annual,Renewable energy - overall,Percentage,Estonia,2021,37.342,renewables_share
Annual,Renewable energy - overall,Percentage,Estonia,2022,38.542,renewables_share
Annual,Renewable energy - overall,Percentage,Estonia,2023,40.95,renewables_share
Annual,Renewable energy - overall,Percentage,Estonia,2024,42.232,renewables_share
Annual,Renewable energy - overall,Percentage,Ireland,2004,2.378,renewables_share
Annual,Renewable energy - overall,Percentage,Ireland,2005,2.822,renewables_share
Annual,Renewable energy - overall,Percentage,Ireland,2006,3.073,renewables_share
Annual,Renewable energy - overall,Percentage,Ireland,2007,3.497,renewables_share
Annual,Renewable energy - overall,Percentage,Ireland,2008,3.979,renewables_share
Annual,Renewable energy - overall,Percentage,Ireland,2009,5.243,renewables_share
Annual,Renewable energy - overall,Percentage,Ireland,2010,5.755,renewables_share
Annual,Renewable energy - overall,Percentage,Ireland,2011,6.605,renewables_share
Annual,Renewable energy - overall,Percentage,Ireland,2012,7.029,renewables_share
Annual,Renewable energy - overall,Percentage,Ireland,2013,7.521,renewables_share
Annual,Renewable energy - overall,Percentage,Ireland,2014,8.516,renewables_share
Annual,Renewable energy - overall,Percentage,Ireland,2015,9.083,renewables_share
Annual,Renewable energy - overall,Percentage,Ireland,2016,9.189,renewables_share
Annual,Renewable energy - overall,Percentage,Ireland,2017,10.52,renewables_share
Annual,Renewable energy - overall,Percentage,Ireland,2018,10.942,renewables_share
Annual,Renewable energy - overall,Percentage,Ireland,2019,11.979,renewables_share
Annual,Renewable energy - overall,Percentage,Ireland,2020,16.16,renewables_share
Annual,Renewable energy - overall,Percentage,Ireland,2021,12.945,renewables_share
Annual,Renewable energy - overall,Percentage,Ireland,2022,13.017,renewables_share
Annual,Renewable energy - overall,Percentage,Ireland,2023,15.243,renewables_share
Annual,Renewable energy - overall,Percentage,Ireland,2024,16.064,renewables_share
Annual,Renewable energy - overall,Percentage,Greece,2004,7.161,renewables_share
Annual,Renewable energy - overall,Percentage,Greece,2005,7.277,renewables_share
Annual,Renewable energy - overall,Percentage,Greece,2006,7.458,renewables_share
Annual,Renewable energy - overall,Percentage,Greece,2007,8.249,renewables_share
Annual,Renewable energy - overall,Percentage,Greece,2008,8.183,renewables_share
Annual,Renewable energy - overall,Percentage,Greece,2009,8.731,renewables_share
Annual,Renewable energy - overall,Percentage,Greece,2010,10.077,renewables_share
Annual,Renewable energy - overall,Percentage,Greece,2011,11.153,renewables_share
Annual,Renewable energy - overall,Percentage,Greece,2012,13.741,renewables_share
Annual,Renewable energy - overall,Percentage,Greece,2013,15.326,renewables_share
Annual,Renewable energy - overall,Percentage,Greece,2014,15.683,renewables_share
Annual,Renewable energy - overall,Percentage,Greece,2015,15.69,renewables_share
Annual,Renewable energy - overall,Percentage,Greece,2016,15.39,renewables_share
Annual,Renewable energy - overall,Percentage,Greece,2017,17.3,renewables_share
Annual,Renewable energy - overall,Percentage,Greece,2018,18.001,renewables_share
Annual,Renewable energy - overall,Percentage,Greece,2019,19.633,renewables_share
Annual,Renewable energy - overall,Percentage,Greece,2020,21.749,renewables_share
Annual,Renewable energy - overall,Percentage,Greece,2021,22.001,renewables_share
Annual,Renewable energy - overall,Percentage,Greece,2022,22.671,renewables_share
Annual,Renewable energy - overall,Percentage,Greece,2023,25.269,renewables_share
Annual,Renewable energy - overall,Percentage,Greece,2024,25.364,renewables_share
Annual,Renewable energy - overall,Percentage,Spain,2004,8.345,renewables_share
Annual,Renewable energy - overall,Percentage,Spain,2005,8.444,renewables_share
Annual,Renewable energy - overall,Percentage,Spain,2006,9.156,renewables_share
Annual,Renewable energy - overall,Percentage,Spain,2007,9.667,renewables_share
Annual,Renewable energy - overall,Percentage,Spain,2008,10.744,renewables_share
Annual,Renewable energy - overall,Percentage,Spain,2009,12.958,renewables_share
Annual,Renewable energy - overall,Percentage,Spain,2010,13.782,renewables_share
Annual,Renewable energy - overall,Percentage,Spain,2011,13.176,renewables_share
Annual,Renewable energy - overall,Percentage,Spain,2012,14.239,renewables_share
Annual,Renewable energy - overall,Percentage,Spain,2013,15.081,renewables_share
Annual,Renewable energy - overall,Percentage,Spain,2014,15.879,renewables_share
Annual,Renewable energy - overall,Percentage,Spain,2015,16.221,renewables_share
Annual,Renewable energy - overall,Percentage,Spain,2016,17.015,renewables_share
Annual,Renewable energy - overall,Percentage,Spain,2017,17.118,renewables_share
Annual,Renewable energy - overall,Percentage,Spain,2018,17.023,renewables_share
Annual,Renewable energy - overall,Percentage,Spain,2019,17.852,renewables_share
Annual,Renewable energy - overall,Percentage,Spain,2020,21.22,renewables_share
Annual,Renewable energy - overall,Percentage,Spain,2021,20.552,renewables_share
Annual,Renewable energy - overall,Percentage,Spain,2022,21.837,renewables_share
Annual,Renewable energy - overall,Percentage,Spain,2023,24.981,renewables_share
Annual,Renewable energy - overall,Percentage,Spain,2024,25.417,renewables_share
Annual,Renewable energy - overall,Percentage,France,2004,9.319,renewables_share
Annual,Renewable energy - overall,Percentage,France,2005,9.272,renewables_share
Annual,Renewable energy - overall,Percentage,France,2006,8.936,renewables_share
Annual,Renewable energy - overall,Percentage,France,2007,9.426,renewables_share
Annual,Renewable energy - overall,Percentage,France,2008,11.188,renewables_share
Annual,Renewable energy - overall,Percentage,France,2009,12.215,renewables_share
Annual,Renewable energy - overall,Percentage,France,2010,12.671,renewables_share
Annual,Renewable energy - overall,Percentage,France,2011,10.813,renewables_share
Annual,Renewable energy - overall,Percentage,France,2012,13.239,renewables_share
Annual,Renewable energy - overall,Percentage,France,2013,13.88,renewables_share
Annual,Renewable energy - overall,Percentage,France,2014,14.362,renewables_share
Annual,Renewable energy - overall,Percentage,France,2015,14.803,renewables_share
Annual,Renewable energy - overall,Percentage,France,2016,15.451,renewables_share
Annual,Renewable energy - overall,Percentage,France,2017,15.847,renewables_share
Annual,Renewable energy - overall,Percentage,France,2018,16.384,renewables_share
Annual,Renewable energy - overall,Percentage,France,2019,17.174,renewables_share
Annual,Renewable energy - overall,Percentage,France,2020,19.109,renewables_share
Annual,Renewable energy - overall,Percentage,France,2021,19.391,renewables_share
Annual,Renewable energy - overall,Percentage,France,2022,20.33,renewables_share
Annual,Renewable energy - overall,Percentage,France,2023,22.462,renewables_share
Annual,Renewable energy - overall,Percentage,France,2024,23.229,renewables_share
Annual,Renewable energy - overall,Percentage,Croatia,2004,23.404,renewables_share
Annual,Renewable energy - overall,Percentage,Croatia,2005,23.691,renewables_share
Annual,Renewable energy - overall,Percentage,Croatia,2006,22.668,renewables_share
Annual,Renewable energy - overall,Percentage,Croatia,2007,22.161,renewables_share
Annual,Renewable energy - overall,Percentage,Croatia,2008,21.986,renewables_share
Annual,Renewable energy - overall,Percentage,Croatia,2009,23.596,renewables_share
Annual,Renewable energy - overall,Percentage,Croatia,2010,25.103,renewables_share
Annual,Renewable energy - overall,Percentage,Croatia,2011,25.389,renewables_share
Annual,Renewable energy - overall,Percentage,Croatia,2012,26.757,renewables_share
Annual,Renewable energy - overall,Percentage,Croatia,2013,28.04,renewables_share
Annual,Renewable energy - overall,Percentage,Croatia,2014,27.817,renewables_share
Annual,Renewable energy - overall,Percentage,Croatia,2015,28.969,renewables_share
Annual,Renewable energy - overall,Percentage,Croatia,2016,28.266,renewables_share
Annual,Renewable energy - overall,Percentage,Croatia,2017,27.28,renewables_share
Annual,Renewable energy - overall,Percentage,Croatia,2018,28.047,renewables_share
Annual,Renewable energy - overall,Percentage,Croatia,2019,28.466,renewables_share
Annual,Renewable energy - overall,Percentage,Croatia,2020,31.023,renewables_share
Annual,Renewable energy - overall,Percentage,Croatia,2021,31.285,renewables_share
Annual,Renewable energy - overall,Percentage,Croatia,2022,28.088,renewables_share
Annual,Renewable energy - overall,Percentage,Croatia,2023,28.088,renewables_share
Annual,Renewable energy - overall,Percentage,Croatia,2024,26.477,renewables_share
Annual,Renewable energy - overall,Percentage,Italy,2004,6.316,renewables_share
Annual,Renewable energy - overall,Percentage,Italy,2005,7.549,renewables_share
Annual,Renewable energy - overall,Percentage,Italy,2006,8.328,renewables_share
Annual,Renewable energy - overall,Percentage,Italy,2007,9.807,renewables_share
Annual,Renewable energy - overall,Percentage,Italy,2008,11.492,renewables_share
Annual,Renewable energy - overall,Percentage,Italy,2009,12.775,renewables_share
Annual,Renewable energy - overall,Percentage,Italy,2010,13.023,renewables_share
Annual,Renewable energy - overall,Percentage,Italy,2011,12.881,renewables_share
Annual,Renewable energy - overall,Percentage,Italy,2012,15.441,renewables_share
Annual,Renewable energy - overall,Percentage,Italy,2013,16.741,renewables_share
Annual,Renewable energy - overall,Percentage,Italy,2014,17.082,renewables_share
Annual,Renewable energy - overall,Percentage,Italy,2015,17.525,renewables_share
Annual,Renewable energy - overall,Percentage,Italy,2016,17.415,renewables_share
Annual,Renewable energy - overall,Percentage,Italy,2017,18.267,renewables_share
Annual,Renewable energy - overall,Percentage,Italy,2018,17.796,renewables_share
Annual,Renewable energy - overall,Percentage,Italy,2019,18.181,renewables_share
Annual,Renewable energy - overall,Percentage,Italy,2020,20.359,renewables_share
Annual,Renewable energy - overall,Percentage,Italy,2021,18.888,renewables_share
Annual,Renewable energy - overall,Percentage,Italy,2022,18.826,renewables_share
Annual,Renewable energy - overall,Percentage,Italy,2023,19.179,renewables_share
Annual,Renewable energy - overall,Percentage,Italy,2024,19.385,renewables_share
Annual,Renewable energy - overall,Percentage,Cyprus,2004,3.071,renewables_share
Annual,Renewable energy - overall,Percentage,Cyprus,2005,3.131,renewables_share
Annual,Renewable energy - overall,Percentage,Cyprus,2006,3.263,renewables_share
Annual,Renewable energy - overall,Percentage,Cyprus,2007,4.001,renewables_share
Annual,Renewable energy - overall,Percentage,Cyprus,2008,5.131,renewables_share
Annual,Renewable energy - overall,Percentage,Cyprus,2009,5.92,renewables_share
Annual,Renewable energy - overall,Percentage,Cyprus,2010,6.161,renewables_share
Annual,Renewable energy - overall,Percentage,Cyprus,2011,6.245,renewables_share
Annual,Renewable energy - overall,Percentage,Cyprus,2012,7.111,renewables_share
Annual,Renewable energy - overall,Percentage,Cyprus,2013,8.428,renewables_share
Annual,Renewable energy - overall,Percentage,Cyprus,2014,9.144,renewables_share
Annual,Renewable energy - overall,Percentage,Cyprus,2015,9.903,renewables_share
Annual,Renewable energy - overall,Percentage,Cyprus,2016,9.833,renewables_share
Annual,Renewable energy - overall,Percentage,Cyprus,2017,10.478,renewables_share
Annual,Renewable energy - overall,Percentage,Cyprus,2018,13.873,renewables_share
Annual,Renewable energy - overall,Percentage,Cyprus,2019,13.777,renewables_share
Annual,Renewable energy - overall,Percentage,Cyprus,2020,16.879,renewables_share
Annual,Renewable energy - overall,Percentage,Cyprus,2021,19.069,renewables_share
Annual,Renewable energy - overall,Percentage,Cyprus,2022,19.427,renewables_share
Annual,Renewable energy - overall,Percentage,Cyprus,2023,20.213,renewables_share
Annual,Renewable energy - overall,Percentage,Cyprus,2024,20.844,renewables_share
Annual,Renewable energy - overall,Percentage,Latvia,2004,32.794,renewables_share
Annual,Renewable energy - overall,Percentage,Latvia,2005,32.264,renewables_share
Annual,Renewable energy - overall,Percentage,Latvia,2006,31.141,renewables_share
Annual,Renewable energy - overall,Percentage,Latvia,2007,29.615,renewables_share
Annual,Renewable energy - overall,Percentage,Latvia,2008,29.811,renewables_share
Annual,Renewable energy - overall,Percentage,Latvia,2009,34.317,renewables_share
Annual,Renewable energy - overall,Percentage,Latvia,2010,30.375,renewables_share
Annual,Renewable energy - overall,Percentage,Latvia,2011,33.478,renewables_share
Annual,Renewable energy - overall,Percentage,Latvia,2012,35.709,renewables_share
Annual,Renewable energy - overall,Percentage,Latvia,2013,37.037,renewables_share
Annual,Renewable energy - overall,Percentage,Latvia,2014,38.629,renewables_share
Annual,Renewable energy - overall,Percentage,Latvia,2015,37.538,renewables_share
Annual,Renewable energy - overall,Percentage,Latvia,2016,37.138,renewables_share
Annual,Renewable energy - overall,Percentage,Latvia,2017,39.008,renewables_share
Annual,Renewable energy - overall,Percentage,Latvia,2018,40.019,renewables_share
Annual,Renewable energy - overall,Percentage,Latvia,2019,40.929,renewables_share
Annual,Renewable energy - overall,Percentage,Latvia,2020,42.132,renewables_share
Annual,Renewable energy - overall,Percentage,Latvia,2021,42.112,renewables_share
Annual,Renewable energy - overall,Percentage,Latvia,2022,43.786,renewables_share
Annual,Renewable energy - overall,Percentage,Latvia,2023,43.25,renewables_share
Annual,Renewable energy - overall,Percentage,Latvia,2024,45.535,renewables_share
Annual,Renewable energy - overall,Percentage,Lithuania,2004,17.221,renewables_share
Annual,Renewable energy - overall,Percentage,Lithuania,2005,16.768,renewables_share
Annual,Renewable energy - overall,Percentage,Lithuania,2006,16.887,renewables_share
Annual,Renewable energy - overall,Percentage,Lithuania,2007,16.482,renewables_share
Annual,Renewable energy - overall,Percentage,Lithuania,2008,17.824,renewables_share
Annual,Renewable energy - overall,Percentage,Lithuania,2009,19.798,renewables_share
Annual,Renewable energy - overall,Percentage,Lithuania,2010,19.639,renewables_share
Annual,Renewable energy - overall,Percentage,Lithuania,2011,19.943,renewables_share
Annual,Renewable energy - overall,Percentage,Lithuania,2012,21.437,renewables_share
Annual,Renewable energy - overall,Percentage,Lithuania,2013,22.689,renewables_share
Annual,Renewable energy - overall,Percentage,Lithuania,2014,23.592,renewables_share
Annual,Renewable energy - overall,Percentage,Lithuania,2015,25.748,renewables_share
Annual,Renewable energy - overall,Percentage,Lithuania,2016,25.612,renewables_share
Annual,Renewable energy - overall,Percentage,Lithuania,2017,26.038,renewables_share
Annual,Renewable energy - overall,Percentage,Lithuania,2018,24.695,renewables_share
Annual,Renewable energy - overall,Percentage,Lithuania,2019,25.474,renewables_share
Annual,Renewable energy - overall,Percentage,Lithuania,2020,26.773,renewables_share
Annual,Renewable energy - overall,Percentage,Lithuania,2021,28.167,renewables_share
Annual,Renewable energy - overall,Percentage,Lithuania,2022,29.599,renewables_share
Annual,Renewable energy - overall,Percentage,Lithuania,2023,31.927,renewables_share
Annual,Renewable energy - overall,Percentage,Lithuania,2024,35.408,renewables_share
Annual,Renewable energy - overall,Percentage,Luxembourg,2004,0.899,renewables_share
Annual,Renewable energy - overall,Percentage,Luxembourg,2005,1.402,renewables_share
Annual,Renewable energy - overall,Percentage,Luxembourg,2006,1.469,renewables_share
Annual,Renewable energy - overall,Percentage,Luxembourg,2007,2.725,renewables_share
Annual,Renewable energy - overall,Percentage,Luxembourg,2008,2.809,renewables_share
Annual,Renewable energy - overall,Percentage,Luxembourg,2009,2.929,renewables_share
Annual,Renewable energy - overall,Percentage,Luxembourg,2010,2.851,renewables_share
Annual,Renewable energy - overall,Percentage,Luxembourg,2011,2.855,renewables_share
Annual,Renewable energy - overall,Percentage,Luxembourg,2012,3.112,renewables_share
Annual,Renewable energy - overall,Percentage,Luxembourg,2013,3.494,renewables_share
Annual,Renewable energy - overall,Percentage,Luxembourg,2014,4.471,renewables_share
Annual,Renewable energy - overall,Percentage,Luxembourg,2015,4.987,renewables_share
Annual,Renewable energy - overall,Percentage,Luxembourg,2016,5.364,renewables_share
Annual,Renewable energy - overall,Percentage,Luxembourg,2017,6.194,renewables_share
Annual,Renewable energy - overall,Percentage,Luxembourg,2018,8.942,renewables_share
Annual,Renewable energy - overall,Percentage,Luxembourg,2019,7.046,renewables_share
Annual,Renewable energy - overall,Percentage,Luxembourg,2020,11.699,renewables_share
Annual,Renewable energy - overall,Percentage,Luxembourg,2021,11.713,renewables_share
Annual,Renewable energy - overall,Percentage,Luxembourg,2022,14.286,renewables_share
Annual,Renewable energy - overall,Percentage,Luxembourg,2023,14.312,renewables_share
Annual,Renewable energy - overall,Percentage,Luxembourg,2024,14.742,renewables_share
Annual,Renewable energy - overall,Percentage,Hungary,2004,4.364,renewables_share
Annual,Renewable energy - overall,Percentage,Hungary,2005,6.931,renewables_share
Annual,Renewable energy - overall,Percentage,Hungary,2006,7.433,renewables_share
Annual,Renewable energy - overall,Percentage,Hungary,2007,8.575,renewables_share
Annual,Renewable energy - overall,Percentage,Hungary,2008,8.564,renewables_share
Annual,Renewable energy - overall,Percentage,Hungary,2009,11.673,renewables_share
Annual,Renewable energy - overall,Percentage,Hungary,2010,12.742,renewables_share
Annual,Renewable energy - overall,Percentage,Hungary,2011,13.972,renewables_share
Annual,Renewable energy - overall,Percentage,Hungary,2012,15.53,renewables_share
Annual,Renewable energy - overall,Percentage,Hungary,2013,16.205,renewables_share
Annual,Renewable energy - overall,Percentage,Hungary,2014,14.618,renewables_share
Annual,Renewable energy - overall,Percentage,Hungary,2015,14.495,renewables_share
Annual,Renewable energy - overall,Percentage,Hungary,2016,14.377,renewables_share
Annual,Renewable energy - overall,Percentage,Hungary,2017,13.556,renewables_share
Annual,Renewable energy - overall,Percentage,Hungary,2018,12.548,renewables_share
Annual,Renewable energy - overall,Percentage,Hungary,2019,12.634,renewables_share
Annual,Renewable energy - overall,Percentage,Hungary,2020,13.85,renewables_share
Annual,Renewable energy - overall,Percentage,Hungary,2021,14.134,renewables_share
Annual,Renewable energy - overall,Percentage,Hungary,2022,15.128,renewables_share
Annual,Renewable energy - overall,Percentage,Hungary,2023,17.117,renewables_share
Annual,Renewable energy - overall,Percentage,Hungary,2024,18.264,renewables_share
Annual,Renewable energy - overall,Percentage,Malta,2004,0.102,renewables_share
Annual,Renewable energy - overall,Percentage,Malta,2005,0.123,renewables_share
Annual,Renewable energy - overall,Percentage,Malta,2006,0.149,renewables_share
Annual,Renewable energy - overall,Percentage,Malta,2007,0.177,renewables_share
Annual,Renewable energy - overall,Percentage,Malta,2008,0.195,renewables_share
Annual,Renewable energy - overall,Percentage,Malta,2009,0.221,renewables_share
Annual,Renewable energy - overall,Percentage,Malta,2010,0.979,renewables_share
Annual,Renewable energy - overall,Percentage,Malta,2011,1.85,renewables_share
Annual,Renewable energy - overall,Percentage,Malta,2012,2.862,renewables_share
Annual,Renewable energy - overall,Percentage,Malta,2013,3.76,renewables_share
Annual,Renewable energy - overall,Percentage,Malta,2014,4.744,renewables_share
Annual,Renewable energy - overall,Percentage,Malta,2015,5.119,renewables_share
Annual,Renewable energy - overall,Percentage,Malta,2016,6.208,renewables_share
Annual,Renewable energy - overall,Percentage,Malta,2017,7.219,renewables_share
Annual,Renewable energy - overall,Percentage,Malta,2018,7.914,renewables_share
Annual,Renewable energy - overall,Percentage,Malta,2019,8.23,renewables_share
Annual,Renewable energy - overall,Percentage,Malta,2020,10.714,renewables_share
Annual,Renewable energy - overall,Percentage,Malta,2021,12.631,renewables_share
Annual,Renewable energy - overall,Percentage,Malta,2022,14.04,renewables_share
Annual,Renewable energy - overall,Percentage,Malta,2023,15.437,renewables_share
Annual,Renewable energy - overall,Percentage,Malta,2024,17.21,renewables_share
Annual,Renewable energy - overall,Percentage,Netherlands,2004,2.03,renewables_share
Annual,Renewable energy - overall,Percentage,Netherlands,2005,2.478,renewables_share
Annual,Renewable energy - overall,Percentage,Netherlands,2006,2.778,renewables_share
Annual,Renewable energy - overall,Percentage,Netherlands,2007,3.298,renewables_share
Annual,Renewable energy - overall,Percentage,Netherlands,2008,3.596,renewables_share
Annual,Renewable energy - overall,Percentage,Netherlands,2009,4.266,renewables_share
Annual,Renewable energy - overall,Percentage,Netherlands,2010,3.917,renewables_share
Annual,Renewable energy - overall,Percentage,Netherlands,2011,4.524,renewables_share
Annual,Renewable energy - overall,Percentage,Netherlands,2012,4.659,renewables_share
Annual,Renewable energy - overall,Percentage,Netherlands,2013,4.691,renewables_share
Annual,Renewable energy - overall,Percentage,Netherlands,2014,5.415,renewables_share
Annual,Renewable energy - overall,Percentage,Netherlands,2015,5.714,renewables_share
Annual,Renewable energy - overall,Percentage,Netherlands,2016,5.846,renewables_share
Annual,Renewable energy - overall,Percentage,Netherlands,2017,6.507,renewables_share
Annual,Renewable energy - overall,Percentage,Netherlands,2018,7.394,renewables_share
Annual,Renewable energy - overall,Percentage,Netherlands,2019,8.886,renewables_share
Annual,Renewable energy - overall,Percentage,Netherlands,2020,13.999,renewables_share
Annual,Renewable energy - overall,Percentage,Netherlands,2021,13.117,renewables_share
Annual,Renewable energy - overall,Percentage,Netherlands,2022,15.291,renewables_share
Annual,Renewable energy - overall,Percentage,Netherlands,2023,17.588,renewables_share
Annual,Renewable energy - overall,Percentage,Netherlands,2024,20.18,renewables_share
Annual,Renewable energy - overall,Percentage,Austria,2004,22.553,renewables_share
Annual,Renewable energy - overall,Percentage,Austria,2005,24.353,renewables_share
Annual,Renewable energy - overall,Percentage,Austria,2006,26.276,renewables_share
Annual,Renewable energy - overall,Percentage,Austria,2007,28.144,renewables_share
Annual,Renewable energy - overall,Percentage,Austria,2008,28.788,renewables_share
Annual,Renewable energy - overall,Percentage,Austria,2009,31.039,renewables_share
Annual,Renewable energy - overall,Percentage,Austria,2010,31.205,renewables_share
Annual,Renewable energy - overall,Percentage,Austria,2011,31.552,renewables_share
Annual,Renewable energy - overall,Percentage,Austria,2012,32.734,renewables_share
Annual,Renewable energy - overall,Percentage,Austria,2013,32.665,renewables_share
Annual,Renewable energy - overall,Percentage,Austria,2014,33.55,renewables_share
Annual,Renewable energy - overall,Percentage,Austria,2015,33.497,renewables_share
Annual,Renewable energy - overall,Percentage,Austria,2016,33.37,renewables_share
Annual,Renewable energy - overall,Percentage,Austria,2017,33.136,renewables_share
Annual,Renewable energy - overall,Percentage,Austria,2018,33.784,renewables_share
Annual,Renewable energy - overall,Percentage,Austria,2019,33.755,renewables_share
Annual,Renewable energy - overall,Percentage,Austria,2020,36.545,renewables_share
Annual,Renewable energy - overall,Percentage,Austria,2021,34.643,renewables_share
Annual,Renewable energy - overall,Percentage,Austria,2022,34.057,renewables_share
Annual,Renewable energy - overall,Percentage,Austria,2023,41.6,renewables_share
Annual,Renewable energy - overall,Percentage,Austria,2024,42.951,renewables_share
Annual,Renewable energy - overall,Percentage,Poland,2004,6.882,renewables_share
Annual,Renewable energy - overall,Percentage,Poland,2005,6.867,renewables_share
Annual,Renewable energy - overall,Percentage,Poland,2006,6.859,renewables_share
Annual,Renewable energy - overall,Percentage,Poland,2007,6.903,renewables_share
Annual,Renewable energy - overall,Percentage,Poland,2008,7.686,renewables_share
Annual,Renewable energy - overall,Percentage,Poland,2009,8.676,renewables_share
Annual,Renewable energy - overall,Percentage,Poland,2010,9.281,renewables_share
Annual,Renewable energy - overall,Percentage,Poland,2011,10.337,renewables_share
Annual,Renewable energy - overall,Percentage,Poland,2012,10.955,renewables_share
Annual,Renewable energy - overall,Percentage,Poland,2013,11.452,renewables_share
Annual,Renewable energy - overall,Percentage,Poland,2014,11.605,renewables_share
Annual,Renewable energy - overall,Percentage,Poland,2015,11.881,renewables_share
Annual,Renewable energy - overall,Percentage,Poland,2016,11.396,renewables_share
Annual,Renewable energy - overall,Percentage,Poland,2017,11.059,renewables_share
Annual,Renewable energy - overall,Percentage,Poland,2018,14.936,renewables_share
Annual,Renewable energy - overall,Percentage,Poland,2019,15.377,renewables_share
Annual,Renewable energy - overall,Percentage,Poland,2020,16.102,renewables_share
Annual,Renewable energy - overall,Percentage,Poland,2021,15.604,renewables_share
Annual,Renewable energy - overall,Percentage,Poland,2022,16.644,renewables_share
Annual,Renewable energy - overall,Percentage,Poland,2023,16.651,renewables_share
Annual,Renewable energy - overall,Percentage,Poland,2024,17.77,renewables_share
Annual,Renewable energy - overall,Percentage,Portugal,2004,19.205,renewables_share
Annual,Renewable energy - overall,Percentage,Portugal,2005,19.523,renewables_share
Annual,Renewable energy - overall,Percentage,Portugal,2006,20.792,renewables_share
Annual,Renewable energy - overall,Percentage,Portugal,2007,21.907,renewables_share
Annual,Renewable energy - overall,Percentage,Portugal,2008,22.929,renewables_share
Annual,Renewable energy - overall,Percentage,Portugal,2009,24.405,renewables_share
Annual,Renewable energy - overall,Percentage,Portugal,2010,24.15,renewables_share
Annual,Renewable energy - overall,Percentage,Portugal,2011,24.603,renewables_share
Annual,Renewable energy - overall,Percentage,Portugal,2012,24.574,renewables_share
Annual,Renewable energy - overall,Percentage,Portugal,2013,25.699,renewables_share
Annual,Renewable energy - overall,Percentage,Portugal,2014,29.508,renewables_share
Annual,Renewable energy - overall,Percentage,Portugal,2015,30.514,renewables_share
Annual,Renewable energy - overall,Percentage,Portugal,2016,30.864,renewables_share
Annual,Renewable energy - overall,Percentage,Portugal,2017,30.611,renewables_share
Annual,Renewable energy - overall,Percentage,Portugal,2018,30.203,renewables_share
Annual,Renewable energy - overall,Percentage,Portugal,2019,30.623,renewables_share
Annual,Renewable energy - overall,Percentage,Portugal,2020,33.982,renewables_share
Annual,Renewable energy - overall,Percentage,Portugal,2021,33.982,renewables_share
Annual,Renewable energy - overall,Percentage,Portugal,2022,34.675,renewables_share
Annual,Renewable energy - overall,Percentage,Portugal,2023,35.154,renewables_share
Annual,Renewable energy - overall,Percentage,Portugal,2024,36.319,renewables_share
Annual,Renewable energy - overall,Percentage,Romania,2004,16.811,renewables_share
Annual,Renewable energy - overall,Percentage,Romania,2005,17.571,renewables_share
Annual,Renewable energy - overall,Percentage,Romania,2006,17.096,renewables_share
Annual,Renewable energy - overall,Percentage,Romania,2007,18.195,renewables_share
Annual,Renewable energy - overall,Percentage,Romania,2008,20.204,renewables_share
Annual,Renewable energy - overall,Percentage,Romania,2009,22.157,renewables_share
Annual,Renewable energy - overall,Percentage,Romania,2010,22.834,renewables_share
Annual,Renewable energy - overall,Percentage,Romania,2011,21.743,renewables_share
Annual,Renewable energy - overall,Percentage,Romania,2012,22.825,renewables_share
Annual,Renewable energy - overall,Percentage,Romania,2013,23.886,renewables_share
Annual,Renewable energy - overall,Percentage,Romania,2014,24.845,renewables_share
Annual,Renewable energy - overall,Percentage,Romania,2015,24.785,renewables_share
Annual,Renewable energy - overall,Percentage,Romania,2016,25.032,renewables_share
Annual,Renewable energy - overall,Percentage,Romania,2017,24.454,renewables_share
Annual,Renewable energy - overall,Percentage,Romania,2018,23.875,renewables_share
Annual,Renewable energy - overall,Percentage,Romania,2019,24.29,renewables_share
Annual,Renewable energy - overall,Percentage,Romania,2020,24.478,renewables_share
Annual,Renewable energy - overall,Percentage,Romania,2021,23.871,renewables_share
Annual,Renewable energy - overall,Percentage,Romania,2022,24.229,renewables_share
Annual,Renewable energy - overall,Percentage,Romania,2023,25.758,renewables_share
Annual,Renewable energy - overall,Percentage,Romania,2024,25.378,renewables_share
Annual,Renewable energy - overall,Percentage,Slovenia,2004,18.397,renewables_share
Annual,Renewable energy - overall,Percentage,Slovenia,2005,19.809,renewables_share
Annual,Renewable energy - overall,Percentage,Slovenia,2006,18.416,renewables_share
Annual,Renewable energy - overall,Percentage,Slovenia,2007,19.675,renewables_share
Annual,Renewable energy - overall,Percentage,Slovenia,2008,18.646,renewables_share
Annual,Renewable energy - overall,Percentage,Slovenia,2009,20.765,renewables_share
Annual,Renewable energy - overall,Percentage,Slovenia,2010,21.081,renewables_share
Annual,Renewable energy - overall,Percentage,Slovenia,2011,20.937,renewables_share
Annual,Renewable energy - overall,Percentage,Slovenia,2012,21.551,renewables_share
Annual,Renewable energy - overall,Percentage,Slovenia,2013,23.16,renewables_share
Annual,Renewable energy - overall,Percentage,Slovenia,2014,22.459,renewables_share
Annual,Renewable energy - overall,Percentage,Slovenia,2015,22.879,renewables_share
Annual,Renewable energy - overall,Percentage,Slovenia,2016,21.975,renewables_share
Annual,Renewable energy - overall,Percentage,Slovenia,2017,21.658,renewables_share
Annual,Renewable energy - overall,Percentage,Slovenia,2018,21.378,renewables_share
Annual,Renewable energy - overall,Percentage,Slovenia,2019,21.968,renewables_share
Annual,Renewable energy - overall,Percentage,Slovenia,2020,25.0,renewables_share
Annual,Renewable energy - overall,Percentage,Slovenia,2021,25.0,renewables_share
Annual,Renewable energy - overall,Percentage,Slovenia,2022,25.002,renewables_share
Annual,Renewable energy - overall,Percentage,Slovenia,2023,25.066,renewables_share
Annual,Renewable energy - overall,Percentage,Slovenia,2024,25.001,renewables_share
Annual,Renewable energy - overall,Percentage,Slovakia,2004,6.391,renewables_share
Annual,Renewable energy - overall,Percentage,Slovakia,2005,6.36,renewables_share
Annual,Renewable energy - overall,Percentage,Slovakia,2006,6.584,renewables_share
Annual,Renewable energy - overall,Percentage,Slovakia,2007,7.766,renewables_share
Annual,Renewable energy - overall,Percentage,Slovakia,2008,7.723,renewables_share
Annual,Renewable energy - overall,Percentage,Slovakia,2009,9.368,renewables_share
Annual,Renewable energy - overall,Percentage,Slovakia,2010,9.099,renewables_share
Annual,Renewable energy - overall,Percentage,Slovakia,2011,10.348,renewables_share
Annual,Renewable energy - overall,Percentage,Slovakia,2012,10.453,renewables_share
Annual,Renewable energy - overall,Percentage,Slovakia,2013,10.133,renewables_share
Annual,Renewable energy - overall,Percentage,Slovakia,2014,11.713,renewables_share
Annual,Renewable energy - overall,Percentage,Slovakia,2015,12.882,renewables_share
Annual,Renewable energy - overall,Percentage,Slovakia,2016,12.029,renewables_share
Annual,Renewable energy - overall,Percentage,Slovakia,2017,11.465,renewables_share
Annual,Renewable energy - overall,Percentage,Slovakia,2018,11.896,renewables_share
Annual,Renewable energy - overall,Percentage,Slovakia,2019,16.894,renewables_share
Annual,Renewable energy - overall,Percentage,Slovakia,2020,17.345,renewables_share
Annual,Renewable energy - overall,Percentage,Slovakia,2021,17.419,renewables_share
Annual,Renewable energy - overall,Percentage,Slovakia,2022,17.482,renewables_share
Annual,Renewable energy - overall,Percentage,Slovakia,2023,16.991,renewables_share
Annual,Renewable energy - overall,Percentage,Slovakia,2024,18.092,renewables_share
Annual,Renewable energy - overall,Percentage,Finland,2004,29.232,renewables_share
Annual,Renewable energy - overall,Percentage,Finland,2005,28.814,renewables_share
Annual,Renewable energy - overall,Percentage,Finland,2006,30.043,renewables_share
Annual,Renewable energy - overall,Percentage,Finland,2007,29.561,renewables_share
Annual,Renewable energy - overall,Percentage,Finland,2008,31.071,renewables_share
Annual,Renewable energy - overall,Percentage,Finland,2009,31.045,renewables_share
Annual,Renewable energy - overall,Percentage,Finland,2010,32.166,renewables_share
Annual,Renewable energy - overall,Percentage,Finland,2011,32.532,renewables_share
Annual,Renewable energy - overall,Percentage,Finland,2012,34.222,renewables_share
Annual,Renewable energy - overall,Percentage,Finland,2013,36.63,renewables_share
Annual,Renewable energy - overall,Percentage,Finland,2014,38.633,renewables_share
Annual,Renewable energy - overall,Percentage,Finland,2015,39.23,renewables_share
Annual,Renewable energy - overall,Percentage,Finland,2016,38.943,renewables_share
Annual,Renewable energy - overall,Percentage,Finland,2017,40.857,renewables_share
Annual,Renewable energy - overall,Percentage,Finland,2018,41.185,renewables_share
Annual,Renewable energy - overall,Percentage,Finland,2019,42.807,renewables_share
Annual,Renewable energy - overall,Percentage,Finland,2020,43.939,renewables_share
Annual,Renewable energy - overall,Percentage,Finland,2021,42.819,renewables_share
Annual,Renewable energy - overall,Percentage,Finland,2022,47.74,renewables_share
Annual,Renewable energy - overall,Percentage,Finland,2023,50.784,renewables_share
Annual,Renewable energy - overall,Percentage,Finland,2024,52.124,renewables_share
Annual,Renewable energy - overall,Percentage,Sweden,2004,38.427,renewables_share
Annual,Renewable energy - overall,Percentage,Sweden,2005,39.982,renewables_share
Annual,Renewable energy - overall,Percentage,Sweden,2006,41.734,renewables_share
Annual,Renewable energy - overall,Percentage,Sweden,2007,43.224,renewables_share
Annual,Renewable energy - overall,Percentage,Sweden,2008,43.922,renewables_share
Annual,Renewable energy - overall,Percentage,Sweden,2009,47.024,renewables_share
Annual,Renewable energy - overall,Percentage,Sweden,2010,46.099,renewables_share
Annual,Renewable energy - overall,Percentage,Sweden,2011,47.632,renewables_share
Annual,Renewable energy - overall,Percentage,Sweden,2012,49.403,renewables_share
Annual,Renewable energy - overall,Percentage,Sweden,2013,50.153,renewables_share
Annual,Renewable energy - overall,Percentage,Sweden,2014,51.151,renewables_share
Annual,Renewable energy - overall,Percentage,Sweden,2015,52.22,renewables_share
Annual,Renewable energy - overall,Percentage,Sweden,2016,52.597,renewables_share
Annual,Renewable energy - overall,Percentage,Sweden,2017,53.39,renewables_share
Annual,Renewable energy - overall,Percentage,Sweden,2018,53.916,renewables_share
Annual,Renewable energy - overall,Percentage,Sweden,2019,55.785,renewables_share
Annual,Renewable energy - overall,Percentage,Sweden,2020,60.124,renewables_share
Annual,Renewable energy - overall,Percentage,Sweden,2021,62.527,renewables_share
Annual,Renewable energy - overall,Percentage,Sweden,2022,66.287,renewables_share
Annual,Renewable energy - overall,Percentage,Sweden,2023,66.393,renewables_share
Annual,Renewable energy - overall,Percentage,Sweden,2024,62.846,renewables_share
Annual,Renewable energy - overall,Percentage,Iceland,2004,58.899,renewables_share
Annual,Renewable energy - overall,Percentage,Iceland,2005,60.27,renewables_share
Annual,Renewable energy - overall,Percentage,Iceland,2006,60.921,renewables_share
Annual,Renewable energy - overall,Percentage,Iceland,2007,71.925,renewables_share
Annual,Renewable energy - overall,Percentage,Iceland,2008,67.981,renewables_share
Annual,Renewable energy - overall,Percentage,Iceland,2009,70.238,renewables_share
Annual,Renewable energy - overall,Percentage,Iceland,2010,70.909,renewables_share
Annual,Renewable energy - overall,Percentage,Iceland,2011,72.298,renewables_share
Annual,Renewable energy - overall,Percentage,Iceland,2012,73.727,renewables_share
Annual,Renewable energy - overall,Percentage,Iceland,2013,73.787,renewables_share
Annual,Renewable energy - overall,Percentage,Iceland,2014,73.043,renewables_share
Annual,Renewable energy - overall,Percentage,Iceland,2015,71.949,renewables_share
Annual,Renewable energy - overall,Percentage,Iceland,2016,75.329,renewables_share
Annual,Renewable energy - overall,Percentage,Iceland,2017,74.104,renewables_share
Annual,Renewable energy - overall,Percentage,Iceland,2018,77.173,renewables_share
Annual,Renewable energy - overall,Percentage,Iceland,2019,78.612,renewables_share
Annual,Renewable energy - overall,Percentage,Iceland,2020,83.725,renewables_share
Annual,Renewable energy - overall,Percentage,Iceland,2021,79.618,renewables_share
Annual,Renewable energy - overall,Percentage,Iceland,2022,78.735,renewables_share
Annual,Renewable energy - overall,Percentage,Iceland,2023,79.444,renewables_share
Annual,Renewable energy - overall,Percentage,Iceland,2024,79.332,renewables_share
Annual,Renewable energy - overall,Percentage,Norway,2004,58.417,renewables_share
Annual,Renewable energy - overall,Percentage,Norway,2005,60.069,renewables_share
Annual,Renewable energy - overall,Percentage,Norway,2006,60.521,renewables_share
Annual,Renewable energy - overall,Percentage,Norway,2007,60.398,renewables_share
Annual,Renewable energy - overall,Percentage,Norway,2008,62.003,renewables_share
Annual,Renewable energy - overall,Percentage,Norway,2009,65.071,renewables_share
Annual,Renewable energy - overall,Percentage,Norway,2010,61.889,renewables_share
Annual,Renewable energy - overall,Percentage,Norway,2011,64.638,renewables_share
Annual,Renewable energy - overall,Percentage,Norway,2012,64.932,renewables_share
Annual,Renewable energy - overall,Percentage,Norway,2013,66.48,renewables_share
Annual,Renewable energy - overall,Percentage,Norway,2014,68.406,renewables_share
Annual,Renewable energy - overall,Percentage,Norway,2015,68.545,renewables_share
Annual,Renewable energy - overall,Percentage,Norway,2016,69.235,renewables_share
Annual,Renewable energy - overall,Percentage,Norway,2017,70.036,renewables_share
Annual,Renewable energy - overall,Percentage,Norway,2018,71.566,renewables_share
Annual,Renewable energy - overall,Percentage,Norway,2019,74.406,renewables_share
Annual,Renewable energy - overall,Percentage,Norway,2020,77.358,renewables_share
Annual,Renewable energy - overall,Percentage,Norway,2021,75.038,renewables_share
Annual,Renewable energy - overall,Percentage,Norway,2022,76.782,renewables_share
Annual,Renewable energy - overall,Percentage,Norway,2023,76.729,renewables_share
Annual,Renewable energy - overall,Percentage,Norway,2024,77.932,renewables_share
Annual,Renewable energy - overall,Percentage,Bosnia and Herzegovina,2004,,renewables_share
Annual,Renewable energy - overall,Percentage,Bosnia and Herzegovina,2005,,renewables_share
Annual,Renewable energy - overall,Percentage,Bosnia and Herzegovina,2006,,renewables_share
Annual,Renewable energy - overall,Percentage,Bosnia and Herzegovina,2007,,renewables_share
Annual,Renewable energy - overall,Percentage,Bosnia and Herzegovina,2008,,renewables_share
Annual,Renewable energy - overall,Percentage,Bosnia and Herzegovina,2009,,renewables_share
Annual,Renewable energy - overall,Percentage,Bosnia and Herzegovina,2010,,renewables_share
Annual,Renewable energy - overall,Percentage,Bosnia and Herzegovina,2011,,renewables_share
Annual,Renewable energy - overall,Percentage,Bosnia and Herzegovina,2012,,renewables_share
Annual,Renewable energy - overall,Percentage,Bosnia and Herzegovina,2013,,renewables_share
Annual,Renewable energy - overall,Percentage,Bosnia and Herzegovina,2014,24.873,renewables_share
Annual,Renewable energy - overall,Percentage,Bosnia and Herzegovina,2015,26.607,renewables_share
Annual,Renewable energy - overall,Percentage,Bosnia and Herzegovina,2016,25.358,renewables_share
Annual,Renewable energy - overall,Percentage,Bosnia and Herzegovina,2017,23.241,renewables_share
Annual,Renewable energy - overall,Percentage,Bosnia and Herzegovina,2018,35.972,renewables_share
Annual,Renewable energy - overall,Percentage,Bosnia and Herzegovina,2019,37.454,renewables_share
Annual,Renewable energy - overall,Percentage,Bosnia and Herzegovina,2020,39.835,renewables_share
Annual,Renewable energy - overall,Percentage,Bosnia and Herzegovina,2021,36.587,renewables_share
Annual,Renewable energy - overall,Percentage,Bosnia and Herzegovina,2022,39.32,renewables_share
Annual,Renewable energy - overall,Percentage,Bosnia and Herzegovina,2023,40.038,renewables_share
Annual,Renewable energy - overall,Percentage,Bosnia and Herzegovina,2024,38.524,renewables_share
Annual,Renewable energy - overall,Percentage,Montenegro,2004,,renewables_share
Annual,Renewable energy - overall,Percentage,Montenegro,2005,35.694,renewables_share
Annual,Renewable energy - overall,Percentage,Montenegro,2006,34.842,renewables_share
Annual,Renewable energy - overall,Percentage,Montenegro,2007,32.925,renewables_share
Annual,Renewable energy - overall,Percentage,Montenegro,2008,32.29,renewables_share
Annual,Renewable energy - overall,Percentage,Montenegro,2009,39.371,renewables_share
Annual,Renewable energy - overall,Percentage,Montenegro,2010,40.64,renewables_share
Annual,Renewable energy - overall,Percentage,Montenegro,2011,40.648,renewables_share
Annual,Renewable energy - overall,Percentage,Montenegro,2012,41.513,renewables_share
Annual,Renewable energy - overall,Percentage,Montenegro,2013,43.696,renewables_share
Annual,Renewable energy - overall,Percentage,Montenegro,2014,44.098,renewables_share
Annual,Renewable energy - overall,Percentage,Montenegro,2015,43.073,renewables_share
Annual,Renewable energy - overall,Percentage,Montenegro,2016,41.529,renewables_share
Annual,Renewable energy - overall,Percentage,Montenegro,2017,39.693,renewables_share
Annual,Renewable energy - overall,Percentage,Montenegro,2018,38.801,renewables_share
Annual,Renewable energy - overall,Percentage,Montenegro,2019,37.722,renewables_share
Annual,Renewable energy - overall,Percentage,Montenegro,2020,43.77,renewables_share
Annual,Renewable energy - overall,Percentage,Montenegro,2021,39.891,renewables_share
Annual,Renewable energy - overall,Percentage,Montenegro,2022,41.064,renewables_share
Annual,Renewable energy - overall,Percentage,Montenegro,2023,40.883,renewables_share
Annual,Renewable energy - overall,Percentage,Montenegro,2024,40.822,renewables_share
Annual,Renewable energy - overall,Percentage,Moldova,2004,7.45,renewables_share
Annual,Renewable energy - overall,Percentage,Moldova,2005,6.402,renewables_share
Annual,Renewable energy - overall,Percentage,Moldova,2006,6.96,renewables_share
Annual,Renewable energy - overall,Percentage,Moldova,2007,6.443,renewables_share
Annual,Renewable energy - overall,Percentage,Moldova,2008,6.994,renewables_share
Annual,Renewable energy - overall,Percentage,Moldova,2009,7.924,renewables_share
Annual,Renewable energy - overall,Percentage,Moldova,2010,21.369,renewables_share
Annual,Renewable energy - overall,Percentage,Moldova,2011,22.081,renewables_share
Annual,Renewable energy - overall,Percentage,Moldova,2012,24.328,renewables_share
Annual,Renewable energy - overall,Percentage,Moldova,2013,24.419,renewables_share
Annual,Renewable energy - overall,Percentage,Moldova,2014,26.169,renewables_share
Annual,Renewable energy - overall,Percentage,Moldova,2015,26.173,renewables_share
Annual,Renewable energy - overall,Percentage,Moldova,2016,26.888,renewables_share
Annual,Renewable energy - overall,Percentage,Moldova,2017,27.836,renewables_share
Annual,Renewable energy - overall,Percentage,Moldova,2018,27.476,renewables_share
Annual,Renewable energy - overall,Percentage,Moldova,2019,23.843,renewables_share
Annual,Renewable energy - overall,Percentage,Moldova,2020,25.057,renewables_share
Annual,Renewable energy - overall,Percentage,Moldova,2021,22.203,renewables_share
Annual,Renewable energy - overall,Percentage,Moldova,2022,21.54,renewables_share
Annual,Renewable energy - overall,Percentage,Moldova,2023,22.995,renewables_share
Annual,Renewable energy - overall,Percentage,Moldova,2024,20.769,renewables_share
Annual,Renewable energy - overall,Percentage,North Macedonia,2004,15.702,renewables_share
Annual,Renewable energy - overall,Percentage,North Macedonia,2005,16.466,renewables_share
Annual,Renewable energy - overall,Percentage,North Macedonia,2006,16.527,renewables_share
Annual,Renewable energy - overall,Percentage,North Macedonia,2007,14.976,renewables_share
Annual,Renewable energy - overall,Percentage,North Macedonia,2008,15.555,renewables_share
Annual,Renewable energy - overall,Percentage,North Macedonia,2009,17.238,renewables_share
Annual,Renewable energy - overall,Percentage,North Macedonia,2010,16.451,renewables_share
Annual,Renewable energy - overall,Percentage,North Macedonia,2011,16.407,renewables_share
Annual,Renewable energy - overall,Percentage,North Macedonia,2012,18.128,renewables_share
Annual,Renewable energy - overall,Percentage,North Macedonia,2013,18.509,renewables_share
Annual,Renewable energy - overall,Percentage,North Macedonia,2014,19.559,renewables_share
Annual,Renewable energy - overall,Percentage,North Macedonia,2015,19.526,renewables_share
Annual,Renewable energy - overall,Percentage,North Macedonia,2016,18.044,renewables_share
Annual,Renewable energy - overall,Percentage,North Macedonia,2017,19.636,renewables_share
Annual,Renewable energy - overall,Percentage,North Macedonia,2018,18.179,renewables_share
Annual,Renewable energy - overall,Percentage,North Macedonia,2019,17.485,renewables_share
Annual,Renewable energy - overall,Percentage,North Macedonia,2020,19.222,renewables_share
Annual,Renewable energy - overall,Percentage,North Macedonia,2021,19.115,renewables_share
Annual,Renewable energy - overall,Percentage,North Macedonia,2022,20.01,renewables_share
Annual,Renewable energy - overall,Percentage,North Macedonia,2023,20.207,renewables_share
Annual,Renewable energy - overall,Percentage,North Macedonia,2024,21.811,renewables_share
Annual,Renewable energy - overall,Percentage,Georgia,2004,,renewables_share
Annual,Renewable energy - overall,Percentage,Georgia,2005,,renewables_share
Annual,Renewable energy - overall,Percentage,Georgia,2006,,renewables_share
Annual,Renewable energy - overall,Percentage,Georgia,2007,,renewables_share
Annual,Renewable energy - overall,Percentage,Georgia,2008,,renewables_share
Annual,Renewable energy - overall,Percentage,Georgia,2009,,renewables_share
Annual,Renewable energy - overall,Percentage,Georgia,2010,,renewables_share
Annual,Renewable energy - overall,Percentage,Georgia,2011,,renewables_share
Annual,Renewable energy - overall,Percentage,Georgia,2012,,renewables_share
Annual,Renewable energy - overall,Percentage,Georgia,2013,,renewables_share
Annual,Renewable energy - overall,Percentage,Georgia,2014,,renewables_share
Annual,Renewable energy - overall,Percentage,Georgia,2015,,renewables_share
Annual,Renewable energy - overall,Percentage,Georgia,2016,,renewables_share
Annual,Renewable energy - overall,Percentage,Georgia,2017,,renewables_share
Annual,Renewable energy - overall,Percentage,Georgia,2018,,renewables_share
Annual,Renewable energy - overall,Percentage,Georgia,2019,,renewables_share
Annual,Renewable energy - overall,Percentage,Georgia,2020,,renewables_share
Annual,Renewable energy - overall,Percentage,Georgia,2021,18.292,renewables_share
Annual,Renewable energy - overall,Percentage,Georgia,2022,18.141,renewables_share
Annual,Renewable energy - overall,Percentage,Georgia,2023,19.85,renewables_share
Annual,Renewable energy - overall,Percentage,Georgia,2024,19.452,renewables_share
Annual,Renewable energy - overall,Percentage,Albania,2004,29.62,renewables_share
Annual,Renewable energy - overall,Percentage,Albania,2005,31.367,renewables_share
Annual,Renewable energy - overall,Percentage,Albania,2006,32.07,renewables_share
Annual,Renewable energy - overall,Percentage,Albania,2007,32.657,renewables_share
Annual,Renewable energy - overall,Percentage,Albania,2008,32.448,renewables_share
Annual,Renewable energy - overall,Percentage,Albania,2009,31.437,renewables_share
Annual,Renewable energy - overall,Percentage,Albania,2010,31.867,renewables_share
Annual,Renewable energy - overall,Percentage,Albania,2011,31.187,renewables_share
Annual,Renewable energy - overall,Percentage,Albania,2012,35.152,renewables_share
Annual,Renewable energy - overall,Percentage,Albania,2013,33.167,renewables_share
Annual,Renewable energy - overall,Percentage,Albania,2014,31.856,renewables_share
Annual,Renewable energy - overall,Percentage,Albania,2015,34.913,renewables_share
Annual,Renewable energy - overall,Percentage,Albania,2016,36.953,renewables_share
Annual,Renewable energy - overall,Percentage,Albania,2017,35.776,renewables_share
Annual,Renewable energy - overall,Percentage,Albania,2018,36.572,renewables_share
Annual,Renewable energy - overall,Percentage,Albania,2019,38.042,renewables_share
Annual,Renewable energy - overall,Percentage,Albania,2020,45.015,renewables_share
Annual,Renewable energy - overall,Percentage,Albania,2021,41.389,renewables_share
Annual,Renewable energy - overall,Percentage,Albania,2022,44.076,renewables_share
Annual,Renewable energy - overall,Percentage,Albania,2023,46.62,renewables_share
Annual,Renewable energy - overall,Percentage,Albania,2024,43.111,renewables_share
Annual,Renewable energy - overall,Percentage,Serbia,2004,12.724,renewables_share
Annual,Renewable energy - overall,Percentage,Serbia,2005,14.257,renewables_share
Annual,Renewable energy - overall,Percentage,Serbia,2006,14.542,renewables_share
Annual,Renewable energy - overall,Percentage,Serbia,2007,14.327,renewables_share
Annual,Renewable energy - overall,Percentage,Serbia,2008,15.888,renewables_share
Annual,Renewable energy - overall,Percentage,Serbia,2009,21.024,renewables_share
Annual,Renewable energy - overall,Percentage,Serbia,2010,19.763,renewables_share
Annual,Renewable energy - overall,Percentage,Serbia,2011,19.118,renewables_share
Annual,Renewable energy - overall,Percentage,Serbia,2012,20.79,renewables_share
Annual,Renewable energy - overall,Percentage,Serbia,2013,21.095,renewables_share
Annual,Renewable energy - overall,Percentage,Serbia,2014,22.864,renewables_share
Annual,Renewable energy - overall,Percentage,Serbia,2015,21.989,renewables_share
Annual,Renewable energy - overall,Percentage,Serbia,2016,21.147,renewables_share
Annual,Renewable energy - overall,Percentage,Serbia,2017,20.287,renewables_share
Annual,Renewable energy - overall,Percentage,Serbia,2018,20.32,renewables_share
Annual,Renewable energy - overall,Percentage,Serbia,2019,21.443,renewables_share
Annual,Renewable energy - overall,Percentage,Serbia,2020,26.297,renewables_share
Annual,Renewable energy - overall,Percentage,Serbia,2021,25.255,renewables_share
Annual,Renewable energy - overall,Percentage,Serbia,2022,24.67,renewables_share
Annual,Renewable energy - overall,Percentage,Serbia,2023,25.428,renewables_share
Annual,Renewable energy - overall,Percentage,Serbia,2024,25.862,renewables_share
Annual,Renewable energy - overall,Percentage,Kosovo*,2004,20.541,renewables_share
Annual,Renewable energy - overall,Percentage,Kosovo*,2005,19.773,renewables_share
Annual,Renewable energy - overall,Percentage,Kosovo*,2006,19.511,renewables_share
Annual,Renewable energy - overall,Percentage,Kosovo*,2007,18.812,renewables_share
Annual,Renewable energy - overall,Percentage,Kosovo*,2008,18.429,renewables_share
Annual,Renewable energy - overall,Percentage,Kosovo*,2009,18.23,renewables_share
Annual,Renewable energy - overall,Percentage,Kosovo*,2010,18.23,renewables_share
Annual,Renewable energy - overall,Percentage,Kosovo*,2011,17.598,renewables_share
Annual,Renewable energy - overall,Percentage,Kosovo*,2012,18.625,renewables_share
Annual,Renewable energy - overall,Percentage,Kosovo*,2013,18.823,renewables_share
Annual,Renewable energy - overall,Percentage,Kosovo*,2014,19.544,renewables_share
Annual,Renewable energy - overall,Percentage,Kosovo*,2015,18.484,renewables_share
Annual,Renewable energy - overall,Percentage,Kosovo*,2016,24.472,renewables_share
Annual,Renewable energy - overall,Percentage,Kosovo*,2017,23.082,renewables_share
Annual,Renewable energy - overall,Percentage,Kosovo*,2018,24.616,renewables_share
Annual,Renewable energy - overall,Percentage,Kosovo*,2019,24.215,renewables_share
Annual,Renewable energy - overall,Percentage,Kosovo*,2020,24.401,renewables_share
Annual,Renewable energy - overall,Percentage,Kosovo*,2021,22.061,renewables_share
Annual,Renewable energy - overall,Percentage,Kosovo*,2022,18.773,renewables_share
Annual,Renewable energy - overall,Percentage,Kosovo*,2023,20.215,renewables_share
Annual,Renewable energy - overall,Percentage,Kosovo*,2024,18.02,renewables_share
Annual,Renewable energy - transport,Percentage,European Union - 27 countries (from 2020),2004,1.432,renewables_share
Annual,Renewable energy - transport,Percentage,European Union - 27 countries (from 2020),2005,1.819,renewables_share
Annual,Renewable energy - transport,Percentage,European Union - 27 countries (from 2020),2006,2.472,renewables_share
Annual,Renewable energy - transport,Percentage,European Union - 27 countries (from 2020),2007,2.887,renewables_share
Annual,Renewable energy - transport,Percentage,European Union - 27 countries (from 2020),2008,4.133,renewables_share
Annual,Renewable energy - transport,Percentage,European Union - 27 countries (from 2020),2009,4.891,renewables_share
Annual,Renewable energy - transport,Percentage,European Union - 27 countries (from 2020),2010,5.5,renewables_share
Annual,Renewable energy - transport,Percentage,European Union - 27 countries (from 2020),2011,4.115,renewables_share
Annual,Renewable energy - transport,Percentage,European Union - 27 countries (from 2020),2012,5.767,renewables_share
Annual,Renewable energy - transport,Percentage,European Union - 27 countries (from 2020),2013,6.07,renewables_share
Annual,Renewable energy - transport,Percentage,European Union - 27 countries (from 2020),2014,6.552,renewables_share
Annual,Renewable energy - transport,Percentage,European Union - 27 countries (from 2020),2015,6.753,renewables_share
Annual,Renewable energy - transport,Percentage,European Union - 27 countries (from 2020),2016,7.165,renewables_share
Annual,Renewable energy - transport,Percentage,European Union - 27 countries (from 2020),2017,7.471,renewables_share
Annual,Renewable energy - transport,Percentage,European Union - 27 countries (from 2020),2018,8.265,renewables_share
Annual,Renewable energy - transport,Percentage,European Union - 27 countries (from 2020),2019,8.804,renewables_share
Annual,Renewable energy - transport,Percentage,European Union - 27 countries (from 2020),2020,10.253,renewables_share
Annual,Renewable energy - transport,Percentage,European Union - 27 countries (from 2020),2021,9.051,renewables_share
Annual,Renewable energy - transport,Percentage,European Union - 27 countries (from 2020),2022,9.64,renewables_share
Annual,Renewable energy - transport,Percentage,European Union - 27 countries (from 2020),2023,10.962,renewables_share
Annual,Renewable energy - transport,Percentage,European Union - 27 countries (from 2020),2024,11.2,renewables_share
Annual,Renewable energy - transport,Percentage,Euro area – 21 countries (from 2026),2004,,renewables_share
Annual,Renewable energy - transport,Percentage,Euro area – 21 countries (from 2026),2005,,renewables_share
Annual,Renewable energy - transport,Percentage,Euro area – 21 countries (from 2026),2006,,renewables_share
Annual,Renewable energy - transport,Percentage,Euro area – 21 countries (from 2026),2007,,renewables_share
Annual,Renewable energy - transport,Percentage,Euro area – 21 countries (from 2026),2008,,renewables_share
Annual,Renewable energy - transport,Percentage,Euro area – 21 countries (from 2026),2009,,renewables_share
Annual,Renewable energy - transport,Percentage,Euro area – 21 countries (from 2026),2010,,renewables_share
Annual,Renewable energy - transport,Percentage,Euro area – 21 countries (from 2026),2011,,renewables_share
Annual,Renewable energy - transport,Percentage,Euro area – 21 countries (from 2026),2012,,renewables_share
Annual,Renewable energy - transport,Percentage,Euro area – 21 countries (from 2026),2013,,renewables_share
Annual,Renewable energy - transport,Percentage,Euro area – 21 countries (from 2026),2014,,renewables_share
Annual,Renewable energy - transport,Percentage,Euro area – 21 countries (from 2026),2015,,renewables_share
Annual,Renewable energy - transport,Percentage,Euro area – 21 countries (from 2026),2016,,renewables_share
Annual,Renewable energy - transport,Percentage,Euro area – 21 countries (from 2026),2017,,renewables_share
Annual,Renewable energy - transport,Percentage,Euro area – 21 countries (from 2026),2018,,renewables_share
Annual,Renewable energy - transport,Percentage,Euro area – 21 countries (from 2026),2019,,renewables_share
Annual,Renewable energy - transport,Percentage,Euro area – 21 countries (from 2026),2020,,renewables_share
Annual,Renewable energy - transport,Percentage,Euro area – 21 countries (from 2026),2021,16.453,renewables_share
Annual,Renewable energy - transport,Percentage,Euro area – 21 countries (from 2026),2022,17.228,renewables_share
Annual,Renewable energy - transport,Percentage,Euro area – 21 countries (from 2026),2023,19.141,renewables_share
Annual,Renewable energy - transport,Percentage,Euro area – 21 countries (from 2026),2024,19.754,renewables_share
Annual,Renewable energy - transport,Percentage,Euro area – 20 countries (2023-2025),2004,,renewables_share
Annual,Renewable energy - transport,Percentage,Euro area – 20 countries (2023-2025),2005,,renewables_share
Annual,Renewable energy - transport,Percentage,Euro area – 20 countries (2023-2025),2006,,renewables_share
Annual,Renewable energy - transport,Percentage,Euro area – 20 countries (2023-2025),2007,,renewables_share
Annual,Renewable energy - transport,Percentage,Euro area – 20 countries (2023-2025),2008,,renewables_share
Annual,Renewable energy - transport,Percentage,Euro area – 20 countries (2023-2025),2009,,renewables_share
Annual,Renewable energy - transport,Percentage,Euro area – 20 countries (2023-2025),2010,,renewables_share
Annual,Renewable energy - transport,Percentage,Euro area – 20 countries (2023-2025),2011,,renewables_share
Annual,Renewable energy - transport,Percentage,Euro area – 20 countries (2023-2025),2012,,renewables_share
Annual,Renewable energy - transport,Percentage,Euro area – 20 countries (2023-2025),2013,,renewables_share
Annual,Renewable energy - transport,Percentage,Euro area – 20 countries (2023-2025),2014,,renewables_share
Annual,Renewable energy - transport,Percentage,Euro area – 20 countries (2023-2025),2015,,renewables_share
Annual,Renewable energy - transport,Percentage,Euro area – 20 countries (2023-2025),2016,,renewables_share
Annual,Renewable energy - transport,Percentage,Euro area – 20 countries (2023-2025),2017,,renewables_share
Annual,Renewable energy - transport,Percentage,Euro area – 20 countries (2023-2025),2018,,renewables_share
Annual,Renewable energy - transport,Percentage,Euro area – 20 countries (2023-2025),2019,,renewables_share
Annual,Renewable energy - transport,Percentage,Euro area – 20 countries (2023-2025),2020,,renewables_share
Annual,Renewable energy - transport,Percentage,Euro area – 20 countries (2023-2025),2021,8.84,renewables_share
Annual,Renewable energy - transport,Percentage,Euro area – 20 countries (2023-2025),2022,9.566,renewables_share
Annual,Renewable energy - transport,Percentage,Euro area – 20 countries (2023-2025),2023,11.052,renewables_share
Annual,Renewable energy - transport,Percentage,Euro area – 20 countries (2023-2025),2024,11.557,renewables_share
Annual,Renewable energy - transport,Percentage,Belgium,2004,0.642,renewables_share
Annual,Renewable energy - transport,Percentage,Belgium,2005,0.663,renewables_share
Annual,Renewable energy - transport,Percentage,Belgium,2006,0.676,renewables_share
Annual,Renewable energy - transport,Percentage,Belgium,2007,0.671,renewables_share
Annual,Renewable energy - transport,Percentage,Belgium,2008,0.712,renewables_share
Annual,Renewable energy - transport,Percentage,Belgium,2009,2.19,renewables_share
Annual,Renewable energy - transport,Percentage,Belgium,2010,4.8,renewables_share
Annual,Renewable energy - transport,Percentage,Belgium,2011,4.802,renewables_share
Annual,Renewable energy - transport,Percentage,Belgium,2012,4.914,renewables_share
Annual,Renewable energy - transport,Percentage,Belgium,2013,5.088,renewables_share
Annual,Renewable energy - transport,Percentage,Belgium,2014,5.845,renewables_share
Annual,Renewable energy - transport,Percentage,Belgium,2015,3.921,renewables_share
Annual,Renewable energy - transport,Percentage,Belgium,2016,6.029,renewables_share
Annual,Renewable energy - transport,Percentage,Belgium,2017,6.637,renewables_share
Annual,Renewable energy - transport,Percentage,Belgium,2018,6.709,renewables_share
Annual,Renewable energy - transport,Percentage,Belgium,2019,6.817,renewables_share
Annual,Renewable energy - transport,Percentage,Belgium,2020,11.035,renewables_share
Annual,Renewable energy - transport,Percentage,Belgium,2021,10.332,renewables_share
Annual,Renewable energy - transport,Percentage,Belgium,2022,10.472,renewables_share
Annual,Renewable energy - transport,Percentage,Belgium,2023,12.177,renewables_share
Annual,Renewable energy - transport,Percentage,Belgium,2024,12.717,renewables_share
Annual,Renewable energy - transport,Percentage,Bulgaria,2004,0.971,renewables_share
Annual,Renewable energy - transport,Percentage,Bulgaria,2005,0.884,renewables_share
Annual,Renewable energy - transport,Percentage,Bulgaria,2006,1.049,renewables_share
Annual,Renewable energy - transport,Percentage,Bulgaria,2007,0.956,renewables_share
Annual,Renewable energy - transport,Percentage,Bulgaria,2008,0.938,renewables_share
Annual,Renewable energy - transport,Percentage,Bulgaria,2009,1.092,renewables_share
Annual,Renewable energy - transport,Percentage,Bulgaria,2010,1.498,renewables_share
Annual,Renewable energy - transport,Percentage,Bulgaria,2011,0.898,renewables_share
Annual,Renewable energy - transport,Percentage,Bulgaria,2012,0.65,renewables_share
Annual,Renewable energy - transport,Percentage,Bulgaria,2013,5.886,renewables_share
Annual,Renewable energy - transport,Percentage,Bulgaria,2014,5.742,renewables_share
Annual,Renewable energy - transport,Percentage,Bulgaria,2015,6.492,renewables_share
Annual,Renewable energy - transport,Percentage,Bulgaria,2016,7.203,renewables_share
Annual,Renewable energy - transport,Percentage,Bulgaria,2017,7.273,renewables_share
Annual,Renewable energy - transport,Percentage,Bulgaria,2018,8.076,renewables_share
Annual,Renewable energy - transport,Percentage,Bulgaria,2019,7.893,renewables_share
Annual,Renewable energy - transport,Percentage,Bulgaria,2020,9.101,renewables_share
Annual,Renewable energy - transport,Percentage,Bulgaria,2021,7.613,renewables_share
Annual,Renewable energy - transport,Percentage,Bulgaria,2022,7.662,renewables_share
Annual,Renewable energy - transport,Percentage,Bulgaria,2023,8.089,renewables_share
Annual,Renewable energy - transport,Percentage,Bulgaria,2024,8.197,renewables_share
Annual,Renewable energy - transport,Percentage,Czechia,2004,1.203,renewables_share
Annual,Renewable energy - transport,Percentage,Czechia,2005,1.099,renewables_share
Annual,Renewable energy - transport,Percentage,Czechia,2006,1.073,renewables_share
Annual,Renewable energy - transport,Percentage,Czechia,2007,1.048,renewables_share
Annual,Renewable energy - transport,Percentage,Czechia,2008,2.843,renewables_share
Annual,Renewable energy - transport,Percentage,Czechia,2009,4.312,renewables_share
Annual,Renewable energy - transport,Percentage,Czechia,2010,5.22,renewables_share
Annual,Renewable energy - transport,Percentage,Czechia,2011,1.285,renewables_share
Annual,Renewable energy - transport,Percentage,Czechia,2012,6.249,renewables_share
Annual,Renewable energy - transport,Percentage,Czechia,2013,6.445,renewables_share
Annual,Renewable energy - transport,Percentage,Czechia,2014,6.997,renewables_share
Annual,Renewable energy - transport,Percentage,Czechia,2015,6.537,renewables_share
Annual,Renewable energy - transport,Percentage,Czechia,2016,6.496,renewables_share
Annual,Renewable energy - transport,Percentage,Czechia,2017,6.616,renewables_share
Annual,Renewable energy - transport,Percentage,Czechia,2018,6.556,renewables_share
Annual,Renewable energy - transport,Percentage,Czechia,2019,7.841,renewables_share
Annual,Renewable energy - transport,Percentage,Czechia,2020,9.383,renewables_share
Annual,Renewable energy - transport,Percentage,Czechia,2021,6.74,renewables_share
Annual,Renewable energy - transport,Percentage,Czechia,2022,6.24,renewables_share
Annual,Renewable energy - transport,Percentage,Czechia,2023,5.653,renewables_share
Annual,Renewable energy - transport,Percentage,Czechia,2024,5.743,renewables_share
Annual,Renewable energy - transport,Percentage,Denmark,2004,0.445,renewables_share
Annual,Renewable energy - transport,Percentage,Denmark,2005,0.443,renewables_share
Annual,Renewable energy - transport,Percentage,Denmark,2006,0.521,renewables_share
Annual,Renewable energy - transport,Percentage,Denmark,2007,0.535,renewables_share
Annual,Renewable energy - transport,Percentage,Denmark,2008,0.54,renewables_share
Annual,Renewable energy - transport,Percentage,Denmark,2009,0.693,renewables_share
Annual,Renewable energy - transport,Percentage,Denmark,2010,1.15,renewables_share
Annual,Renewable energy - transport,Percentage,Denmark,2011,3.609,renewables_share
Annual,Renewable energy - transport,Percentage,Denmark,2012,6.278,renewables_share
Annual,Renewable energy - transport,Percentage,Denmark,2013,6.456,renewables_share
Annual,Renewable energy - transport,Percentage,Denmark,2014,6.556,renewables_share
Annual,Renewable energy - transport,Percentage,Denmark,2015,6.432,renewables_share
Annual,Renewable energy - transport,Percentage,Denmark,2016,6.732,renewables_share
Annual,Renewable energy - transport,Percentage,Denmark,2017,6.935,renewables_share
Annual,Renewable energy - transport,Percentage,Denmark,2018,6.92,renewables_share
Annual,Renewable energy - transport,Percentage,Denmark,2019,7.11,renewables_share
Annual,Renewable energy - transport,Percentage,Denmark,2020,9.701,renewables_share
Annual,Renewable energy - transport,Percentage,Denmark,2021,10.062,renewables_share
Annual,Renewable energy - transport,Percentage,Denmark,2022,9.976,renewables_share
Annual,Renewable energy - transport,Percentage,Denmark,2023,11.133,renewables_share
Annual,Renewable energy - transport,Percentage,Denmark,2024,14.12,renewables_share
Annual,Renewable energy - transport,Percentage,Germany,2004,2.136,renewables_share
Annual,Renewable energy - transport,Percentage,Germany,2005,3.953,renewables_share
Annual,Renewable energy - transport,Percentage,Germany,2006,6.701,renewables_share
Annual,Renewable energy - transport,Percentage,Germany,2007,7.532,renewables_share
Annual,Renewable energy - transport,Percentage,Germany,2008,6.316,renewables_share
Annual,Renewable energy - transport,Percentage,Germany,2009,5.877,renewables_share
Annual,Renewable energy - transport,Percentage,Germany,2010,6.413,renewables_share
Annual,Renewable energy - transport,Percentage,Germany,2011,6.461,renewables_share
Annual,Renewable energy - transport,Percentage,Germany,2012,7.322,renewables_share
Annual,Renewable energy - transport,Percentage,Germany,2013,7.299,renewables_share
Annual,Renewable energy - transport,Percentage,Germany,2014,6.9,renewables_share
Annual,Renewable energy - transport,Percentage,Germany,2015,6.569,renewables_share
Annual,Renewable energy - transport,Percentage,Germany,2016,7.013,renewables_share
Annual,Renewable energy - transport,Percentage,Germany,2017,7.028,renewables_share
Annual,Renewable energy - transport,Percentage,Germany,2018,7.941,renewables_share
Annual,Renewable energy - transport,Percentage,Germany,2019,7.63,renewables_share
Annual,Renewable energy - transport,Percentage,Germany,2020,10.008,renewables_share
Annual,Renewable energy - transport,Percentage,Germany,2021,8.104,renewables_share
Annual,Renewable energy - transport,Percentage,Germany,2022,10.07,renewables_share
Annual,Renewable energy - transport,Percentage,Germany,2023,12.257,renewables_share
Annual,Renewable energy - transport,Percentage,Germany,2024,12.367,renewables_share
Annual,Renewable energy - transport,Percentage,Estonia,2004,0.2,renewables_share
Annual,Renewable energy - transport,Percentage,Estonia,2005,0.235,renewables_share
Annual,Renewable energy - transport,Percentage,Estonia,2006,0.184,renewables_share
Annual,Renewable energy - transport,Percentage,Estonia,2007,0.168,renewables_share
Annual,Renewable energy - transport,Percentage,Estonia,2008,0.185,renewables_share
Annual,Renewable energy - transport,Percentage,Estonia,2009,0.438,renewables_share
Annual,Renewable energy - transport,Percentage,Estonia,2010,0.433,renewables_share
Annual,Renewable energy - transport,Percentage,Estonia,2011,0.445,renewables_share
Annual,Renewable energy - transport,Percentage,Estonia,2012,0.451,renewables_share
Annual,Renewable energy - transport,Percentage,Estonia,2013,0.448,renewables_share
Annual,Renewable energy - transport,Percentage,Estonia,2014,0.418,renewables_share
Annual,Renewable energy - transport,Percentage,Estonia,2015,0.413,renewables_share
Annual,Renewable energy - transport,Percentage,Estonia,2016,0.431,renewables_share
Annual,Renewable energy - transport,Percentage,Estonia,2017,0.417,renewables_share
Annual,Renewable energy - transport,Percentage,Estonia,2018,3.315,renewables_share
Annual,Renewable energy - transport,Percentage,Estonia,2019,6.243,renewables_share
Annual,Renewable energy - transport,Percentage,Estonia,2020,12.165,renewables_share
Annual,Renewable energy - transport,Percentage,Estonia,2021,11.187,renewables_share
Annual,Renewable energy - transport,Percentage,Estonia,2022,8.531,renewables_share
Annual,Renewable energy - transport,Percentage,Estonia,2023,9.065,renewables_share
Annual,Renewable energy - transport,Percentage,Estonia,2024,7.707,renewables_share
Annual,Renewable energy - transport,Percentage,Ireland,2004,0.044,renewables_share
Annual,Renewable energy - transport,Percentage,Ireland,2005,0.075,renewables_share
Annual,Renewable energy - transport,Percentage,Ireland,2006,0.102,renewables_share
Annual,Renewable energy - transport,Percentage,Ireland,2007,0.503,renewables_share
Annual,Renewable energy - transport,Percentage,Ireland,2008,1.305,renewables_share
Annual,Renewable energy - transport,Percentage,Ireland,2009,1.962,renewables_share
Annual,Renewable energy - transport,Percentage,Ireland,2010,2.491,renewables_share
Annual,Renewable energy - transport,Percentage,Ireland,2011,3.844,renewables_share
Annual,Renewable energy - transport,Percentage,Ireland,2012,4.044,renewables_share
Annual,Renewable energy - transport,Percentage,Ireland,2013,4.898,renewables_share
Annual,Renewable energy - transport,Percentage,Ireland,2014,5.204,renewables_share
Annual,Renewable energy - transport,Percentage,Ireland,2015,5.942,renewables_share
Annual,Renewable energy - transport,Percentage,Ireland,2016,5.159,renewables_share
Annual,Renewable energy - transport,Percentage,Ireland,2017,7.442,renewables_share
Annual,Renewable energy - transport,Percentage,Ireland,2018,7.186,renewables_share
Annual,Renewable energy - transport,Percentage,Ireland,2019,8.917,renewables_share
Annual,Renewable energy - transport,Percentage,Ireland,2020,10.187,renewables_share
Annual,Renewable energy - transport,Percentage,Ireland,2021,4.646,renewables_share
Annual,Renewable energy - transport,Percentage,Ireland,2022,5.825,renewables_share
Annual,Renewable energy - transport,Percentage,Ireland,2023,7.593,renewables_share
Annual,Renewable energy - transport,Percentage,Ireland,2024,8.657,renewables_share
Annual,Renewable energy - transport,Percentage,Greece,2004,0.087,renewables_share
Annual,Renewable energy - transport,Percentage,Greece,2005,0.059,renewables_share
Annual,Renewable energy - transport,Percentage,Greece,2006,0.735,renewables_share
Annual,Renewable energy - transport,Percentage,Greece,2007,1.269,renewables_share
Annual,Renewable energy - transport,Percentage,Greece,2008,1.062,renewables_share
Annual,Renewable energy - transport,Percentage,Greece,2009,1.102,renewables_share
Annual,Renewable energy - transport,Percentage,Greece,2010,1.915,renewables_share
Annual,Renewable energy - transport,Percentage,Greece,2011,0.6,renewables_share
Annual,Renewable energy - transport,Percentage,Greece,2012,0.903,renewables_share
Annual,Renewable energy - transport,Percentage,Greece,2013,0.98,renewables_share
Annual,Renewable energy - transport,Percentage,Greece,2014,1.326,renewables_share
Annual,Renewable energy - transport,Percentage,Greece,2015,1.1,renewables_share
Annual,Renewable energy - transport,Percentage,Greece,2016,1.624,renewables_share
Annual,Renewable energy - transport,Percentage,Greece,2017,4.001,renewables_share
Annual,Renewable energy - transport,Percentage,Greece,2018,4.108,renewables_share
Annual,Renewable energy - transport,Percentage,Greece,2019,4.049,renewables_share
Annual,Renewable energy - transport,Percentage,Greece,2020,5.341,renewables_share
Annual,Renewable energy - transport,Percentage,Greece,2021,4.414,renewables_share
Annual,Renewable energy - transport,Percentage,Greece,2022,4.083,renewables_share
Annual,Renewable energy - transport,Percentage,Greece,2023,3.942,renewables_share
Annual,Renewable energy - transport,Percentage,Greece,2024,3.872,renewables_share
Annual,Renewable energy - transport,Percentage,Spain,2004,1.035,renewables_share
Annual,Renewable energy - transport,Percentage,Spain,2005,1.267,renewables_share
Annual,Renewable energy - transport,Percentage,Spain,2006,0.837,renewables_share
Annual,Renewable energy - transport,Percentage,Spain,2007,1.375,renewables_share
Annual,Renewable energy - transport,Percentage,Spain,2008,2.165,renewables_share
Annual,Renewable energy - transport,Percentage,Spain,2009,3.71,renewables_share
Annual,Renewable energy - transport,Percentage,Spain,2010,5.018,renewables_share
Annual,Renewable energy - transport,Percentage,Spain,2011,0.767,renewables_share
Annual,Renewable energy - transport,Percentage,Spain,2012,0.869,renewables_share
Annual,Renewable energy - transport,Percentage,Spain,2013,0.95,renewables_share
Annual,Renewable energy - transport,Percentage,Spain,2014,1.024,renewables_share
Annual,Renewable energy - transport,Percentage,Spain,2015,1.088,renewables_share
Annual,Renewable energy - transport,Percentage,Spain,2016,5.167,renewables_share
Annual,Renewable energy - transport,Percentage,Spain,2017,5.798,renewables_share
Annual,Renewable energy - transport,Percentage,Spain,2018,6.938,renewables_share
Annual,Renewable energy - transport,Percentage,Spain,2019,7.61,renewables_share
Annual,Renewable energy - transport,Percentage,Spain,2020,9.528,renewables_share
Annual,Renewable energy - transport,Percentage,Spain,2021,9.207,renewables_share
Annual,Renewable energy - transport,Percentage,Spain,2022,9.683,renewables_share
Annual,Renewable energy - transport,Percentage,Spain,2023,11.96,renewables_share
Annual,Renewable energy - transport,Percentage,Spain,2024,11.298,renewables_share
Annual,Renewable energy - transport,Percentage,France,2004,0.783,renewables_share
Annual,Renewable energy - transport,Percentage,France,2005,0.784,renewables_share
Annual,Renewable energy - transport,Percentage,France,2006,0.792,renewables_share
Annual,Renewable energy - transport,Percentage,France,2007,0.828,renewables_share
Annual,Renewable energy - transport,Percentage,France,2008,6.245,renewables_share
Annual,Renewable energy - transport,Percentage,France,2009,6.649,renewables_share
Annual,Renewable energy - transport,Percentage,France,2010,6.577,renewables_share
Annual,Renewable energy - transport,Percentage,France,2011,0.987,renewables_share
Annual,Renewable energy - transport,Percentage,France,2012,7.414,renewables_share
Annual,Renewable energy - transport,Percentage,France,2013,7.6,renewables_share
Annual,Renewable energy - transport,Percentage,France,2014,8.249,renewables_share
Annual,Renewable energy - transport,Percentage,France,2015,8.366,renewables_share
Annual,Renewable energy - transport,Percentage,France,2016,8.405,renewables_share
Annual,Renewable energy - transport,Percentage,France,2017,8.765,renewables_share
Annual,Renewable energy - transport,Percentage,France,2018,8.963,renewables_share
Annual,Renewable energy - transport,Percentage,France,2019,9.248,renewables_share
Annual,Renewable energy - transport,Percentage,France,2020,9.207,renewables_share
Annual,Renewable energy - transport,Percentage,France,2021,8.114,renewables_share
Annual,Renewable energy - transport,Percentage,France,2022,8.941,renewables_share
Annual,Renewable energy - transport,Percentage,France,2023,9.944,renewables_share
Annual,Renewable energy - transport,Percentage,France,2024,10.788,renewables_share
Annual,Renewable energy - transport,Percentage,Croatia,2004,0.995,renewables_share
Annual,Renewable energy - transport,Percentage,Croatia,2005,1.025,renewables_share
Annual,Renewable energy - transport,Percentage,Croatia,2006,1.005,renewables_share
Annual,Renewable energy - transport,Percentage,Croatia,2007,1.121,renewables_share
Annual,Renewable energy - transport,Percentage,Croatia,2008,1.072,renewables_share
Annual,Renewable energy - transport,Percentage,Croatia,2009,1.291,renewables_share
Annual,Renewable energy - transport,Percentage,Croatia,2010,1.123,renewables_share
Annual,Renewable energy - transport,Percentage,Croatia,2011,1.029,renewables_share
Annual,Renewable energy - transport,Percentage,Croatia,2012,1.049,renewables_share
Annual,Renewable energy - transport,Percentage,Croatia,2013,2.715,renewables_share
Annual,Renewable energy - transport,Percentage,Croatia,2014,2.652,renewables_share
Annual,Renewable energy - transport,Percentage,Croatia,2015,2.361,renewables_share
Annual,Renewable energy - transport,Percentage,Croatia,2016,1.218,renewables_share
Annual,Renewable energy - transport,Percentage,Croatia,2017,1.174,renewables_share
Annual,Renewable energy - transport,Percentage,Croatia,2018,2.582,renewables_share
Annual,Renewable energy - transport,Percentage,Croatia,2019,5.855,renewables_share
Annual,Renewable energy - transport,Percentage,Croatia,2020,6.593,renewables_share
Annual,Renewable energy - transport,Percentage,Croatia,2021,6.985,renewables_share
Annual,Renewable energy - transport,Percentage,Croatia,2022,2.395,renewables_share
Annual,Renewable energy - transport,Percentage,Croatia,2023,0.919,renewables_share
Annual,Renewable energy - transport,Percentage,Croatia,2024,0.936,renewables_share
Annual,Renewable energy - transport,Percentage,Italy,2004,1.213,renewables_share
Annual,Renewable energy - transport,Percentage,Italy,2005,1.048,renewables_share
Annual,Renewable energy - transport,Percentage,Italy,2006,0.995,renewables_share
Annual,Renewable energy - transport,Percentage,Italy,2007,0.964,renewables_share
Annual,Renewable energy - transport,Percentage,Italy,2008,2.616,renewables_share
Annual,Renewable energy - transport,Percentage,Italy,2009,3.999,renewables_share
Annual,Renewable energy - transport,Percentage,Italy,2010,4.916,renewables_share
Annual,Renewable energy - transport,Percentage,Italy,2011,5.06,renewables_share
Annual,Renewable energy - transport,Percentage,Italy,2012,6.155,renewables_share
Annual,Renewable energy - transport,Percentage,Italy,2013,5.411,renewables_share
Annual,Renewable energy - transport,Percentage,Italy,2014,5.02,renewables_share
Annual,Renewable energy - transport,Percentage,Italy,2015,6.505,renewables_share
Annual,Renewable energy - transport,Percentage,Italy,2016,7.414,renewables_share
Annual,Renewable energy - transport,Percentage,Italy,2017,6.484,renewables_share
Annual,Renewable energy - transport,Percentage,Italy,2018,7.659,renewables_share
Annual,Renewable energy - transport,Percentage,Italy,2019,9.047,renewables_share
Annual,Renewable energy - transport,Percentage,Italy,2020,10.736,renewables_share
Annual,Renewable energy - transport,Percentage,Italy,2021,9.87,renewables_share
Annual,Renewable energy - transport,Percentage,Italy,2022,10.048,renewables_share
Annual,Renewable energy - transport,Percentage,Italy,2023,10.435,renewables_share
Annual,Renewable energy - transport,Percentage,Italy,2024,9.951,renewables_share
Annual,Renewable energy - transport,Percentage,Cyprus,2004,0.0,renewables_share
Annual,Renewable energy - transport,Percentage,Cyprus,2005,0.0,renewables_share
Annual,Renewable energy - transport,Percentage,Cyprus,2006,0.0,renewables_share
Annual,Renewable energy - transport,Percentage,Cyprus,2007,0.0,renewables_share
Annual,Renewable energy - transport,Percentage,Cyprus,2008,1.921,renewables_share
Annual,Renewable energy - transport,Percentage,Cyprus,2009,2.036,renewables_share
Annual,Renewable energy - transport,Percentage,Cyprus,2010,1.994,renewables_share
Annual,Renewable energy - transport,Percentage,Cyprus,2011,0.0,renewables_share
Annual,Renewable energy - transport,Percentage,Cyprus,2012,0.0,renewables_share
Annual,Renewable energy - transport,Percentage,Cyprus,2013,1.127,renewables_share
Annual,Renewable energy - transport,Percentage,Cyprus,2014,2.68,renewables_share
Annual,Renewable energy - transport,Percentage,Cyprus,2015,2.521,renewables_share
Annual,Renewable energy - transport,Percentage,Cyprus,2016,2.671,renewables_share
Annual,Renewable energy - transport,Percentage,Cyprus,2017,2.561,renewables_share
Annual,Renewable energy - transport,Percentage,Cyprus,2018,2.661,renewables_share
Annual,Renewable energy - transport,Percentage,Cyprus,2019,3.316,renewables_share
Annual,Renewable energy - transport,Percentage,Cyprus,2020,7.401,renewables_share
Annual,Renewable energy - transport,Percentage,Cyprus,2021,7.189,renewables_share
Annual,Renewable energy - transport,Percentage,Cyprus,2022,7.228,renewables_share
Annual,Renewable energy - transport,Percentage,Cyprus,2023,7.285,renewables_share
Annual,Renewable energy - transport,Percentage,Cyprus,2024,7.389,renewables_share
Annual,Renewable energy - transport,Percentage,Latvia,2004,2.139,renewables_share
Annual,Renewable energy - transport,Percentage,Latvia,2005,2.389,renewables_share
Annual,Renewable energy - transport,Percentage,Latvia,2006,2.165,renewables_share
Annual,Renewable energy - transport,Percentage,Latvia,2007,1.666,renewables_share
Annual,Renewable energy - transport,Percentage,Latvia,2008,1.688,renewables_share
Annual,Renewable energy - transport,Percentage,Latvia,2009,1.888,renewables_share
Annual,Renewable energy - transport,Percentage,Latvia,2010,3.978,renewables_share
Annual,Renewable energy - transport,Percentage,Latvia,2011,4.09,renewables_share
Annual,Renewable energy - transport,Percentage,Latvia,2012,3.995,renewables_share
Annual,Renewable energy - transport,Percentage,Latvia,2013,4.029,renewables_share
Annual,Renewable energy - transport,Percentage,Latvia,2014,4.075,renewables_share
Annual,Renewable energy - transport,Percentage,Latvia,2015,3.639,renewables_share
Annual,Renewable energy - transport,Percentage,Latvia,2016,2.449,renewables_share
Annual,Renewable energy - transport,Percentage,Latvia,2017,2.27,renewables_share
Annual,Renewable energy - transport,Percentage,Latvia,2018,4.729,renewables_share
Annual,Renewable energy - transport,Percentage,Latvia,2019,4.554,renewables_share
Annual,Renewable energy - transport,Percentage,Latvia,2020,6.733,renewables_share
Annual,Renewable energy - transport,Percentage,Latvia,2021,6.436,renewables_share
Annual,Renewable energy - transport,Percentage,Latvia,2022,3.123,renewables_share
Annual,Renewable energy - transport,Percentage,Latvia,2023,1.358,renewables_share
Annual,Renewable energy - transport,Percentage,Latvia,2024,8.78,renewables_share
Annual,Renewable energy - transport,Percentage,Lithuania,2004,0.446,renewables_share
Annual,Renewable energy - transport,Percentage,Lithuania,2005,0.657,renewables_share
Annual,Renewable energy - transport,Percentage,Lithuania,2006,1.905,renewables_share
Annual,Renewable energy - transport,Percentage,Lithuania,2007,3.821,renewables_share
Annual,Renewable energy - transport,Percentage,Lithuania,2008,4.318,renewables_share
Annual,Renewable energy - transport,Percentage,Lithuania,2009,4.481,renewables_share
Annual,Renewable energy - transport,Percentage,Lithuania,2010,3.794,renewables_share
Annual,Renewable energy - transport,Percentage,Lithuania,2011,3.828,renewables_share
Annual,Renewable energy - transport,Percentage,Lithuania,2012,4.973,renewables_share
Annual,Renewable energy - transport,Percentage,Lithuania,2013,4.835,renewables_share
Annual,Renewable energy - transport,Percentage,Lithuania,2014,4.355,renewables_share
Annual,Renewable energy - transport,Percentage,Lithuania,2015,4.582,renewables_share
Annual,Renewable energy - transport,Percentage,Lithuania,2016,3.649,renewables_share
Annual,Renewable energy - transport,Percentage,Lithuania,2017,4.3,renewables_share
Annual,Renewable energy - transport,Percentage,Lithuania,2018,4.333,renewables_share
Annual,Renewable energy - transport,Percentage,Lithuania,2019,4.049,renewables_share
Annual,Renewable energy - transport,Percentage,Lithuania,2020,5.511,renewables_share
Annual,Renewable energy - transport,Percentage,Lithuania,2021,6.467,renewables_share
Annual,Renewable energy - transport,Percentage,Lithuania,2022,6.682,renewables_share
Annual,Renewable energy - transport,Percentage,Lithuania,2023,7.231,renewables_share
Annual,Renewable energy - transport,Percentage,Lithuania,2024,8.983,renewables_share
Annual,Renewable energy - transport,Percentage,Luxembourg,2004,0.138,renewables_share
Annual,Renewable energy - transport,Percentage,Luxembourg,2005,0.159,renewables_share
Annual,Renewable energy - transport,Percentage,Luxembourg,2006,0.189,renewables_share
Annual,Renewable energy - transport,Percentage,Luxembourg,2007,2.203,renewables_share
Annual,Renewable energy - transport,Percentage,Luxembourg,2008,2.173,renewables_share
Annual,Renewable energy - transport,Percentage,Luxembourg,2009,2.233,renewables_share
Annual,Renewable energy - transport,Percentage,Luxembourg,2010,2.093,renewables_share
Annual,Renewable energy - transport,Percentage,Luxembourg,2011,2.36,renewables_share
Annual,Renewable energy - transport,Percentage,Luxembourg,2012,2.827,renewables_share
Annual,Renewable energy - transport,Percentage,Luxembourg,2013,4.074,renewables_share
Annual,Renewable energy - transport,Percentage,Luxembourg,2014,5.55,renewables_share
Annual,Renewable energy - transport,Percentage,Luxembourg,2015,6.7,renewables_share
Annual,Renewable energy - transport,Percentage,Luxembourg,2016,5.965,renewables_share
Annual,Renewable energy - transport,Percentage,Luxembourg,2017,6.478,renewables_share
Annual,Renewable energy - transport,Percentage,Luxembourg,2018,6.596,renewables_share
Annual,Renewable energy - transport,Percentage,Luxembourg,2019,7.707,renewables_share
Annual,Renewable energy - transport,Percentage,Luxembourg,2020,12.581,renewables_share
Annual,Renewable energy - transport,Percentage,Luxembourg,2021,7.968,renewables_share
Annual,Renewable energy - transport,Percentage,Luxembourg,2022,8.71,renewables_share
Annual,Renewable energy - transport,Percentage,Luxembourg,2023,9.118,renewables_share
Annual,Renewable energy - transport,Percentage,Luxembourg,2024,9.456,renewables_share
Annual,Renewable energy - transport,Percentage,Hungary,2004,1.016,renewables_share
Annual,Renewable energy - transport,Percentage,Hungary,2005,1.006,renewables_share
Annual,Renewable energy - transport,Percentage,Hungary,2006,1.217,renewables_share
Annual,Renewable energy - transport,Percentage,Hungary,2007,1.633,renewables_share
Annual,Renewable energy - transport,Percentage,Hungary,2008,5.183,renewables_share
Annual,Renewable energy - transport,Percentage,Hungary,2009,5.887,renewables_share
Annual,Renewable energy - transport,Percentage,Hungary,2010,6.163,renewables_share
Annual,Renewable energy - transport,Percentage,Hungary,2011,6.174,renewables_share
Annual,Renewable energy - transport,Percentage,Hungary,2012,5.998,renewables_share
Annual,Renewable energy - transport,Percentage,Hungary,2013,6.341,renewables_share
Annual,Renewable energy - transport,Percentage,Hungary,2014,7.001,renewables_share
Annual,Renewable energy - transport,Percentage,Hungary,2015,7.169,renewables_share
Annual,Renewable energy - transport,Percentage,Hungary,2016,7.768,renewables_share
Annual,Renewable energy - transport,Percentage,Hungary,2017,7.731,renewables_share
Annual,Renewable energy - transport,Percentage,Hungary,2018,7.746,renewables_share
Annual,Renewable energy - transport,Percentage,Hungary,2019,8.057,renewables_share
Annual,Renewable energy - transport,Percentage,Hungary,2020,11.571,renewables_share
Annual,Renewable energy - transport,Percentage,Hungary,2021,6.165,renewables_share
Annual,Renewable energy - transport,Percentage,Hungary,2022,7.77,renewables_share
Annual,Renewable energy - transport,Percentage,Hungary,2023,7.575,renewables_share
Annual,Renewable energy - transport,Percentage,Hungary,2024,7.918,renewables_share
Annual,Renewable energy - transport,Percentage,Malta,2004,0.0,renewables_share
Annual,Renewable energy - transport,Percentage,Malta,2005,0.0,renewables_share
Annual,Renewable energy - transport,Percentage,Malta,2006,0.0,renewables_share
Annual,Renewable energy - transport,Percentage,Malta,2007,0.0,renewables_share
Annual,Renewable energy - transport,Percentage,Malta,2008,0.0,renewables_share
Annual,Renewable energy - transport,Percentage,Malta,2009,0.0,renewables_share
Annual,Renewable energy - transport,Percentage,Malta,2010,0.0,renewables_share
Annual,Renewable energy - transport,Percentage,Malta,2011,2.016,renewables_share
Annual,Renewable energy - transport,Percentage,Malta,2012,3.216,renewables_share
Annual,Renewable energy - transport,Percentage,Malta,2013,3.484,renewables_share
Annual,Renewable energy - transport,Percentage,Malta,2014,4.667,renewables_share
Annual,Renewable energy - transport,Percentage,Malta,2015,4.679,renewables_share
Annual,Renewable energy - transport,Percentage,Malta,2016,5.269,renewables_share
Annual,Renewable energy - transport,Percentage,Malta,2017,6.826,renewables_share
Annual,Renewable energy - transport,Percentage,Malta,2018,8.019,renewables_share
Annual,Renewable energy - transport,Percentage,Malta,2019,8.902,renewables_share
Annual,Renewable energy - transport,Percentage,Malta,2020,10.586,renewables_share
Annual,Renewable energy - transport,Percentage,Malta,2021,10.516,renewables_share
Annual,Renewable energy - transport,Percentage,Malta,2022,10.473,renewables_share
Annual,Renewable energy - transport,Percentage,Malta,2023,10.748,renewables_share
Annual,Renewable energy - transport,Percentage,Malta,2024,11.351,renewables_share
Annual,Renewable energy - transport,Percentage,Netherlands,2004,0.515,renewables_share
Annual,Renewable energy - transport,Percentage,Netherlands,2005,0.499,renewables_share
Annual,Renewable energy - transport,Percentage,Netherlands,2006,0.85,renewables_share
Annual,Renewable energy - transport,Percentage,Netherlands,2007,3.182,renewables_share
Annual,Renewable energy - transport,Percentage,Netherlands,2008,2.981,renewables_share
Annual,Renewable energy - transport,Percentage,Netherlands,2009,4.57,renewables_share
Annual,Renewable energy - transport,Percentage,Netherlands,2010,3.397,renewables_share
Annual,Renewable energy - transport,Percentage,Netherlands,2011,5.068,renewables_share
Annual,Renewable energy - transport,Percentage,Netherlands,2012,5.217,renewables_share
Annual,Renewable energy - transport,Percentage,Netherlands,2013,5.343,renewables_share
Annual,Renewable energy - transport,Percentage,Netherlands,2014,6.562,renewables_share
Annual,Renewable energy - transport,Percentage,Netherlands,2015,5.597,renewables_share
Annual,Renewable energy - transport,Percentage,Netherlands,2016,4.761,renewables_share
Annual,Renewable energy - transport,Percentage,Netherlands,2017,5.842,renewables_share
Annual,Renewable energy - transport,Percentage,Netherlands,2018,9.483,renewables_share
Annual,Renewable energy - transport,Percentage,Netherlands,2019,12.326,renewables_share
Annual,Renewable energy - transport,Percentage,Netherlands,2020,12.631,renewables_share
Annual,Renewable energy - transport,Percentage,Netherlands,2021,9.279,renewables_share
Annual,Renewable energy - transport,Percentage,Netherlands,2022,11.163,renewables_share
Annual,Renewable energy - transport,Percentage,Netherlands,2023,13.51,renewables_share
Annual,Renewable energy - transport,Percentage,Netherlands,2024,19.746,renewables_share
Annual,Renewable energy - transport,Percentage,Austria,2004,4.532,renewables_share
Annual,Renewable energy - transport,Percentage,Austria,2005,5.07,renewables_share
Annual,Renewable energy - transport,Percentage,Austria,2006,7.532,renewables_share
Annual,Renewable energy - transport,Percentage,Austria,2007,8.241,renewables_share
Annual,Renewable energy - transport,Percentage,Austria,2008,9.56,renewables_share
Annual,Renewable energy - transport,Percentage,Austria,2009,11.175,renewables_share
Annual,Renewable energy - transport,Percentage,Austria,2010,10.705,renewables_share
Annual,Renewable energy - transport,Percentage,Austria,2011,10.077,renewables_share
Annual,Renewable energy - transport,Percentage,Austria,2012,10.031,renewables_share
Annual,Renewable energy - transport,Percentage,Austria,2013,9.695,renewables_share
Annual,Renewable energy - transport,Percentage,Austria,2014,10.983,renewables_share
Annual,Renewable energy - transport,Percentage,Austria,2015,11.409,renewables_share
Annual,Renewable energy - transport,Percentage,Austria,2016,10.583,renewables_share
Annual,Renewable energy - transport,Percentage,Austria,2017,9.703,renewables_share
Annual,Renewable energy - transport,Percentage,Austria,2018,9.931,renewables_share
Annual,Renewable energy - transport,Percentage,Austria,2019,10.051,renewables_share
Annual,Renewable energy - transport,Percentage,Austria,2020,10.283,renewables_share
Annual,Renewable energy - transport,Percentage,Austria,2021,9.648,renewables_share
Annual,Renewable energy - transport,Percentage,Austria,2022,10.751,renewables_share
Annual,Renewable energy - transport,Percentage,Austria,2023,13.576,renewables_share
Annual,Renewable energy - transport,Percentage,Austria,2024,14.591,renewables_share
Annual,Renewable energy - transport,Percentage,Poland,2004,1.581,renewables_share
Annual,Renewable energy - transport,Percentage,Poland,2005,1.746,renewables_share
Annual,Renewable energy - transport,Percentage,Poland,2006,1.817,renewables_share
Annual,Renewable energy - transport,Percentage,Poland,2007,1.746,renewables_share
Annual,Renewable energy - transport,Percentage,Poland,2008,4.143,renewables_share
Annual,Renewable energy - transport,Percentage,Poland,2009,5.408,renewables_share
Annual,Renewable energy - transport,Percentage,Poland,2010,6.64,renewables_share
Annual,Renewable energy - transport,Percentage,Poland,2011,6.918,renewables_share
Annual,Renewable energy - transport,Percentage,Poland,2012,6.533,renewables_share
Annual,Renewable energy - transport,Percentage,Poland,2013,6.666,renewables_share
Annual,Renewable energy - transport,Percentage,Poland,2014,6.319,renewables_share
Annual,Renewable energy - transport,Percentage,Poland,2015,5.686,renewables_share
Annual,Renewable energy - transport,Percentage,Poland,2016,3.974,renewables_share
Annual,Renewable energy - transport,Percentage,Poland,2017,4.232,renewables_share
Annual,Renewable energy - transport,Percentage,Poland,2018,5.72,renewables_share
Annual,Renewable energy - transport,Percentage,Poland,2019,6.2,renewables_share
Annual,Renewable energy - transport,Percentage,Poland,2020,6.575,renewables_share
Annual,Renewable energy - transport,Percentage,Poland,2021,5.674,renewables_share
Annual,Renewable energy - transport,Percentage,Poland,2022,5.791,renewables_share
Annual,Renewable energy - transport,Percentage,Poland,2023,6.339,renewables_share
Annual,Renewable energy - transport,Percentage,Poland,2024,6.033,renewables_share
Annual,Renewable energy - transport,Percentage,Portugal,2004,0.424,renewables_share
Annual,Renewable energy - transport,Percentage,Portugal,2005,0.45,renewables_share
Annual,Renewable energy - transport,Percentage,Portugal,2006,1.631,renewables_share
Annual,Renewable energy - transport,Percentage,Portugal,2007,2.433,renewables_share
Annual,Renewable energy - transport,Percentage,Portugal,2008,2.515,renewables_share
Annual,Renewable energy - transport,Percentage,Portugal,2009,3.885,renewables_share
Annual,Renewable energy - transport,Percentage,Portugal,2010,5.548,renewables_share
Annual,Renewable energy - transport,Percentage,Portugal,2011,0.695,renewables_share
Annual,Renewable energy - transport,Percentage,Portugal,2012,0.807,renewables_share
Annual,Renewable energy - transport,Percentage,Portugal,2013,0.925,renewables_share
Annual,Renewable energy - transport,Percentage,Portugal,2014,3.667,renewables_share
Annual,Renewable energy - transport,Percentage,Portugal,2015,7.431,renewables_share
Annual,Renewable energy - transport,Percentage,Portugal,2016,7.647,renewables_share
Annual,Renewable energy - transport,Percentage,Portugal,2017,7.914,renewables_share
Annual,Renewable energy - transport,Percentage,Portugal,2018,9.037,renewables_share
Annual,Renewable energy - transport,Percentage,Portugal,2019,9.089,renewables_share
Annual,Renewable energy - transport,Percentage,Portugal,2020,9.701,renewables_share
Annual,Renewable energy - transport,Percentage,Portugal,2021,8.611,renewables_share
Annual,Renewable energy - transport,Percentage,Portugal,2022,8.706,renewables_share
Annual,Renewable energy - transport,Percentage,Portugal,2023,11.162,renewables_share
Annual,Renewable energy - transport,Percentage,Portugal,2024,14.329,renewables_share
Annual,Renewable energy - transport,Percentage,Romania,2004,1.819,renewables_share
Annual,Renewable energy - transport,Percentage,Romania,2005,1.872,renewables_share
Annual,Renewable energy - transport,Percentage,Romania,2006,1.538,renewables_share
Annual,Renewable energy - transport,Percentage,Romania,2007,1.641,renewables_share
Annual,Renewable energy - transport,Percentage,Romania,2008,1.345,renewables_share
Annual,Renewable energy - transport,Percentage,Romania,2009,1.297,renewables_share
Annual,Renewable energy - transport,Percentage,Romania,2010,1.366,renewables_share
Annual,Renewable energy - transport,Percentage,Romania,2011,5.535,renewables_share
Annual,Renewable energy - transport,Percentage,Romania,2012,4.962,renewables_share
Annual,Renewable energy - transport,Percentage,Romania,2013,5.445,renewables_share
Annual,Renewable energy - transport,Percentage,Romania,2014,4.675,renewables_share
Annual,Renewable energy - transport,Percentage,Romania,2015,5.488,renewables_share
Annual,Renewable energy - transport,Percentage,Romania,2016,6.169,renewables_share
Annual,Renewable energy - transport,Percentage,Romania,2017,6.558,renewables_share
Annual,Renewable energy - transport,Percentage,Romania,2018,6.342,renewables_share
Annual,Renewable energy - transport,Percentage,Romania,2019,7.846,renewables_share
Annual,Renewable energy - transport,Percentage,Romania,2020,8.54,renewables_share
Annual,Renewable energy - transport,Percentage,Romania,2021,8.917,renewables_share
Annual,Renewable energy - transport,Percentage,Romania,2022,8.924,renewables_share
Annual,Renewable energy - transport,Percentage,Romania,2023,8.39,renewables_share
Annual,Renewable energy - transport,Percentage,Romania,2024,8.395,renewables_share
Annual,Renewable energy - transport,Percentage,Slovenia,2004,0.85,renewables_share
Annual,Renewable energy - transport,Percentage,Slovenia,2005,0.831,renewables_share
Annual,Renewable energy - transport,Percentage,Slovenia,2006,1.056,renewables_share
Annual,Renewable energy - transport,Percentage,Slovenia,2007,1.473,renewables_share
Annual,Renewable energy - transport,Percentage,Slovenia,2008,1.773,renewables_share
Annual,Renewable energy - transport,Percentage,Slovenia,2009,2.251,renewables_share
Annual,Renewable energy - transport,Percentage,Slovenia,2010,3.118,renewables_share
Annual,Renewable energy - transport,Percentage,Slovenia,2011,2.477,renewables_share
Annual,Renewable energy - transport,Percentage,Slovenia,2012,3.252,renewables_share
Annual,Renewable energy - transport,Percentage,Slovenia,2013,3.769,renewables_share
Annual,Renewable energy - transport,Percentage,Slovenia,2014,2.876,renewables_share
Annual,Renewable energy - transport,Percentage,Slovenia,2015,2.242,renewables_share
Annual,Renewable energy - transport,Percentage,Slovenia,2016,1.601,renewables_share
Annual,Renewable energy - transport,Percentage,Slovenia,2017,2.571,renewables_share
Annual,Renewable energy - transport,Percentage,Slovenia,2018,5.48,renewables_share
Annual,Renewable energy - transport,Percentage,Slovenia,2019,7.983,renewables_share
Annual,Renewable energy - transport,Percentage,Slovenia,2020,10.911,renewables_share
Annual,Renewable energy - transport,Percentage,Slovenia,2021,10.642,renewables_share
Annual,Renewable energy - transport,Percentage,Slovenia,2022,7.828,renewables_share
Annual,Renewable energy - transport,Percentage,Slovenia,2023,10.021,renewables_share
Annual,Renewable energy - transport,Percentage,Slovenia,2024,9.242,renewables_share
Annual,Renewable energy - transport,Percentage,Slovakia,2004,1.5,renewables_share
Annual,Renewable energy - transport,Percentage,Slovakia,2005,1.66,renewables_share
Annual,Renewable energy - transport,Percentage,Slovakia,2006,3.295,renewables_share
Annual,Renewable energy - transport,Percentage,Slovakia,2007,3.994,renewables_share
Annual,Renewable energy - transport,Percentage,Slovakia,2008,4.278,renewables_share
Annual,Renewable energy - transport,Percentage,Slovakia,2009,5.364,renewables_share
Annual,Renewable energy - transport,Percentage,Slovakia,2010,5.292,renewables_share
Annual,Renewable energy - transport,Percentage,Slovakia,2011,5.727,renewables_share
Annual,Renewable energy - transport,Percentage,Slovakia,2012,5.596,renewables_share
Annual,Renewable energy - transport,Percentage,Slovakia,2013,6.212,renewables_share
Annual,Renewable energy - transport,Percentage,Slovakia,2014,7.951,renewables_share
Annual,Renewable energy - transport,Percentage,Slovakia,2015,8.631,renewables_share
Annual,Renewable energy - transport,Percentage,Slovakia,2016,7.765,renewables_share
Annual,Renewable energy - transport,Percentage,Slovakia,2017,6.95,renewables_share
Annual,Renewable energy - transport,Percentage,Slovakia,2018,6.988,renewables_share
Annual,Renewable energy - transport,Percentage,Slovakia,2019,8.308,renewables_share
Annual,Renewable energy - transport,Percentage,Slovakia,2020,9.259,renewables_share
Annual,Renewable energy - transport,Percentage,Slovakia,2021,8.755,renewables_share
Annual,Renewable energy - transport,Percentage,Slovakia,2022,8.931,renewables_share
Annual,Renewable energy - transport,Percentage,Slovakia,2023,9.182,renewables_share
Annual,Renewable energy - transport,Percentage,Slovakia,2024,9.611,renewables_share
Annual,Renewable energy - transport,Percentage,Finland,2004,1.01,renewables_share
Annual,Renewable energy - transport,Percentage,Finland,2005,0.91,renewables_share
Annual,Renewable energy - transport,Percentage,Finland,2006,0.956,renewables_share
Annual,Renewable energy - transport,Percentage,Finland,2007,1.025,renewables_share
Annual,Renewable energy - transport,Percentage,Finland,2008,2.909,renewables_share
Annual,Renewable energy - transport,Percentage,Finland,2009,4.556,renewables_share
Annual,Renewable energy - transport,Percentage,Finland,2010,4.386,renewables_share
Annual,Renewable energy - transport,Percentage,Finland,2011,1.004,renewables_share
Annual,Renewable energy - transport,Percentage,Finland,2012,1.049,renewables_share
Annual,Renewable energy - transport,Percentage,Finland,2013,10.665,renewables_share
Annual,Renewable energy - transport,Percentage,Finland,2014,24.124,renewables_share
Annual,Renewable energy - transport,Percentage,Finland,2015,24.567,renewables_share
Annual,Renewable energy - transport,Percentage,Finland,2016,8.816,renewables_share
Annual,Renewable energy - transport,Percentage,Finland,2017,18.679,renewables_share
Annual,Renewable energy - transport,Percentage,Finland,2018,14.772,renewables_share
Annual,Renewable energy - transport,Percentage,Finland,2019,14.845,renewables_share
Annual,Renewable energy - transport,Percentage,Finland,2020,14.31,renewables_share
Annual,Renewable energy - transport,Percentage,Finland,2021,20.298,renewables_share
Annual,Renewable energy - transport,Percentage,Finland,2022,18.535,renewables_share
Annual,Renewable energy - transport,Percentage,Finland,2023,20.299,renewables_share
Annual,Renewable energy - transport,Percentage,Finland,2024,20.331,renewables_share
Annual,Renewable energy - transport,Percentage,Sweden,2004,6.288,renewables_share
Annual,Renewable energy - transport,Percentage,Sweden,2005,6.596,renewables_share
Annual,Renewable energy - transport,Percentage,Sweden,2006,7.509,renewables_share
Annual,Renewable energy - transport,Percentage,Sweden,2007,8.421,renewables_share
Annual,Renewable energy - transport,Percentage,Sweden,2008,8.693,renewables_share
Annual,Renewable energy - transport,Percentage,Sweden,2009,9.356,renewables_share
Annual,Renewable energy - transport,Percentage,Sweden,2010,9.627,renewables_share
Annual,Renewable energy - transport,Percentage,Sweden,2011,11.938,renewables_share
Annual,Renewable energy - transport,Percentage,Sweden,2012,13.777,renewables_share
Annual,Renewable energy - transport,Percentage,Sweden,2013,15.315,renewables_share
Annual,Renewable energy - transport,Percentage,Sweden,2014,18.831,renewables_share
Annual,Renewable energy - transport,Percentage,Sweden,2015,21.49,renewables_share
Annual,Renewable energy - transport,Percentage,Sweden,2016,26.56,renewables_share
Annual,Renewable energy - transport,Percentage,Sweden,2017,26.842,renewables_share
Annual,Renewable energy - transport,Percentage,Sweden,2018,29.696,renewables_share
Annual,Renewable energy - transport,Percentage,Sweden,2019,30.309,renewables_share
Annual,Renewable energy - transport,Percentage,Sweden,2020,31.854,renewables_share
Annual,Renewable energy - transport,Percentage,Sweden,2021,28.677,renewables_share
Annual,Renewable energy - transport,Percentage,Sweden,2022,28.841,renewables_share
Annual,Renewable energy - transport,Percentage,Sweden,2023,33.645,renewables_share
Annual,Renewable energy - transport,Percentage,Sweden,2024,26.399,renewables_share
Annual,Renewable energy - transport,Percentage,Iceland,2004,0.0,renewables_share
Annual,Renewable energy - transport,Percentage,Iceland,2005,0.0,renewables_share
Annual,Renewable energy - transport,Percentage,Iceland,2006,0.0,renewables_share
Annual,Renewable energy - transport,Percentage,Iceland,2007,0.072,renewables_share
Annual,Renewable energy - transport,Percentage,Iceland,2008,0.107,renewables_share
Annual,Renewable energy - transport,Percentage,Iceland,2009,0.135,renewables_share
Annual,Renewable energy - transport,Percentage,Iceland,2010,0.194,renewables_share
Annual,Renewable energy - transport,Percentage,Iceland,2011,0.872,renewables_share
Annual,Renewable energy - transport,Percentage,Iceland,2012,1.338,renewables_share
Annual,Renewable energy - transport,Percentage,Iceland,2013,2.039,renewables_share
Annual,Renewable energy - transport,Percentage,Iceland,2014,2.256,renewables_share
Annual,Renewable energy - transport,Percentage,Iceland,2015,6.095,renewables_share
Annual,Renewable energy - transport,Percentage,Iceland,2016,6.297,renewables_share
Annual,Renewable energy - transport,Percentage,Iceland,2017,6.999,renewables_share
Annual,Renewable energy - transport,Percentage,Iceland,2018,8.396,renewables_share
Annual,Renewable energy - transport,Percentage,Iceland,2019,9.292,renewables_share
Annual,Renewable energy - transport,Percentage,Iceland,2020,11.959,renewables_share
Annual,Renewable energy - transport,Percentage,Iceland,2021,12.562,renewables_share
Annual,Renewable energy - transport,Percentage,Iceland,2022,13.666,renewables_share
Annual,Renewable energy - transport,Percentage,Iceland,2023,15.7,renewables_share
Annual,Renewable energy - transport,Percentage,Iceland,2024,11.194,renewables_share
Annual,Renewable energy - transport,Percentage,Norway,2004,3.095,renewables_share
Annual,Renewable energy - transport,Percentage,Norway,2005,3.074,renewables_share
Annual,Renewable energy - transport,Percentage,Norway,2006,3.314,renewables_share
Annual,Renewable energy - transport,Percentage,Norway,2007,3.742,renewables_share
Annual,Renewable energy - transport,Percentage,Norway,2008,5.294,renewables_share
Annual,Renewable energy - transport,Percentage,Norway,2009,5.569,renewables_share
Annual,Renewable energy - transport,Percentage,Norway,2010,5.391,renewables_share
Annual,Renewable energy - transport,Percentage,Norway,2011,2.683,renewables_share
Annual,Renewable energy - transport,Percentage,Norway,2012,3.007,renewables_share
Annual,Renewable energy - transport,Percentage,Norway,2013,3.19,renewables_share
Annual,Renewable energy - transport,Percentage,Norway,2014,6.156,renewables_share
Annual,Renewable energy - transport,Percentage,Norway,2015,7.71,renewables_share
Annual,Renewable energy - transport,Percentage,Norway,2016,13.763,renewables_share
Annual,Renewable energy - transport,Percentage,Norway,2017,19.228,renewables_share
Annual,Renewable energy - transport,Percentage,Norway,2018,20.318,renewables_share
Annual,Renewable energy - transport,Percentage,Norway,2019,25.668,renewables_share
Annual,Renewable energy - transport,Percentage,Norway,2020,28.69,renewables_share
Annual,Renewable energy - transport,Percentage,Norway,2021,25.532,renewables_share
Annual,Renewable energy - transport,Percentage,Norway,2022,28.874,renewables_share
Annual,Renewable energy - transport,Percentage,Norway,2023,32.872,renewables_share
Annual,Renewable energy - transport,Percentage,Norway,2024,33.573,renewables_share
Annual,Renewable energy - transport,Percentage,Bosnia and Herzegovina,2004,,renewables_share
Annual,Renewable energy - transport,Percentage,Bosnia and Herzegovina,2005,,renewables_share
Annual,Renewable energy - transport,Percentage,Bosnia and Herzegovina,2006,,renewables_share
Annual,Renewable energy - transport,Percentage,Bosnia and Herzegovina,2007,,renewables_share
Annual,Renewable energy - transport,Percentage,Bosnia and Herzegovina,2008,,renewables_share
Annual,Renewable energy - transport,Percentage,Bosnia and Herzegovina,2009,,renewables_share
Annual,Renewable energy - transport,Percentage,Bosnia and Herzegovina,2010,,renewables_share
Annual,Renewable energy - transport,Percentage,Bosnia and Herzegovina,2011,,renewables_share
Annual,Renewable energy - transport,Percentage,Bosnia and Herzegovina,2012,,renewables_share
Annual,Renewable energy - transport,Percentage,Bosnia and Herzegovina,2013,,renewables_share
Annual,Renewable energy - transport,Percentage,Bosnia and Herzegovina,2014,0.456,renewables_share
Annual,Renewable energy - transport,Percentage,Bosnia and Herzegovina,2015,0.53,renewables_share
Annual,Renewable energy - transport,Percentage,Bosnia and Herzegovina,2016,0.525,renewables_share
Annual,Renewable energy - transport,Percentage,Bosnia and Herzegovina,2017,0.533,renewables_share
Annual,Renewable energy - transport,Percentage,Bosnia and Herzegovina,2018,0.439,renewables_share
Annual,Renewable energy - transport,Percentage,Bosnia and Herzegovina,2019,0.396,renewables_share
Annual,Renewable energy - transport,Percentage,Bosnia and Herzegovina,2020,0.464,renewables_share
Annual,Renewable energy - transport,Percentage,Bosnia and Herzegovina,2021,0.245,renewables_share
Annual,Renewable energy - transport,Percentage,Bosnia and Herzegovina,2022,0.311,renewables_share
Annual,Renewable energy - transport,Percentage,Bosnia and Herzegovina,2023,0.292,renewables_share
Annual,Renewable energy - transport,Percentage,Bosnia and Herzegovina,2024,0.281,renewables_share
Annual,Renewable energy - transport,Percentage,Montenegro,2004,,renewables_share
Annual,Renewable energy - transport,Percentage,Montenegro,2005,0.498,renewables_share
Annual,Renewable energy - transport,Percentage,Montenegro,2006,0.505,renewables_share
Annual,Renewable energy - transport,Percentage,Montenegro,2007,0.996,renewables_share
Annual,Renewable energy - transport,Percentage,Montenegro,2008,0.881,renewables_share
Annual,Renewable energy - transport,Percentage,Montenegro,2009,0.697,renewables_share
Annual,Renewable energy - transport,Percentage,Montenegro,2010,0.787,renewables_share
Annual,Renewable energy - transport,Percentage,Montenegro,2011,0.613,renewables_share
Annual,Renewable energy - transport,Percentage,Montenegro,2012,0.736,renewables_share
Annual,Renewable energy - transport,Percentage,Montenegro,2013,1.097,renewables_share
Annual,Renewable energy - transport,Percentage,Montenegro,2014,1.071,renewables_share
Annual,Renewable energy - transport,Percentage,Montenegro,2015,1.188,renewables_share
Annual,Renewable energy - transport,Percentage,Montenegro,2016,1.102,renewables_share
Annual,Renewable energy - transport,Percentage,Montenegro,2017,0.952,renewables_share
Annual,Renewable energy - transport,Percentage,Montenegro,2018,0.86,renewables_share
Annual,Renewable energy - transport,Percentage,Montenegro,2019,0.865,renewables_share
Annual,Renewable energy - transport,Percentage,Montenegro,2020,0.632,renewables_share
Annual,Renewable energy - transport,Percentage,Montenegro,2021,0.278,renewables_share
Annual,Renewable energy - transport,Percentage,Montenegro,2022,0.346,renewables_share
Annual,Renewable energy - transport,Percentage,Montenegro,2023,0.337,renewables_share
Annual,Renewable energy - transport,Percentage,Montenegro,2024,0.289,renewables_share
Annual,Renewable energy - transport,Percentage,Moldova,2004,15.87,renewables_share
Annual,Renewable energy - transport,Percentage,Moldova,2005,15.87,renewables_share
Annual,Renewable energy - transport,Percentage,Moldova,2006,15.87,renewables_share
Annual,Renewable energy - transport,Percentage,Moldova,2007,16.4,renewables_share
Annual,Renewable energy - transport,Percentage,Moldova,2008,16.89,renewables_share
Annual,Renewable energy - transport,Percentage,Moldova,2009,17.66,renewables_share
Annual,Renewable energy - transport,Percentage,Moldova,2010,0.131,renewables_share
Annual,Renewable energy - transport,Percentage,Moldova,2011,0.148,renewables_share
Annual,Renewable energy - transport,Percentage,Moldova,2012,0.189,renewables_share
Annual,Renewable energy - transport,Percentage,Moldova,2013,0.214,renewables_share
Annual,Renewable energy - transport,Percentage,Moldova,2014,0.177,renewables_share
Annual,Renewable energy - transport,Percentage,Moldova,2015,0.184,renewables_share
Annual,Renewable energy - transport,Percentage,Moldova,2016,0.236,renewables_share
Annual,Renewable energy - transport,Percentage,Moldova,2017,0.32,renewables_share
Annual,Renewable energy - transport,Percentage,Moldova,2018,0.28,renewables_share
Annual,Renewable energy - transport,Percentage,Moldova,2019,0.174,renewables_share
Annual,Renewable energy - transport,Percentage,Moldova,2020,0.179,renewables_share
Annual,Renewable energy - transport,Percentage,Moldova,2021,0.017,renewables_share
Annual,Renewable energy - transport,Percentage,Moldova,2022,0.017,renewables_share
Annual,Renewable energy - transport,Percentage,Moldova,2023,0.022,renewables_share
Annual,Renewable energy - transport,Percentage,Moldova,2024,0.056,renewables_share
Annual,Renewable energy - transport,Percentage,North Macedonia,2004,0.203,renewables_share
Annual,Renewable energy - transport,Percentage,North Macedonia,2005,0.243,renewables_share
Annual,Renewable energy - transport,Percentage,North Macedonia,2006,0.28,renewables_share
Annual,Renewable energy - transport,Percentage,North Macedonia,2007,0.282,renewables_share
Annual,Renewable energy - transport,Percentage,North Macedonia,2008,0.283,renewables_share
Annual,Renewable energy - transport,Percentage,North Macedonia,2009,0.233,renewables_share
Annual,Renewable energy - transport,Percentage,North Macedonia,2010,0.198,renewables_share
Annual,Renewable energy - transport,Percentage,North Macedonia,2011,0.175,renewables_share
Annual,Renewable energy - transport,Percentage,North Macedonia,2012,0.188,renewables_share
Annual,Renewable energy - transport,Percentage,North Macedonia,2013,0.182,renewables_share
Annual,Renewable energy - transport,Percentage,North Macedonia,2014,0.211,renewables_share
Annual,Renewable energy - transport,Percentage,North Macedonia,2015,0.182,renewables_share
Annual,Renewable energy - transport,Percentage,North Macedonia,2016,0.14,renewables_share
Annual,Renewable energy - transport,Percentage,North Macedonia,2017,0.135,renewables_share
Annual,Renewable energy - transport,Percentage,North Macedonia,2018,0.118,renewables_share
Annual,Renewable energy - transport,Percentage,North Macedonia,2019,0.136,renewables_share
Annual,Renewable energy - transport,Percentage,North Macedonia,2020,0.148,renewables_share
Annual,Renewable energy - transport,Percentage,North Macedonia,2021,0.064,renewables_share
Annual,Renewable energy - transport,Percentage,North Macedonia,2022,0.054,renewables_share
Annual,Renewable energy - transport,Percentage,North Macedonia,2023,0.0,renewables_share
Annual,Renewable energy - transport,Percentage,North Macedonia,2024,0.0,renewables_share
Annual,Renewable energy - transport,Percentage,Georgia,2004,,renewables_share
Annual,Renewable energy - transport,Percentage,Georgia,2005,,renewables_share
Annual,Renewable energy - transport,Percentage,Georgia,2006,,renewables_share
Annual,Renewable energy - transport,Percentage,Georgia,2007,,renewables_share
Annual,Renewable energy - transport,Percentage,Georgia,2008,,renewables_share
Annual,Renewable energy - transport,Percentage,Georgia,2009,,renewables_share
Annual,Renewable energy - transport,Percentage,Georgia,2010,,renewables_share
Annual,Renewable energy - transport,Percentage,Georgia,2011,,renewables_share
Annual,Renewable energy - transport,Percentage,Georgia,2012,,renewables_share
Annual,Renewable energy - transport,Percentage,Georgia,2013,,renewables_share
Annual,Renewable energy - transport,Percentage,Georgia,2014,,renewables_share
Annual,Renewable energy - transport,Percentage,Georgia,2015,,renewables_share
Annual,Renewable energy - transport,Percentage,Georgia,2016,,renewables_share
Annual,Renewable energy - transport,Percentage,Georgia,2017,,renewables_share
Annual,Renewable energy - transport,Percentage,Georgia,2018,,renewables_share
Annual,Renewable energy - transport,Percentage,Georgia,2019,,renewables_share
Annual,Renewable energy - transport,Percentage,Georgia,2020,,renewables_share
Annual,Renewable energy - transport,Percentage,Georgia,2021,0.901,renewables_share
Annual,Renewable energy - transport,Percentage,Georgia,2022,1.112,renewables_share
Annual,Renewable energy - transport,Percentage,Georgia,2023,1.076,renewables_share
Annual,Renewable energy - transport,Percentage,Georgia,2024,1.22,renewables_share
Annual,Renewable energy - transport,Percentage,Albania,2004,0.099,renewables_share
Annual,Renewable energy - transport,Percentage,Albania,2005,0.095,renewables_share
Annual,Renewable energy - transport,Percentage,Albania,2006,0.0,renewables_share
Annual,Renewable energy - transport,Percentage,Albania,2007,0.0,renewables_share
Annual,Renewable energy - transport,Percentage,Albania,2008,0.0,renewables_share
Annual,Renewable energy - transport,Percentage,Albania,2009,0.0,renewables_share
Annual,Renewable energy - transport,Percentage,Albania,2010,0.0,renewables_share
Annual,Renewable energy - transport,Percentage,Albania,2011,0.0,renewables_share
Annual,Renewable energy - transport,Percentage,Albania,2012,0.0,renewables_share
Annual,Renewable energy - transport,Percentage,Albania,2013,0.0,renewables_share
Annual,Renewable energy - transport,Percentage,Albania,2014,0.0,renewables_share
Annual,Renewable energy - transport,Percentage,Albania,2015,0.0,renewables_share
Annual,Renewable energy - transport,Percentage,Albania,2016,0.0,renewables_share
Annual,Renewable energy - transport,Percentage,Albania,2017,0.0,renewables_share
Annual,Renewable energy - transport,Percentage,Albania,2018,0.0,renewables_share
Annual,Renewable energy - transport,Percentage,Albania,2019,0.203,renewables_share
Annual,Renewable energy - transport,Percentage,Albania,2020,0.347,renewables_share
Annual,Renewable energy - transport,Percentage,Albania,2021,0.344,renewables_share
Annual,Renewable energy - transport,Percentage,Albania,2022,0.402,renewables_share
Annual,Renewable energy - transport,Percentage,Albania,2023,0.456,renewables_share
Annual,Renewable energy - transport,Percentage,Albania,2024,0.217,renewables_share
Annual,Renewable energy - transport,Percentage,Serbia,2004,0.452,renewables_share
Annual,Renewable energy - transport,Percentage,Serbia,2005,0.445,renewables_share
Annual,Renewable energy - transport,Percentage,Serbia,2006,0.429,renewables_share
Annual,Renewable energy - transport,Percentage,Serbia,2007,0.665,renewables_share
Annual,Renewable energy - transport,Percentage,Serbia,2008,0.677,renewables_share
Annual,Renewable energy - transport,Percentage,Serbia,2009,1.465,renewables_share
Annual,Renewable energy - transport,Percentage,Serbia,2010,0.672,renewables_share
Annual,Renewable energy - transport,Percentage,Serbia,2011,1.879,renewables_share
Annual,Renewable energy - transport,Percentage,Serbia,2012,2.001,renewables_share
Annual,Renewable energy - transport,Percentage,Serbia,2013,1.682,renewables_share
Annual,Renewable energy - transport,Percentage,Serbia,2014,1.166,renewables_share
Annual,Renewable energy - transport,Percentage,Serbia,2015,1.178,renewables_share
Annual,Renewable energy - transport,Percentage,Serbia,2016,1.232,renewables_share
Annual,Renewable energy - transport,Percentage,Serbia,2017,1.208,renewables_share
Annual,Renewable energy - transport,Percentage,Serbia,2018,1.185,renewables_share
Annual,Renewable energy - transport,Percentage,Serbia,2019,1.137,renewables_share
Annual,Renewable energy - transport,Percentage,Serbia,2020,1.174,renewables_share
Annual,Renewable energy - transport,Percentage,Serbia,2021,0.618,renewables_share
Annual,Renewable energy - transport,Percentage,Serbia,2022,0.602,renewables_share
Annual,Renewable energy - transport,Percentage,Serbia,2023,0.599,renewables_share
Annual,Renewable energy - transport,Percentage,Serbia,2024,0.592,renewables_share
Annual,Renewable energy - transport,Percentage,Kosovo*,2004,0.0,renewables_share
Annual,Renewable energy - transport,Percentage,Kosovo*,2005,0.0,renewables_share
Annual,Renewable energy - transport,Percentage,Kosovo*,2006,0.0,renewables_share
Annual,Renewable energy - transport,Percentage,Kosovo*,2007,0.0,renewables_share
Annual,Renewable energy - transport,Percentage,Kosovo*,2008,0.0,renewables_share
Annual,Renewable energy - transport,Percentage,Kosovo*,2009,0.0,renewables_share
Annual,Renewable energy - transport,Percentage,Kosovo*,2010,0.0,renewables_share
Annual,Renewable energy - transport,Percentage,Kosovo*,2011,0.0,renewables_share
Annual,Renewable energy - transport,Percentage,Kosovo*,2012,0.0,renewables_share
Annual,Renewable energy - transport,Percentage,Kosovo*,2013,0.0,renewables_share
Annual,Renewable energy - transport,Percentage,Kosovo*,2014,0.0,renewables_share
Annual,Renewable energy - transport,Percentage,Kosovo*,2015,0.0,renewables_share
Annual,Renewable energy - transport,Percentage,Kosovo*,2016,0.0,renewables_share
Annual,Renewable energy - transport,Percentage,Kosovo*,2017,0.0,renewables_share
Annual,Renewable energy - transport,Percentage,Kosovo*,2018,0.0,renewables_share
Annual,Renewable energy - transport,Percentage,Kosovo*,2019,0.0,renewables_share
Annual,Renewable energy - transport,Percentage,Kosovo*,2020,0.0,renewables_share
Annual,Renewable energy - transport,Percentage,Kosovo*,2021,0.0,renewables_share
Annual,Renewable energy - transport,Percentage,Kosovo*,2022,0.0,renewables_share
Annual,Renewable energy - transport,Percentage,Kosovo*,2023,0.0,renewables_share
Annual,Renewable energy - transport,Percentage,Kosovo*,2024,0.0,renewables_share
Annual,Renewable energy - electricity,Percentage,European Union - 27 countries (from 2020),2004,15.871,renewables_share
Annual,Renewable energy - electricity,Percentage,European Union - 27 countries (from 2020),2005,16.402,renewables_share
Annual,Renewable energy - electricity,Percentage,European Union - 27 countries (from 2020),2006,16.879,renewables_share
Annual,Renewable energy - electricity,Percentage,European Union - 27 countries (from 2020),2007,17.647,renewables_share
Annual,Renewable energy - electricity,Percentage,European Union - 27 countries (from 2020),2008,18.526,renewables_share
Annual,Renewable energy - electricity,Percentage,European Union - 27 countries (from 2020),2009,20.654,renewables_share
Annual,Renewable energy - electricity,Percentage,European Union - 27 countries (from 2020),2010,21.283,renewables_share
Annual,Renewable energy - electricity,Percentage,European Union - 27 countries (from 2020),2011,23.3,renewables_share
Annual,Renewable energy - electricity,Percentage,European Union - 27 countries (from 2020),2012,25.138,renewables_share
Annual,Renewable energy - electricity,Percentage,European Union - 27 countries (from 2020),2013,26.769,renewables_share
Annual,Renewable energy - electricity,Percentage,European Union - 27 countries (from 2020),2014,28.601,renewables_share
Annual,Renewable energy - electricity,Percentage,European Union - 27 countries (from 2020),2015,29.655,renewables_share
Annual,Renewable energy - electricity,Percentage,European Union - 27 countries (from 2020),2016,30.172,renewables_share
Annual,Renewable energy - electricity,Percentage,European Union - 27 countries (from 2020),2017,31.104,renewables_share
Annual,Renewable energy - electricity,Percentage,European Union - 27 countries (from 2020),2018,32.134,renewables_share
Annual,Renewable energy - electricity,Percentage,European Union - 27 countries (from 2020),2019,34.086,renewables_share
Annual,Renewable energy - electricity,Percentage,European Union - 27 countries (from 2020),2020,37.408,renewables_share
Annual,Renewable energy - electricity,Percentage,European Union - 27 countries (from 2020),2021,37.793,renewables_share
Annual,Renewable energy - electricity,Percentage,European Union - 27 countries (from 2020),2022,41.239,renewables_share
Annual,Renewable energy - electricity,Percentage,European Union - 27 countries (from 2020),2023,45.397,renewables_share
Annual,Renewable energy - electricity,Percentage,European Union - 27 countries (from 2020),2024,47.503,renewables_share
Annual,Renewable energy - electricity,Percentage,Euro area – 21 countries (from 2026),2004,,renewables_share
Annual,Renewable energy - electricity,Percentage,Euro area – 21 countries (from 2026),2005,,renewables_share
Annual,Renewable energy - electricity,Percentage,Euro area – 21 countries (from 2026),2006,,renewables_share
Annual,Renewable energy - electricity,Percentage,Euro area – 21 countries (from 2026),2007,,renewables_share
Annual,Renewable energy - electricity,Percentage,Euro area – 21 countries (from 2026),2008,,renewables_share
Annual,Renewable energy - electricity,Percentage,Euro area – 21 countries (from 2026),2009,,renewables_share
Annual,Renewable energy - electricity,Percentage,Euro area – 21 countries (from 2026),2010,,renewables_share
Annual,Renewable energy - electricity,Percentage,Euro area – 21 countries (from 2026),2011,,renewables_share
Annual,Renewable energy - electricity,Percentage,Euro area – 21 countries (from 2026),2012,,renewables_share
Annual,Renewable energy - electricity,Percentage,Euro area – 21 countries (from 2026),2013,,renewables_share
Annual,Renewable energy - electricity,Percentage,Euro area – 21 countries (from 2026),2014,,renewables_share
Annual,Renewable energy - electricity,Percentage,Euro area – 21 countries (from 2026),2015,,renewables_share
Annual,Renewable energy - electricity,Percentage,Euro area – 21 countries (from 2026),2016,,renewables_share
Annual,Renewable energy - electricity,Percentage,Euro area – 21 countries (from 2026),2017,,renewables_share
Annual,Renewable energy - electricity,Percentage,Euro area – 21 countries (from 2026),2018,,renewables_share
Annual,Renewable energy - electricity,Percentage,Euro area – 21 countries (from 2026),2019,,renewables_share
Annual,Renewable energy - electricity,Percentage,Euro area – 21 countries (from 2026),2020,,renewables_share
Annual,Renewable energy - electricity,Percentage,Euro area – 21 countries (from 2026),2021,59.219,renewables_share
Annual,Renewable energy - electricity,Percentage,Euro area – 21 countries (from 2026),2022,61.647,renewables_share
Annual,Renewable energy - electricity,Percentage,Euro area – 21 countries (from 2026),2023,75.051,renewables_share
Annual,Renewable energy - electricity,Percentage,Euro area – 21 countries (from 2026),2024,81.202,renewables_share
Annual,Renewable energy - electricity,Percentage,Euro area – 20 countries (2023-2025),2004,,renewables_share
Annual,Renewable energy - electricity,Percentage,Euro area – 20 countries (2023-2025),2005,,renewables_share
Annual,Renewable energy - electricity,Percentage,Euro area – 20 countries (2023-2025),2006,,renewables_share
Annual,Renewable energy - electricity,Percentage,Euro area – 20 countries (2023-2025),2007,,renewables_share
Annual,Renewable energy - electricity,Percentage,Euro area – 20 countries (2023-2025),2008,,renewables_share
Annual,Renewable energy - electricity,Percentage,Euro area – 20 countries (2023-2025),2009,,renewables_share
Annual,Renewable energy - electricity,Percentage,Euro area – 20 countries (2023-2025),2010,,renewables_share
Annual,Renewable energy - electricity,Percentage,Euro area – 20 countries (2023-2025),2011,,renewables_share
Annual,Renewable energy - electricity,Percentage,Euro area – 20 countries (2023-2025),2012,,renewables_share
Annual,Renewable energy - electricity,Percentage,Euro area – 20 countries (2023-2025),2013,,renewables_share
Annual,Renewable energy - electricity,Percentage,Euro area – 20 countries (2023-2025),2014,,renewables_share
Annual,Renewable energy - electricity,Percentage,Euro area – 20 countries (2023-2025),2015,,renewables_share
Annual,Renewable energy - electricity,Percentage,Euro area – 20 countries (2023-2025),2016,,renewables_share
Annual,Renewable energy - electricity,Percentage,Euro area – 20 countries (2023-2025),2017,,renewables_share
Annual,Renewable energy - electricity,Percentage,Euro area – 20 countries (2023-2025),2018,,renewables_share
Annual,Renewable energy - electricity,Percentage,Euro area – 20 countries (2023-2025),2019,,renewables_share
Annual,Renewable energy - electricity,Percentage,Euro area – 20 countries (2023-2025),2020,,renewables_share
Annual,Renewable energy - electricity,Percentage,Euro area – 20 countries (2023-2025),2021,37.806,renewables_share
Annual,Renewable energy - electricity,Percentage,Euro area – 20 countries (2023-2025),2022,41.285,renewables_share
Annual,Renewable energy - electricity,Percentage,Euro area – 20 countries (2023-2025),2023,45.349,renewables_share
Annual,Renewable energy - electricity,Percentage,Euro area – 20 countries (2023-2025),2024,47.359,renewables_share
Annual,Renewable energy - electricity,Percentage,Belgium,2004,1.714,renewables_share
Annual,Renewable energy - electricity,Percentage,Belgium,2005,2.386,renewables_share
Annual,Renewable energy - electricity,Percentage,Belgium,2006,3.13,renewables_share
Annual,Renewable energy - electricity,Percentage,Belgium,2007,3.662,renewables_share
Annual,Renewable energy - electricity,Percentage,Belgium,2008,4.625,renewables_share
Annual,Renewable energy - electricity,Percentage,Belgium,2009,6.176,renewables_share
Annual,Renewable energy - electricity,Percentage,Belgium,2010,7.332,renewables_share
Annual,Renewable energy - electricity,Percentage,Belgium,2011,8.989,renewables_share
Annual,Renewable energy - electricity,Percentage,Belgium,2012,11.338,renewables_share
Annual,Renewable energy - electricity,Percentage,Belgium,2013,12.547,renewables_share
Annual,Renewable energy - electricity,Percentage,Belgium,2014,13.414,renewables_share
Annual,Renewable energy - electricity,Percentage,Belgium,2015,15.573,renewables_share
Annual,Renewable energy - electricity,Percentage,Belgium,2016,15.834,renewables_share
Annual,Renewable energy - electricity,Percentage,Belgium,2017,17.214,renewables_share
Annual,Renewable energy - electricity,Percentage,Belgium,2018,18.886,renewables_share
Annual,Renewable energy - electricity,Percentage,Belgium,2019,20.817,renewables_share
Annual,Renewable energy - electricity,Percentage,Belgium,2020,25.122,renewables_share
Annual,Renewable energy - electricity,Percentage,Belgium,2021,26.035,renewables_share
Annual,Renewable energy - electricity,Percentage,Belgium,2022,29.505,renewables_share
Annual,Renewable energy - electricity,Percentage,Belgium,2023,31.368,renewables_share
Annual,Renewable energy - electricity,Percentage,Belgium,2024,31.274,renewables_share
Annual,Renewable energy - electricity,Percentage,Bulgaria,2004,8.358,renewables_share
Annual,Renewable energy - electricity,Percentage,Bulgaria,2005,8.666,renewables_share
Annual,Renewable energy - electricity,Percentage,Bulgaria,2006,8.73,renewables_share
Annual,Renewable energy - electricity,Percentage,Bulgaria,2007,8.899,renewables_share
Annual,Renewable energy - electricity,Percentage,Bulgaria,2008,9.544,renewables_share
Annual,Renewable energy - electricity,Percentage,Bulgaria,2009,10.906,renewables_share
Annual,Renewable energy - electricity,Percentage,Bulgaria,2010,12.358,renewables_share
Annual,Renewable energy - electricity,Percentage,Bulgaria,2011,12.621,renewables_share
Annual,Renewable energy - electricity,Percentage,Bulgaria,2012,15.816,renewables_share
Annual,Renewable energy - electricity,Percentage,Bulgaria,2013,18.682,renewables_share
Annual,Renewable energy - electricity,Percentage,Bulgaria,2014,18.686,renewables_share
Annual,Renewable energy - electricity,Percentage,Bulgaria,2015,18.975,renewables_share
Annual,Renewable energy - electricity,Percentage,Bulgaria,2016,19.147,renewables_share
Annual,Renewable energy - electricity,Percentage,Bulgaria,2017,19.022,renewables_share
Annual,Renewable energy - electricity,Percentage,Bulgaria,2018,22.355,renewables_share
Annual,Renewable energy - electricity,Percentage,Bulgaria,2019,23.509,renewables_share
Annual,Renewable energy - electricity,Percentage,Bulgaria,2020,23.586,renewables_share
Annual,Renewable energy - electricity,Percentage,Bulgaria,2021,21.413,renewables_share
Annual,Renewable energy - electricity,Percentage,Bulgaria,2022,20.362,renewables_share
Annual,Renewable energy - electricity,Percentage,Bulgaria,2023,29.702,renewables_share
Annual,Renewable energy - electricity,Percentage,Bulgaria,2024,33.843,renewables_share
Annual,Renewable energy - electricity,Percentage,Czechia,2004,3.693,renewables_share
Annual,Renewable energy - electricity,Percentage,Czechia,2005,3.782,renewables_share
Annual,Renewable energy - electricity,Percentage,Czechia,2006,4.096,renewables_share
Annual,Renewable energy - electricity,Percentage,Czechia,2007,4.621,renewables_share
Annual,Renewable energy - electricity,Percentage,Czechia,2008,5.182,renewables_share
Annual,Renewable energy - electricity,Percentage,Czechia,2009,6.378,renewables_share
Annual,Renewable energy - electricity,Percentage,Czechia,2010,7.516,renewables_share
Annual,Renewable energy - electricity,Percentage,Czechia,2011,10.61,renewables_share
Annual,Renewable energy - electricity,Percentage,Czechia,2012,11.667,renewables_share
Annual,Renewable energy - electricity,Percentage,Czechia,2013,12.781,renewables_share
Annual,Renewable energy - electricity,Percentage,Czechia,2014,13.89,renewables_share
Annual,Renewable energy - electricity,Percentage,Czechia,2015,14.072,renewables_share
Annual,Renewable energy - electricity,Percentage,Czechia,2016,13.615,renewables_share
Annual,Renewable energy - electricity,Percentage,Czechia,2017,13.654,renewables_share
Annual,Renewable energy - electricity,Percentage,Czechia,2018,13.711,renewables_share
Annual,Renewable energy - electricity,Percentage,Czechia,2019,14.046,renewables_share
Annual,Renewable energy - electricity,Percentage,Czechia,2020,14.81,renewables_share
Annual,Renewable energy - electricity,Percentage,Czechia,2021,14.468,renewables_share
Annual,Renewable energy - electricity,Percentage,Czechia,2022,15.498,renewables_share
Annual,Renewable energy - electricity,Percentage,Czechia,2023,16.447,renewables_share
Annual,Renewable energy - electricity,Percentage,Czechia,2024,17.928,renewables_share
Annual,Renewable energy - electricity,Percentage,Denmark,2004,23.754,renewables_share
Annual,Renewable energy - electricity,Percentage,Denmark,2005,24.647,renewables_share
Annual,Renewable energy - electricity,Percentage,Denmark,2006,23.966,renewables_share
Annual,Renewable energy - electricity,Percentage,Denmark,2007,25.001,renewables_share
Annual,Renewable energy - electricity,Percentage,Denmark,2008,25.936,renewables_share
Annual,Renewable energy - electricity,Percentage,Denmark,2009,28.257,renewables_share
Annual,Renewable energy - electricity,Percentage,Denmark,2010,32.735,renewables_share
Annual,Renewable energy - electricity,Percentage,Denmark,2011,35.874,renewables_share
Annual,Renewable energy - electricity,Percentage,Denmark,2012,38.716,renewables_share
Annual,Renewable energy - electricity,Percentage,Denmark,2013,43.084,renewables_share
Annual,Renewable energy - electricity,Percentage,Denmark,2014,48.493,renewables_share
Annual,Renewable energy - electricity,Percentage,Denmark,2015,51.292,renewables_share
Annual,Renewable energy - electricity,Percentage,Denmark,2016,53.717,renewables_share
Annual,Renewable energy - electricity,Percentage,Denmark,2017,59.94,renewables_share
Annual,Renewable energy - electricity,Percentage,Denmark,2018,62.394,renewables_share
Annual,Renewable energy - electricity,Percentage,Denmark,2019,65.347,renewables_share
Annual,Renewable energy - electricity,Percentage,Denmark,2020,65.323,renewables_share
Annual,Renewable energy - electricity,Percentage,Denmark,2021,73.181,renewables_share
Annual,Renewable energy - electricity,Percentage,Denmark,2022,76.708,renewables_share
Annual,Renewable energy - electricity,Percentage,Denmark,2023,78.975,renewables_share
Annual,Renewable energy - electricity,Percentage,Denmark,2024,79.655,renewables_share
Annual,Renewable energy - electricity,Percentage,Germany,2004,9.436,renewables_share
Annual,Renewable energy - electricity,Percentage,Germany,2005,10.577,renewables_share
Annual,Renewable energy - electricity,Percentage,Germany,2006,11.944,renewables_share
Annual,Renewable energy - electricity,Percentage,Germany,2007,13.727,renewables_share
Annual,Renewable energy - electricity,Percentage,Germany,2008,15.141,renewables_share
Annual,Renewable energy - electricity,Percentage,Germany,2009,17.521,renewables_share
Annual,Renewable energy - electricity,Percentage,Germany,2010,18.241,renewables_share
Annual,Renewable energy - electricity,Percentage,Germany,2011,20.93,renewables_share
Annual,Renewable energy - electricity,Percentage,Germany,2012,23.605,renewables_share
Annual,Renewable energy - electricity,Percentage,Germany,2013,25.284,renewables_share
Annual,Renewable energy - electricity,Percentage,Germany,2014,28.171,renewables_share
Annual,Renewable energy - electricity,Percentage,Germany,2015,30.882,renewables_share
Annual,Renewable energy - electricity,Percentage,Germany,2016,32.273,renewables_share
Annual,Renewable energy - electricity,Percentage,Germany,2017,34.612,renewables_share
Annual,Renewable energy - electricity,Percentage,Germany,2018,37.591,renewables_share
Annual,Renewable energy - electricity,Percentage,Germany,2019,40.604,renewables_share
Annual,Renewable energy - electricity,Percentage,Germany,2020,44.215,renewables_share
Annual,Renewable energy - electricity,Percentage,Germany,2021,43.964,renewables_share
Annual,Renewable energy - electricity,Percentage,Germany,2022,48.041,renewables_share
Annual,Renewable energy - electricity,Percentage,Germany,2023,51.945,renewables_share
Annual,Renewable energy - electricity,Percentage,Germany,2024,54.084,renewables_share
Annual,Renewable energy - electricity,Percentage,Estonia,2004,0.546,renewables_share
Annual,Renewable energy - electricity,Percentage,Estonia,2005,1.127,renewables_share
Annual,Renewable energy - electricity,Percentage,Estonia,2006,1.428,renewables_share
Annual,Renewable energy - electricity,Percentage,Estonia,2007,1.432,renewables_share
Annual,Renewable energy - electricity,Percentage,Estonia,2008,1.972,renewables_share
Annual,Renewable energy - electricity,Percentage,Estonia,2009,5.966,renewables_share
Annual,Renewable energy - electricity,Percentage,Estonia,2010,10.294,renewables_share
Annual,Renewable energy - electricity,Percentage,Estonia,2011,12.199,renewables_share
Annual,Renewable energy - electricity,Percentage,Estonia,2012,15.67,renewables_share
Annual,Renewable energy - electricity,Percentage,Estonia,2013,12.948,renewables_share
Annual,Renewable energy - electricity,Percentage,Estonia,2014,14.017,renewables_share
Annual,Renewable energy - electricity,Percentage,Estonia,2015,16.152,renewables_share
Annual,Renewable energy - electricity,Percentage,Estonia,2016,16.194,renewables_share
Annual,Renewable energy - electricity,Percentage,Estonia,2017,17.583,renewables_share
Annual,Renewable energy - electricity,Percentage,Estonia,2018,19.679,renewables_share
Annual,Renewable energy - electricity,Percentage,Estonia,2019,21.998,renewables_share
Annual,Renewable energy - electricity,Percentage,Estonia,2020,28.293,renewables_share
Annual,Renewable energy - electricity,Percentage,Estonia,2021,29.197,renewables_share
Annual,Renewable energy - electricity,Percentage,Estonia,2022,29.115,renewables_share
Annual,Renewable energy - electricity,Percentage,Estonia,2023,31.845,renewables_share
Annual,Renewable energy - electricity,Percentage,Estonia,2024,38.882,renewables_share
Annual,Renewable energy - electricity,Percentage,Ireland,2004,6.031,renewables_share
Annual,Renewable energy - electricity,Percentage,Ireland,2005,7.196,renewables_share
Annual,Renewable energy - electricity,Percentage,Ireland,2006,8.505,renewables_share
Annual,Renewable energy - electricity,Percentage,Ireland,2007,9.534,renewables_share
Annual,Renewable energy - electricity,Percentage,Ireland,2008,10.822,renewables_share
Annual,Renewable energy - electricity,Percentage,Ireland,2009,14.061,renewables_share
Annual,Renewable energy - electricity,Percentage,Ireland,2010,15.642,renewables_share
Annual,Renewable energy - electricity,Percentage,Ireland,2011,18.252,renewables_share
Annual,Renewable energy - electricity,Percentage,Ireland,2012,19.838,renewables_share
Annual,Renewable energy - electricity,Percentage,Ireland,2013,20.96,renewables_share
Annual,Renewable energy - electricity,Percentage,Ireland,2014,23.32,renewables_share
Annual,Renewable energy - electricity,Percentage,Ireland,2015,25.725,renewables_share
Annual,Renewable energy - electricity,Percentage,Ireland,2016,27.069,renewables_share
Annual,Renewable energy - electricity,Percentage,Ireland,2017,30.318,renewables_share
Annual,Renewable energy - electricity,Percentage,Ireland,2018,33.317,renewables_share
Annual,Renewable energy - electricity,Percentage,Ireland,2019,36.46,renewables_share
Annual,Renewable energy - electricity,Percentage,Ireland,2020,39.055,renewables_share
Annual,Renewable energy - electricity,Percentage,Ireland,2021,37.665,renewables_share
Annual,Renewable energy - electricity,Percentage,Ireland,2022,37.387,renewables_share
Annual,Renewable energy - electricity,Percentage,Ireland,2023,40.43,renewables_share
Annual,Renewable energy - electricity,Percentage,Ireland,2024,41.336,renewables_share
Annual,Renewable energy - electricity,Percentage,Greece,2004,7.842,renewables_share
Annual,Renewable energy - electricity,Percentage,Greece,2005,8.213,renewables_share
Annual,Renewable energy - electricity,Percentage,Greece,2006,8.924,renewables_share
Annual,Renewable energy - electricity,Percentage,Greece,2007,9.33,renewables_share
Annual,Renewable energy - electricity,Percentage,Greece,2008,9.646,renewables_share
Annual,Renewable energy - electricity,Percentage,Greece,2009,11.016,renewables_share
Annual,Renewable energy - electricity,Percentage,Greece,2010,12.307,renewables_share
Annual,Renewable energy - electricity,Percentage,Greece,2011,13.81,renewables_share
Annual,Renewable energy - electricity,Percentage,Greece,2012,16.364,renewables_share
Annual,Renewable energy - electricity,Percentage,Greece,2013,21.241,renewables_share
Annual,Renewable energy - electricity,Percentage,Greece,2014,21.923,renewables_share
Annual,Renewable energy - electricity,Percentage,Greece,2015,22.089,renewables_share
Annual,Renewable energy - electricity,Percentage,Greece,2016,22.657,renewables_share
Annual,Renewable energy - electricity,Percentage,Greece,2017,24.464,renewables_share
Annual,Renewable energy - electricity,Percentage,Greece,2018,26.001,renewables_share
Annual,Renewable energy - electricity,Percentage,Greece,2019,31.295,renewables_share
Annual,Renewable energy - electricity,Percentage,Greece,2020,35.856,renewables_share
Annual,Renewable energy - electricity,Percentage,Greece,2021,35.881,renewables_share
Annual,Renewable energy - electricity,Percentage,Greece,2022,42.361,renewables_share
Annual,Renewable energy - electricity,Percentage,Greece,2023,48.225,renewables_share
Annual,Renewable energy - electricity,Percentage,Greece,2024,51.248,renewables_share
Annual,Renewable energy - electricity,Percentage,Spain,2004,19.018,renewables_share
Annual,Renewable energy - electricity,Percentage,Spain,2005,19.166,renewables_share
Annual,Renewable energy - electricity,Percentage,Spain,2006,20.027,renewables_share
Annual,Renewable energy - electricity,Percentage,Spain,2007,21.718,renewables_share
Annual,Renewable energy - electricity,Percentage,Spain,2008,23.777,renewables_share
Annual,Renewable energy - electricity,Percentage,Spain,2009,27.882,renewables_share
Annual,Renewable energy - electricity,Percentage,Spain,2010,29.748,renewables_share
Annual,Renewable energy - electricity,Percentage,Spain,2011,31.53,renewables_share
Annual,Renewable energy - electricity,Percentage,Spain,2012,33.438,renewables_share
Annual,Renewable energy - electricity,Percentage,Spain,2013,36.027,renewables_share
Annual,Renewable energy - electricity,Percentage,Spain,2014,37.128,renewables_share
Annual,Renewable energy - electricity,Percentage,Spain,2015,36.972,renewables_share
Annual,Renewable energy - electricity,Percentage,Spain,2016,36.676,renewables_share
Annual,Renewable energy - electricity,Percentage,Spain,2017,36.465,renewables_share
Annual,Renewable energy - electricity,Percentage,Spain,2018,35.236,renewables_share
Annual,Renewable energy - electricity,Percentage,Spain,2019,37.131,renewables_share
Annual,Renewable energy - electricity,Percentage,Spain,2020,42.944,renewables_share
Annual,Renewable energy - electricity,Percentage,Spain,2021,45.994,renewables_share
Annual,Renewable energy - electricity,Percentage,Spain,2022,50.888,renewables_share
Annual,Renewable energy - electricity,Percentage,Spain,2023,56.915,renewables_share
Annual,Renewable energy - electricity,Percentage,Spain,2024,59.673,renewables_share
Annual,Renewable energy - electricity,Percentage,France,2004,13.782,renewables_share
Annual,Renewable energy - electricity,Percentage,France,2005,13.738,renewables_share
Annual,Renewable energy - electricity,Percentage,France,2006,14.058,renewables_share
Annual,Renewable energy - electricity,Percentage,France,2007,14.289,renewables_share
Annual,Renewable energy - electricity,Percentage,France,2008,14.358,renewables_share
Annual,Renewable energy - electricity,Percentage,France,2009,15.088,renewables_share
Annual,Renewable energy - electricity,Percentage,France,2010,14.815,renewables_share
Annual,Renewable energy - electricity,Percentage,France,2011,16.179,renewables_share
Annual,Renewable energy - electricity,Percentage,France,2012,16.548,renewables_share
Annual,Renewable energy - electricity,Percentage,France,2013,16.977,renewables_share
Annual,Renewable energy - electricity,Percentage,France,2014,18.465,renewables_share
Annual,Renewable energy - electricity,Percentage,France,2015,18.821,renewables_share
Annual,Renewable energy - electricity,Percentage,France,2016,19.209,renewables_share
Annual,Renewable energy - electricity,Percentage,France,2017,19.933,renewables_share
Annual,Renewable energy - electricity,Percentage,France,2018,21.131,renewables_share
Annual,Renewable energy - electricity,Percentage,France,2019,22.389,renewables_share
Annual,Renewable energy - electricity,Percentage,France,2020,24.819,renewables_share
Annual,Renewable energy - electricity,Percentage,France,2021,24.815,renewables_share
Annual,Renewable energy - electricity,Percentage,France,2022,27.36,renewables_share
Annual,Renewable energy - electricity,Percentage,France,2023,30.295,renewables_share
Annual,Renewable energy - electricity,Percentage,France,2024,31.344,renewables_share
Annual,Renewable energy - electricity,Percentage,Croatia,2004,35.027,renewables_share
Annual,Renewable energy - electricity,Percentage,Croatia,2005,35.184,renewables_share
Annual,Renewable energy - electricity,Percentage,Croatia,2006,34.818,renewables_share
Annual,Renewable energy - electricity,Percentage,Croatia,2007,33.976,renewables_share
Annual,Renewable energy - electricity,Percentage,Croatia,2008,33.865,renewables_share
Annual,Renewable energy - electricity,Percentage,Croatia,2009,35.877,renewables_share
Annual,Renewable energy - electricity,Percentage,Croatia,2010,37.52,renewables_share
Annual,Renewable energy - electricity,Percentage,Croatia,2011,37.592,renewables_share
Annual,Renewable energy - electricity,Percentage,Croatia,2012,38.764,renewables_share
Annual,Renewable energy - electricity,Percentage,Croatia,2013,42.077,renewables_share
Annual,Renewable energy - electricity,Percentage,Croatia,2014,45.241,renewables_share
Annual,Renewable energy - electricity,Percentage,Croatia,2015,45.409,renewables_share
Annual,Renewable energy - electricity,Percentage,Croatia,2016,46.667,renewables_share
Annual,Renewable energy - electricity,Percentage,Croatia,2017,46.437,renewables_share
Annual,Renewable energy - electricity,Percentage,Croatia,2018,48.139,renewables_share
Annual,Renewable energy - electricity,Percentage,Croatia,2019,49.783,renewables_share
Annual,Renewable energy - electricity,Percentage,Croatia,2020,53.816,renewables_share
Annual,Renewable energy - electricity,Percentage,Croatia,2021,53.471,renewables_share
Annual,Renewable energy - electricity,Percentage,Croatia,2022,56.245,renewables_share
Annual,Renewable energy - electricity,Percentage,Croatia,2023,57.518,renewables_share
Annual,Renewable energy - electricity,Percentage,Croatia,2024,58.04,renewables_share
Annual,Renewable energy - electricity,Percentage,Italy,2004,16.086,renewables_share
Annual,Renewable energy - electricity,Percentage,Italy,2005,16.293,renewables_share
Annual,Renewable energy - electricity,Percentage,Italy,2006,15.926,renewables_share
Annual,Renewable energy - electricity,Percentage,Italy,2007,15.954,renewables_share
Annual,Renewable energy - electricity,Percentage,Italy,2008,16.645,renewables_share
Annual,Renewable energy - electricity,Percentage,Italy,2009,18.807,renewables_share
Annual,Renewable energy - electricity,Percentage,Italy,2010,20.091,renewables_share
Annual,Renewable energy - electricity,Percentage,Italy,2011,23.546,renewables_share
Annual,Renewable energy - electricity,Percentage,Italy,2012,27.42,renewables_share
Annual,Renewable energy - electricity,Percentage,Italy,2013,31.302,renewables_share
Annual,Renewable energy - electricity,Percentage,Italy,2014,33.42,renewables_share
Annual,Renewable energy - electricity,Percentage,Italy,2015,33.459,renewables_share
Annual,Renewable energy - electricity,Percentage,Italy,2016,34.012,renewables_share
Annual,Renewable energy - electricity,Percentage,Italy,2017,34.104,renewables_share
Annual,Renewable energy - electricity,Percentage,Italy,2018,33.93,renewables_share
Annual,Renewable energy - electricity,Percentage,Italy,2019,34.969,renewables_share
Annual,Renewable energy - electricity,Percentage,Italy,2020,38.081,renewables_share
Annual,Renewable energy - electricity,Percentage,Italy,2021,35.996,renewables_share
Annual,Renewable energy - electricity,Percentage,Italy,2022,37.102,renewables_share
Annual,Renewable energy - electricity,Percentage,Italy,2023,38.905,renewables_share
Annual,Renewable energy - electricity,Percentage,Italy,2024,40.654,renewables_share
Annual,Renewable energy - electricity,Percentage,Cyprus,2004,0.019,renewables_share
Annual,Renewable energy - electricity,Percentage,Cyprus,2005,0.024,renewables_share
Annual,Renewable energy - electricity,Percentage,Cyprus,2006,0.034,renewables_share
Annual,Renewable energy - electricity,Percentage,Cyprus,2007,0.074,renewables_share
Annual,Renewable energy - electricity,Percentage,Cyprus,2008,0.285,renewables_share
Annual,Renewable energy - electricity,Percentage,Cyprus,2009,0.589,renewables_share
Annual,Renewable energy - electricity,Percentage,Cyprus,2010,1.39,renewables_share
Annual,Renewable energy - electricity,Percentage,Cyprus,2011,3.445,renewables_share
Annual,Renewable energy - electricity,Percentage,Cyprus,2012,4.927,renewables_share
Annual,Renewable energy - electricity,Percentage,Cyprus,2013,6.654,renewables_share
Annual,Renewable energy - electricity,Percentage,Cyprus,2014,7.399,renewables_share
Annual,Renewable energy - electricity,Percentage,Cyprus,2015,8.445,renewables_share
Annual,Renewable energy - electricity,Percentage,Cyprus,2016,8.587,renewables_share
Annual,Renewable energy - electricity,Percentage,Cyprus,2017,8.911,renewables_share
Annual,Renewable energy - electricity,Percentage,Cyprus,2018,9.357,renewables_share
Annual,Renewable energy - electricity,Percentage,Cyprus,2019,9.756,renewables_share
Annual,Renewable energy - electricity,Percentage,Cyprus,2020,12.041,renewables_share
Annual,Renewable energy - electricity,Percentage,Cyprus,2021,14.84,renewables_share
Annual,Renewable energy - electricity,Percentage,Cyprus,2022,16.963,renewables_share
Annual,Renewable energy - electricity,Percentage,Cyprus,2023,20.939,renewables_share
Annual,Renewable energy - electricity,Percentage,Cyprus,2024,24.086,renewables_share
Annual,Renewable energy - electricity,Percentage,Latvia,2004,45.958,renewables_share
Annual,Renewable energy - electricity,Percentage,Latvia,2005,43.023,renewables_share
Annual,Renewable energy - electricity,Percentage,Latvia,2006,40.414,renewables_share
Annual,Renewable energy - electricity,Percentage,Latvia,2007,38.622,renewables_share
Annual,Renewable energy - electricity,Percentage,Latvia,2008,38.733,renewables_share
Annual,Renewable energy - electricity,Percentage,Latvia,2009,41.942,renewables_share
Annual,Renewable energy - electricity,Percentage,Latvia,2010,42.051,renewables_share
Annual,Renewable energy - electricity,Percentage,Latvia,2011,44.694,renewables_share
Annual,Renewable energy - electricity,Percentage,Latvia,2012,44.877,renewables_share
Annual,Renewable energy - electricity,Percentage,Latvia,2013,48.685,renewables_share
Annual,Renewable energy - electricity,Percentage,Latvia,2014,51.037,renewables_share
Annual,Renewable energy - electricity,Percentage,Latvia,2015,52.205,renewables_share
Annual,Renewable energy - electricity,Percentage,Latvia,2016,51.251,renewables_share
Annual,Renewable energy - electricity,Percentage,Latvia,2017,54.352,renewables_share
Annual,Renewable energy - electricity,Percentage,Latvia,2018,53.499,renewables_share
Annual,Renewable energy - electricity,Percentage,Latvia,2019,53.423,renewables_share
Annual,Renewable energy - electricity,Percentage,Latvia,2020,53.357,renewables_share
Annual,Renewable energy - electricity,Percentage,Latvia,2021,51.399,renewables_share
Annual,Renewable energy - electricity,Percentage,Latvia,2022,53.519,renewables_share
Annual,Renewable energy - electricity,Percentage,Latvia,2023,54.317,renewables_share
Annual,Renewable energy - electricity,Percentage,Latvia,2024,55.514,renewables_share
Annual,Renewable energy - electricity,Percentage,Lithuania,2004,3.587,renewables_share
Annual,Renewable energy - electricity,Percentage,Lithuania,2005,3.831,renewables_share
Annual,Renewable energy - electricity,Percentage,Lithuania,2006,4.016,renewables_share
Annual,Renewable energy - electricity,Percentage,Lithuania,2007,4.652,renewables_share
Annual,Renewable energy - electricity,Percentage,Lithuania,2008,4.914,renewables_share
Annual,Renewable energy - electricity,Percentage,Lithuania,2009,5.869,renewables_share
Annual,Renewable energy - electricity,Percentage,Lithuania,2010,7.401,renewables_share
Annual,Renewable energy - electricity,Percentage,Lithuania,2011,9.02,renewables_share
Annual,Renewable energy - electricity,Percentage,Lithuania,2012,10.876,renewables_share
Annual,Renewable energy - electricity,Percentage,Lithuania,2013,13.149,renewables_share
Annual,Renewable energy - electricity,Percentage,Lithuania,2014,13.705,renewables_share
Annual,Renewable energy - electricity,Percentage,Lithuania,2015,15.543,renewables_share
Annual,Renewable energy - electricity,Percentage,Lithuania,2016,16.872,renewables_share
Annual,Renewable energy - electricity,Percentage,Lithuania,2017,18.255,renewables_share
Annual,Renewable energy - electricity,Percentage,Lithuania,2018,18.408,renewables_share
Annual,Renewable energy - electricity,Percentage,Lithuania,2019,18.79,renewables_share
Annual,Renewable energy - electricity,Percentage,Lithuania,2020,20.166,renewables_share
Annual,Renewable energy - electricity,Percentage,Lithuania,2021,21.278,renewables_share
Annual,Renewable energy - electricity,Percentage,Lithuania,2022,26.461,renewables_share
Annual,Renewable energy - electricity,Percentage,Lithuania,2023,36.469,renewables_share
Annual,Renewable energy - electricity,Percentage,Lithuania,2024,48.987,renewables_share
Annual,Renewable energy - electricity,Percentage,Luxembourg,2004,2.765,renewables_share
Annual,Renewable energy - electricity,Percentage,Luxembourg,2005,3.179,renewables_share
Annual,Renewable energy - electricity,Percentage,Luxembourg,2006,3.172,renewables_share
Annual,Renewable energy - electricity,Percentage,Luxembourg,2007,3.305,renewables_share
Annual,Renewable energy - electricity,Percentage,Luxembourg,2008,3.581,renewables_share
Annual,Renewable energy - electricity,Percentage,Luxembourg,2009,4.105,renewables_share
Annual,Renewable energy - electricity,Percentage,Luxembourg,2010,3.786,renewables_share
Annual,Renewable energy - electricity,Percentage,Luxembourg,2011,4.075,renewables_share
Annual,Renewable energy - electricity,Percentage,Luxembourg,2012,4.66,renewables_share
Annual,Renewable energy - electricity,Percentage,Luxembourg,2013,5.329,renewables_share
Annual,Renewable energy - electricity,Percentage,Luxembourg,2014,5.958,renewables_share
Annual,Renewable energy - electricity,Percentage,Luxembourg,2015,6.197,renewables_share
Annual,Renewable energy - electricity,Percentage,Luxembourg,2016,6.674,renewables_share
Annual,Renewable energy - electricity,Percentage,Luxembourg,2017,8.055,renewables_share
Annual,Renewable energy - electricity,Percentage,Luxembourg,2018,9.115,renewables_share
Annual,Renewable energy - electricity,Percentage,Luxembourg,2019,10.863,renewables_share
Annual,Renewable energy - electricity,Percentage,Luxembourg,2020,13.887,renewables_share
Annual,Renewable energy - electricity,Percentage,Luxembourg,2021,14.216,renewables_share
Annual,Renewable energy - electricity,Percentage,Luxembourg,2022,16.321,renewables_share
Annual,Renewable energy - electricity,Percentage,Luxembourg,2023,18.196,renewables_share
Annual,Renewable energy - electricity,Percentage,Luxembourg,2024,20.5,renewables_share
Annual,Renewable energy - electricity,Percentage,Hungary,2004,2.22,renewables_share
Annual,Renewable energy - electricity,Percentage,Hungary,2005,4.419,renewables_share
Annual,Renewable energy - electricity,Percentage,Hungary,2006,3.453,renewables_share
Annual,Renewable energy - electricity,Percentage,Hungary,2007,4.193,renewables_share
Annual,Renewable energy - electricity,Percentage,Hungary,2008,5.317,renewables_share
Annual,Renewable energy - electricity,Percentage,Hungary,2009,6.958,renewables_share
Annual,Renewable energy - electricity,Percentage,Hungary,2010,7.103,renewables_share
Annual,Renewable energy - electricity,Percentage,Hungary,2011,6.379,renewables_share
Annual,Renewable energy - electricity,Percentage,Hungary,2012,6.057,renewables_share
Annual,Renewable energy - electricity,Percentage,Hungary,2013,6.6,renewables_share
Annual,Renewable energy - electricity,Percentage,Hungary,2014,7.305,renewables_share
Annual,Renewable energy - electricity,Percentage,Hungary,2015,7.341,renewables_share
Annual,Renewable energy - electricity,Percentage,Hungary,2016,7.292,renewables_share
Annual,Renewable energy - electricity,Percentage,Hungary,2017,7.513,renewables_share
Annual,Renewable energy - electricity,Percentage,Hungary,2018,8.306,renewables_share
Annual,Renewable energy - electricity,Percentage,Hungary,2019,9.969,renewables_share
Annual,Renewable energy - electricity,Percentage,Hungary,2020,11.904,renewables_share
Annual,Renewable energy - electricity,Percentage,Hungary,2021,13.66,renewables_share
Annual,Renewable energy - electricity,Percentage,Hungary,2022,15.333,renewables_share
Annual,Renewable energy - electricity,Percentage,Hungary,2023,19.537,renewables_share
Annual,Renewable energy - electricity,Percentage,Hungary,2024,24.056,renewables_share
Annual,Renewable energy - electricity,Percentage,Malta,2004,0.0,renewables_share
Annual,Renewable energy - electricity,Percentage,Malta,2005,0.0,renewables_share
Annual,Renewable energy - electricity,Percentage,Malta,2006,0.0,renewables_share
Annual,Renewable energy - electricity,Percentage,Malta,2007,0.0,renewables_share
Annual,Renewable energy - electricity,Percentage,Malta,2008,0.0,renewables_share
Annual,Renewable energy - electricity,Percentage,Malta,2009,0.0,renewables_share
Annual,Renewable energy - electricity,Percentage,Malta,2010,0.032,renewables_share
Annual,Renewable energy - electricity,Percentage,Malta,2011,0.454,renewables_share
Annual,Renewable energy - electricity,Percentage,Malta,2012,1.115,renewables_share
Annual,Renewable energy - electricity,Percentage,Malta,2013,1.571,renewables_share
Annual,Renewable energy - electricity,Percentage,Malta,2014,3.333,renewables_share
Annual,Renewable energy - electricity,Percentage,Malta,2015,4.312,renewables_share
Annual,Renewable energy - electricity,Percentage,Malta,2016,5.714,renewables_share
Annual,Renewable energy - electricity,Percentage,Malta,2017,6.845,renewables_share
Annual,Renewable energy - electricity,Percentage,Malta,2018,7.702,renewables_share
Annual,Renewable energy - electricity,Percentage,Malta,2019,7.485,renewables_share
Annual,Renewable energy - electricity,Percentage,Malta,2020,9.489,renewables_share
Annual,Renewable energy - electricity,Percentage,Malta,2021,9.649,renewables_share
Annual,Renewable energy - electricity,Percentage,Malta,2022,10.109,renewables_share
Annual,Renewable energy - electricity,Percentage,Malta,2023,10.729,renewables_share
Annual,Renewable energy - electricity,Percentage,Malta,2024,10.655,renewables_share
Annual,Renewable energy - electricity,Percentage,Netherlands,2004,4.446,renewables_share
Annual,Renewable energy - electricity,Percentage,Netherlands,2005,6.297,renewables_share
Annual,Renewable energy - electricity,Percentage,Netherlands,2006,6.541,renewables_share
Annual,Renewable energy - electricity,Percentage,Netherlands,2007,5.963,renewables_share
Annual,Renewable energy - electricity,Percentage,Netherlands,2008,7.464,renewables_share
Annual,Renewable energy - electricity,Percentage,Netherlands,2009,9.069,renewables_share
Annual,Renewable energy - electricity,Percentage,Netherlands,2010,9.601,renewables_share
Annual,Renewable energy - electricity,Percentage,Netherlands,2011,9.74,renewables_share
Annual,Renewable energy - electricity,Percentage,Netherlands,2012,10.35,renewables_share
Annual,Renewable energy - electricity,Percentage,Netherlands,2013,9.911,renewables_share
Annual,Renewable energy - electricity,Percentage,Netherlands,2014,9.924,renewables_share
Annual,Renewable energy - electricity,Percentage,Netherlands,2015,11.04,renewables_share
Annual,Renewable energy - electricity,Percentage,Netherlands,2016,12.55,renewables_share
Annual,Renewable energy - electricity,Percentage,Netherlands,2017,13.812,renewables_share
Annual,Renewable energy - electricity,Percentage,Netherlands,2018,15.171,renewables_share
Annual,Renewable energy - electricity,Percentage,Netherlands,2019,18.23,renewables_share
Annual,Renewable energy - electricity,Percentage,Netherlands,2020,26.407,renewables_share
Annual,Renewable energy - electricity,Percentage,Netherlands,2021,33.251,renewables_share
Annual,Renewable energy - electricity,Percentage,Netherlands,2022,39.651,renewables_share
Annual,Renewable energy - electricity,Percentage,Netherlands,2023,46.419,renewables_share
Annual,Renewable energy - electricity,Percentage,Netherlands,2024,50.545,renewables_share
Annual,Renewable energy - electricity,Percentage,Austria,2004,61.627,renewables_share
Annual,Renewable energy - electricity,Percentage,Austria,2005,62.901,renewables_share
Annual,Renewable energy - electricity,Percentage,Austria,2006,63.527,renewables_share
Annual,Renewable energy - electricity,Percentage,Austria,2007,65.666,renewables_share
Annual,Renewable energy - electricity,Percentage,Austria,2008,65.88,renewables_share
Annual,Renewable energy - electricity,Percentage,Austria,2009,68.626,renewables_share
Annual,Renewable energy - electricity,Percentage,Austria,2010,66.361,renewables_share
Annual,Renewable energy - electricity,Percentage,Austria,2011,66.779,renewables_share
Annual,Renewable energy - electricity,Percentage,Austria,2012,67.439,renewables_share
Annual,Renewable energy - electricity,Percentage,Austria,2013,68.909,renewables_share
Annual,Renewable energy - electricity,Percentage,Austria,2014,71.059,renewables_share
Annual,Renewable energy - electricity,Percentage,Austria,2015,71.487,renewables_share
Annual,Renewable energy - electricity,Percentage,Austria,2016,72.521,renewables_share
Annual,Renewable energy - electricity,Percentage,Austria,2017,71.626,renewables_share
Annual,Renewable energy - electricity,Percentage,Austria,2018,74.189,renewables_share
Annual,Renewable energy - electricity,Percentage,Austria,2019,75.067,renewables_share
Annual,Renewable energy - electricity,Percentage,Austria,2020,78.204,renewables_share
Annual,Renewable energy - electricity,Percentage,Austria,2021,74.008,renewables_share
Annual,Renewable energy - electricity,Percentage,Austria,2022,73.64,renewables_share
Annual,Renewable energy - electricity,Percentage,Austria,2023,87.899,renewables_share
Annual,Renewable energy - electricity,Percentage,Austria,2024,90.065,renewables_share
Annual,Renewable energy - electricity,Percentage,Poland,2004,2.049,renewables_share
Annual,Renewable energy - electricity,Percentage,Poland,2005,2.512,renewables_share
Annual,Renewable energy - electricity,Percentage,Poland,2006,2.86,renewables_share
Annual,Renewable energy - electricity,Percentage,Poland,2007,3.316,renewables_share
Annual,Renewable energy - electricity,Percentage,Poland,2008,4.248,renewables_share
Annual,Renewable energy - electricity,Percentage,Poland,2009,5.713,renewables_share
Annual,Renewable energy - electricity,Percentage,Poland,2010,6.549,renewables_share
Annual,Renewable energy - electricity,Percentage,Poland,2011,8.078,renewables_share
Annual,Renewable energy - electricity,Percentage,Poland,2012,10.61,renewables_share
Annual,Renewable energy - electricity,Percentage,Poland,2013,10.676,renewables_share
Annual,Renewable energy - electricity,Percentage,Poland,2014,12.36,renewables_share
Annual,Renewable energy - electricity,Percentage,Poland,2015,13.401,renewables_share
Annual,Renewable energy - electricity,Percentage,Poland,2016,13.342,renewables_share
Annual,Renewable energy - electricity,Percentage,Poland,2017,13.082,renewables_share
Annual,Renewable energy - electricity,Percentage,Poland,2018,13.027,renewables_share
Annual,Renewable energy - electricity,Percentage,Poland,2019,14.356,renewables_share
Annual,Renewable energy - electricity,Percentage,Poland,2020,16.237,renewables_share
Annual,Renewable energy - electricity,Percentage,Poland,2021,17.167,renewables_share
Annual,Renewable energy - electricity,Percentage,Poland,2022,21.009,renewables_share
Annual,Renewable energy - electricity,Percentage,Poland,2023,25.793,renewables_share
Annual,Renewable energy - electricity,Percentage,Poland,2024,30.37,renewables_share
Annual,Renewable energy - electricity,Percentage,Portugal,2004,27.39,renewables_share
Annual,Renewable energy - electricity,Percentage,Portugal,2005,27.703,renewables_share
Annual,Renewable energy - electricity,Percentage,Portugal,2006,29.308,renewables_share
Annual,Renewable energy - electricity,Percentage,Portugal,2007,32.285,renewables_share
Annual,Renewable energy - electricity,Percentage,Portugal,2008,34.063,renewables_share
Annual,Renewable energy - electricity,Percentage,Portugal,2009,37.562,renewables_share
Annual,Renewable energy - electricity,Percentage,Portugal,2010,40.608,renewables_share
Annual,Renewable energy - electricity,Percentage,Portugal,2011,45.78,renewables_share
Annual,Renewable energy - electricity,Percentage,Portugal,2012,47.505,renewables_share
Annual,Renewable energy - electricity,Percentage,Portugal,2013,49.101,renewables_share
Annual,Renewable energy - electricity,Percentage,Portugal,2014,52.054,renewables_share
Annual,Renewable energy - electricity,Percentage,Portugal,2015,52.616,renewables_share
Annual,Renewable energy - electricity,Percentage,Portugal,2016,53.99,renewables_share
Annual,Renewable energy - electricity,Percentage,Portugal,2017,54.168,renewables_share
Annual,Renewable energy - electricity,Percentage,Portugal,2018,52.186,renewables_share
Annual,Renewable energy - electricity,Percentage,Portugal,2019,53.774,renewables_share
Annual,Renewable energy - electricity,Percentage,Portugal,2020,58.032,renewables_share
Annual,Renewable energy - electricity,Percentage,Portugal,2021,58.433,renewables_share
Annual,Renewable energy - electricity,Percentage,Portugal,2022,60.991,renewables_share
Annual,Renewable energy - electricity,Percentage,Portugal,2023,63.01,renewables_share
Annual,Renewable energy - electricity,Percentage,Portugal,2024,65.801,renewables_share
Annual,Renewable energy - electricity,Percentage,Romania,2004,28.427,renewables_share
Annual,Renewable energy - electricity,Percentage,Romania,2005,28.775,renewables_share
Annual,Renewable energy - electricity,Percentage,Romania,2006,28.054,renewables_share
Annual,Renewable energy - electricity,Percentage,Romania,2007,28.108,renewables_share
Annual,Renewable energy - electricity,Percentage,Romania,2008,28.075,renewables_share
Annual,Renewable energy - electricity,Percentage,Romania,2009,30.894,renewables_share
Annual,Renewable energy - electricity,Percentage,Romania,2010,30.378,renewables_share
Annual,Renewable energy - electricity,Percentage,Romania,2011,31.131,renewables_share
Annual,Renewable energy - electricity,Percentage,Romania,2012,33.567,renewables_share
Annual,Renewable energy - electricity,Percentage,Romania,2013,37.516,renewables_share
Annual,Renewable energy - electricity,Percentage,Romania,2014,41.679,renewables_share
Annual,Renewable energy - electricity,Percentage,Romania,2015,43.161,renewables_share
Annual,Renewable energy - electricity,Percentage,Romania,2016,42.712,renewables_share
Annual,Renewable energy - electricity,Percentage,Romania,2017,41.965,renewables_share
Annual,Renewable energy - electricity,Percentage,Romania,2018,41.793,renewables_share
Annual,Renewable energy - electricity,Percentage,Romania,2019,42.616,renewables_share
Annual,Renewable energy - electricity,Percentage,Romania,2020,43.374,renewables_share
Annual,Renewable energy - electricity,Percentage,Romania,2021,42.676,renewables_share
Annual,Renewable energy - electricity,Percentage,Romania,2022,43.726,renewables_share
Annual,Renewable energy - electricity,Percentage,Romania,2023,47.391,renewables_share
Annual,Renewable energy - electricity,Percentage,Romania,2024,47.645,renewables_share
Annual,Renewable energy - electricity,Percentage,Slovenia,2004,29.271,renewables_share
Annual,Renewable energy - electricity,Percentage,Slovenia,2005,28.654,renewables_share
Annual,Renewable energy - electricity,Percentage,Slovenia,2006,28.231,renewables_share
Annual,Renewable energy - electricity,Percentage,Slovenia,2007,27.697,renewables_share
Annual,Renewable energy - electricity,Percentage,Slovenia,2008,29.962,renewables_share
Annual,Renewable energy - electricity,Percentage,Slovenia,2009,33.756,renewables_share
Annual,Renewable energy - electricity,Percentage,Slovenia,2010,32.2,renewables_share
Annual,Renewable energy - electricity,Percentage,Slovenia,2011,31.045,renewables_share
Annual,Renewable energy - electricity,Percentage,Slovenia,2012,31.637,renewables_share
Annual,Renewable energy - electricity,Percentage,Slovenia,2013,33.081,renewables_share
Annual,Renewable energy - electricity,Percentage,Slovenia,2014,33.935,renewables_share
Annual,Renewable energy - electricity,Percentage,Slovenia,2015,32.722,renewables_share
Annual,Renewable energy - electricity,Percentage,Slovenia,2016,32.056,renewables_share
Annual,Renewable energy - electricity,Percentage,Slovenia,2017,32.425,renewables_share
Annual,Renewable energy - electricity,Percentage,Slovenia,2018,32.307,renewables_share
Annual,Renewable energy - electricity,Percentage,Slovenia,2019,32.632,renewables_share
Annual,Renewable energy - electricity,Percentage,Slovenia,2020,35.095,renewables_share
Annual,Renewable energy - electricity,Percentage,Slovenia,2021,34.976,renewables_share
Annual,Renewable energy - electricity,Percentage,Slovenia,2022,37.005,renewables_share
Annual,Renewable energy - electricity,Percentage,Slovenia,2023,41.887,renewables_share
Annual,Renewable energy - electricity,Percentage,Slovenia,2024,43.079,renewables_share
Annual,Renewable energy - electricity,Percentage,Slovakia,2004,15.403,renewables_share
Annual,Renewable energy - electricity,Percentage,Slovakia,2005,15.735,renewables_share
Annual,Renewable energy - electricity,Percentage,Slovakia,2006,16.566,renewables_share
Annual,Renewable energy - electricity,Percentage,Slovakia,2007,16.467,renewables_share
Annual,Renewable energy - electricity,Percentage,Slovakia,2008,17.013,renewables_share
Annual,Renewable energy - electricity,Percentage,Slovakia,2009,17.765,renewables_share
Annual,Renewable energy - electricity,Percentage,Slovakia,2010,17.774,renewables_share
Annual,Renewable energy - electricity,Percentage,Slovakia,2011,19.305,renewables_share
Annual,Renewable energy - electricity,Percentage,Slovakia,2012,20.054,renewables_share
Annual,Renewable energy - electricity,Percentage,Slovakia,2013,20.8,renewables_share
Annual,Renewable energy - electricity,Percentage,Slovakia,2014,22.87,renewables_share
Annual,Renewable energy - electricity,Percentage,Slovakia,2015,22.656,renewables_share
Annual,Renewable energy - electricity,Percentage,Slovakia,2016,22.513,renewables_share
Annual,Renewable energy - electricity,Percentage,Slovakia,2017,21.343,renewables_share
Annual,Renewable energy - electricity,Percentage,Slovakia,2018,21.499,renewables_share
Annual,Renewable energy - electricity,Percentage,Slovakia,2019,22.103,renewables_share
Annual,Renewable energy - electricity,Percentage,Slovakia,2020,23.066,renewables_share
Annual,Renewable energy - electricity,Percentage,Slovakia,2021,22.402,renewables_share
Annual,Renewable energy - electricity,Percentage,Slovakia,2022,22.901,renewables_share
Annual,Renewable energy - electricity,Percentage,Slovakia,2023,24.201,renewables_share
Annual,Renewable energy - electricity,Percentage,Slovakia,2024,24.91,renewables_share
Annual,Renewable energy - electricity,Percentage,Finland,2004,26.711,renewables_share
Annual,Renewable energy - electricity,Percentage,Finland,2005,26.918,renewables_share
Annual,Renewable energy - electricity,Percentage,Finland,2006,26.42,renewables_share
Annual,Renewable energy - electricity,Percentage,Finland,2007,25.468,renewables_share
Annual,Renewable energy - electricity,Percentage,Finland,2008,26.745,renewables_share
Annual,Renewable energy - electricity,Percentage,Finland,2009,26.821,renewables_share
Annual,Renewable energy - electricity,Percentage,Finland,2010,27.216,renewables_share
Annual,Renewable energy - electricity,Percentage,Finland,2011,28.964,renewables_share
Annual,Renewable energy - electricity,Percentage,Finland,2012,29.11,renewables_share
Annual,Renewable energy - electricity,Percentage,Finland,2013,30.543,renewables_share
Annual,Renewable energy - electricity,Percentage,Finland,2014,31.114,renewables_share
Annual,Renewable energy - electricity,Percentage,Finland,2015,32.207,renewables_share
Annual,Renewable energy - electricity,Percentage,Finland,2016,32.716,renewables_share
Annual,Renewable energy - electricity,Percentage,Finland,2017,35.044,renewables_share
Annual,Renewable energy - electricity,Percentage,Finland,2018,36.539,renewables_share
Annual,Renewable energy - electricity,Percentage,Finland,2019,37.969,renewables_share
Annual,Renewable energy - electricity,Percentage,Finland,2020,39.564,renewables_share
Annual,Renewable energy - electricity,Percentage,Finland,2021,39.583,renewables_share
Annual,Renewable energy - electricity,Percentage,Finland,2022,47.966,renewables_share
Annual,Renewable energy - electricity,Percentage,Finland,2023,52.374,renewables_share
Annual,Renewable energy - electricity,Percentage,Finland,2024,54.309,renewables_share
Annual,Renewable energy - electricity,Percentage,Sweden,2004,51.196,renewables_share
Annual,Renewable energy - electricity,Percentage,Sweden,2005,50.899,renewables_share
Annual,Renewable energy - electricity,Percentage,Sweden,2006,51.783,renewables_share
Annual,Renewable energy - electricity,Percentage,Sweden,2007,53.21,renewables_share
Annual,Renewable energy - electricity,Percentage,Sweden,2008,53.687,renewables_share
Annual,Renewable energy - electricity,Percentage,Sweden,2009,58.252,renewables_share
Annual,Renewable energy - electricity,Percentage,Sweden,2010,55.767,renewables_share
Annual,Renewable energy - electricity,Percentage,Sweden,2011,59.624,renewables_share
Annual,Renewable energy - electricity,Percentage,Sweden,2012,59.779,renewables_share
Annual,Renewable energy - electricity,Percentage,Sweden,2013,61.737,renewables_share
Annual,Renewable energy - electricity,Percentage,Sweden,2014,63.214,renewables_share
Annual,Renewable energy - electricity,Percentage,Sweden,2015,65.733,renewables_share
Annual,Renewable energy - electricity,Percentage,Sweden,2016,64.869,renewables_share
Annual,Renewable energy - electricity,Percentage,Sweden,2017,65.909,renewables_share
Annual,Renewable energy - electricity,Percentage,Sweden,2018,66.228,renewables_share
Annual,Renewable energy - electricity,Percentage,Sweden,2019,71.234,renewables_share
Annual,Renewable energy - electricity,Percentage,Sweden,2020,74.495,renewables_share
Annual,Renewable energy - electricity,Percentage,Sweden,2021,75.76,renewables_share
Annual,Renewable energy - electricity,Percentage,Sweden,2022,83.372,renewables_share
Annual,Renewable energy - electricity,Percentage,Sweden,2023,87.547,renewables_share
Annual,Renewable energy - electricity,Percentage,Sweden,2024,88.143,renewables_share
Annual,Renewable energy - electricity,Percentage,Iceland,2004,93.148,renewables_share
Annual,Renewable energy - electricity,Percentage,Iceland,2005,94.928,renewables_share
Annual,Renewable energy - electricity,Percentage,Iceland,2006,93.497,renewables_share
Annual,Renewable energy - electricity,Percentage,Iceland,2007,113.7,renewables_share
Annual,Renewable energy - electricity,Percentage,Iceland,2008,90.847,renewables_share
Annual,Renewable energy - electricity,Percentage,Iceland,2009,92.861,renewables_share
Annual,Renewable energy - electricity,Percentage,Iceland,2010,92.419,renewables_share
Annual,Renewable energy - electricity,Percentage,Iceland,2011,93.915,renewables_share
Annual,Renewable energy - electricity,Percentage,Iceland,2012,95.422,renewables_share
Annual,Renewable energy - electricity,Percentage,Iceland,2013,96.719,renewables_share
Annual,Renewable energy - electricity,Percentage,Iceland,2014,97.063,renewables_share
Annual,Renewable energy - electricity,Percentage,Iceland,2015,93.11,renewables_share
Annual,Renewable energy - electricity,Percentage,Iceland,2016,95.31,renewables_share
Annual,Renewable energy - electricity,Percentage,Iceland,2017,93.376,renewables_share
Annual,Renewable energy - electricity,Percentage,Iceland,2018,98.497,renewables_share
Annual,Renewable energy - electricity,Percentage,Iceland,2019,100.64,renewables_share
Annual,Renewable energy - electricity,Percentage,Iceland,2020,102.709,renewables_share
Annual,Renewable energy - electricity,Percentage,Iceland,2021,99.536,renewables_share
Annual,Renewable energy - electricity,Percentage,Iceland,2022,98.674,renewables_share
Annual,Renewable energy - electricity,Percentage,Iceland,2023,99.896,renewables_share
Annual,Renewable energy - electricity,Percentage,Iceland,2024,102.443,renewables_share
Annual,Renewable energy - electricity,Percentage,Norway,2004,97.973,renewables_share
Annual,Renewable energy - electricity,Percentage,Norway,2005,97.423,renewables_share
Annual,Renewable energy - electricity,Percentage,Norway,2006,100.843,renewables_share
Annual,Renewable energy - electricity,Percentage,Norway,2007,99.052,renewables_share
Annual,Renewable energy - electricity,Percentage,Norway,2008,100.154,renewables_share
Annual,Renewable energy - electricity,Percentage,Norway,2009,105.191,renewables_share
Annual,Renewable energy - electricity,Percentage,Norway,2010,98.252,renewables_share
Annual,Renewable energy - electricity,Percentage,Norway,2011,105.887,renewables_share
Annual,Renewable energy - electricity,Percentage,Norway,2012,104.599,renewables_share
Annual,Renewable energy - electricity,Percentage,Norway,2013,106.917,renewables_share
Annual,Renewable energy - electricity,Percentage,Norway,2014,110.135,renewables_share
Annual,Renewable energy - electricity,Percentage,Norway,2015,106.83,renewables_share
Annual,Renewable energy - electricity,Percentage,Norway,2016,105.638,renewables_share
Annual,Renewable energy - electricity,Percentage,Norway,2017,104.85,renewables_share
Annual,Renewable energy - electricity,Percentage,Norway,2018,106.829,renewables_share
Annual,Renewable energy - electricity,Percentage,Norway,2019,110.445,renewables_share
Annual,Renewable energy - electricity,Percentage,Norway,2020,113.802,renewables_share
Annual,Renewable energy - electricity,Percentage,Norway,2021,113.642,renewables_share
Annual,Renewable energy - electricity,Percentage,Norway,2022,120.01,renewables_share
Annual,Renewable energy - electricity,Percentage,Norway,2023,116.538,renewables_share
Annual,Renewable energy - electricity,Percentage,Norway,2024,115.063,renewables_share
Annual,Renewable energy - electricity,Percentage,Bosnia and Herzegovina,2004,,renewables_share
Annual,Renewable energy - electricity,Percentage,Bosnia and Herzegovina,2005,,renewables_share
Annual,Renewable energy - electricity,Percentage,Bosnia and Herzegovina,2006,,renewables_share
Annual,Renewable energy - electricity,Percentage,Bosnia and Herzegovina,2007,,renewables_share
Annual,Renewable energy - electricity,Percentage,Bosnia and Herzegovina,2008,,renewables_share
Annual,Renewable energy - electricity,Percentage,Bosnia and Herzegovina,2009,,renewables_share
Annual,Renewable energy - electricity,Percentage,Bosnia and Herzegovina,2010,,renewables_share
Annual,Renewable energy - electricity,Percentage,Bosnia and Herzegovina,2011,,renewables_share
Annual,Renewable energy - electricity,Percentage,Bosnia and Herzegovina,2012,,renewables_share
Annual,Renewable energy - electricity,Percentage,Bosnia and Herzegovina,2013,,renewables_share
Annual,Renewable energy - electricity,Percentage,Bosnia and Herzegovina,2014,38.394,renewables_share
Annual,Renewable energy - electricity,Percentage,Bosnia and Herzegovina,2015,38.726,renewables_share
Annual,Renewable energy - electricity,Percentage,Bosnia and Herzegovina,2016,40.829,renewables_share
Annual,Renewable energy - electricity,Percentage,Bosnia and Herzegovina,2017,39.564,renewables_share
Annual,Renewable energy - electricity,Percentage,Bosnia and Herzegovina,2018,41.498,renewables_share
Annual,Renewable energy - electricity,Percentage,Bosnia and Herzegovina,2019,45.482,renewables_share
Annual,Renewable energy - electricity,Percentage,Bosnia and Herzegovina,2020,49.308,renewables_share
Annual,Renewable energy - electricity,Percentage,Bosnia and Herzegovina,2021,46.42,renewables_share
Annual,Renewable energy - electricity,Percentage,Bosnia and Herzegovina,2022,48.521,renewables_share
Annual,Renewable energy - electricity,Percentage,Bosnia and Herzegovina,2023,51.667,renewables_share
Annual,Renewable energy - electricity,Percentage,Bosnia and Herzegovina,2024,52.742,renewables_share
Annual,Renewable energy - electricity,Percentage,Montenegro,2004,,renewables_share
Annual,Renewable energy - electricity,Percentage,Montenegro,2005,39.102,renewables_share
Annual,Renewable energy - electricity,Percentage,Montenegro,2006,37.679,renewables_share
Annual,Renewable energy - electricity,Percentage,Montenegro,2007,37.622,renewables_share
Annual,Renewable energy - electricity,Percentage,Montenegro,2008,38.258,renewables_share
Annual,Renewable energy - electricity,Percentage,Montenegro,2009,46.615,renewables_share
Annual,Renewable energy - electricity,Percentage,Montenegro,2010,45.74,renewables_share
Annual,Renewable energy - electricity,Percentage,Montenegro,2011,41.583,renewables_share
Annual,Renewable energy - electricity,Percentage,Montenegro,2012,42.765,renewables_share
Annual,Renewable energy - electricity,Percentage,Montenegro,2013,49.067,renewables_share
Annual,Renewable energy - electricity,Percentage,Montenegro,2014,51.444,renewables_share
Annual,Renewable energy - electricity,Percentage,Montenegro,2015,49.613,renewables_share
Annual,Renewable energy - electricity,Percentage,Montenegro,2016,50.961,renewables_share
Annual,Renewable energy - electricity,Percentage,Montenegro,2017,50.111,renewables_share
Annual,Renewable energy - electricity,Percentage,Montenegro,2018,52.419,renewables_share
Annual,Renewable energy - electricity,Percentage,Montenegro,2019,53.647,renewables_share
Annual,Renewable energy - electricity,Percentage,Montenegro,2020,61.49,renewables_share
Annual,Renewable energy - electricity,Percentage,Montenegro,2021,60.462,renewables_share
Annual,Renewable energy - electricity,Percentage,Montenegro,2022,68.514,renewables_share
Annual,Renewable energy - electricity,Percentage,Montenegro,2023,67.529,renewables_share
Annual,Renewable energy - electricity,Percentage,Montenegro,2024,66.566,renewables_share
Annual,Renewable energy - electricity,Percentage,Moldova,2004,0.841,renewables_share
Annual,Renewable energy - electricity,Percentage,Moldova,2005,0.821,renewables_share
Annual,Renewable energy - electricity,Percentage,Moldova,2006,0.787,renewables_share
Annual,Renewable energy - electricity,Percentage,Moldova,2007,0.83,renewables_share
Annual,Renewable energy - electricity,Percentage,Moldova,2008,0.828,renewables_share
Annual,Renewable energy - electricity,Percentage,Moldova,2009,0.959,renewables_share
Annual,Renewable energy - electricity,Percentage,Moldova,2010,1.813,renewables_share
Annual,Renewable energy - electricity,Percentage,Moldova,2011,1.799,renewables_share
Annual,Renewable energy - electricity,Percentage,Moldova,2012,1.694,renewables_share
Annual,Renewable energy - electricity,Percentage,Moldova,2013,1.693,renewables_share
Annual,Renewable energy - electricity,Percentage,Moldova,2014,1.903,renewables_share
Annual,Renewable energy - electricity,Percentage,Moldova,2015,1.975,renewables_share
Annual,Renewable energy - electricity,Percentage,Moldova,2016,1.947,renewables_share
Annual,Renewable energy - electricity,Percentage,Moldova,2017,2.137,renewables_share
Annual,Renewable energy - electricity,Percentage,Moldova,2018,2.627,renewables_share
Annual,Renewable energy - electricity,Percentage,Moldova,2019,3.039,renewables_share
Annual,Renewable energy - electricity,Percentage,Moldova,2020,3.118,renewables_share
Annual,Renewable energy - electricity,Percentage,Moldova,2021,3.579,renewables_share
Annual,Renewable energy - electricity,Percentage,Moldova,2022,5.535,renewables_share
Annual,Renewable energy - electricity,Percentage,Moldova,2023,9.209,renewables_share
Annual,Renewable energy - electricity,Percentage,Moldova,2024,13.689,renewables_share
Annual,Renewable energy - electricity,Percentage,North Macedonia,2004,14.511,renewables_share
Annual,Renewable energy - electricity,Percentage,North Macedonia,2005,13.989,renewables_share
Annual,Renewable energy - electricity,Percentage,North Macedonia,2006,14.011,renewables_share
Annual,Renewable energy - electricity,Percentage,North Macedonia,2007,13.671,renewables_share
Annual,Renewable energy - electricity,Percentage,North Macedonia,2008,13.848,renewables_share
Annual,Renewable energy - electricity,Percentage,North Macedonia,2009,15.471,renewables_share
Annual,Renewable energy - electricity,Percentage,North Macedonia,2010,15.847,renewables_share
Annual,Renewable energy - electricity,Percentage,North Macedonia,2011,14.849,renewables_share
Annual,Renewable energy - electricity,Percentage,North Macedonia,2012,16.659,renewables_share
Annual,Renewable energy - electricity,Percentage,North Macedonia,2013,18.206,renewables_share
Annual,Renewable energy - electricity,Percentage,North Macedonia,2014,19.273,renewables_share
Annual,Renewable energy - electricity,Percentage,North Macedonia,2015,21.663,renewables_share
Annual,Renewable energy - electricity,Percentage,North Macedonia,2016,24.138,renewables_share
Annual,Renewable energy - electricity,Percentage,North Macedonia,2017,24.839,renewables_share
Annual,Renewable energy - electricity,Percentage,North Macedonia,2018,24.838,renewables_share
Annual,Renewable energy - electricity,Percentage,North Macedonia,2019,23.778,renewables_share
Annual,Renewable energy - electricity,Percentage,North Macedonia,2020,23.532,renewables_share
Annual,Renewable energy - electricity,Percentage,North Macedonia,2021,22.785,renewables_share
Annual,Renewable energy - electricity,Percentage,North Macedonia,2022,25.868,renewables_share
Annual,Renewable energy - electricity,Percentage,North Macedonia,2023,32.345,renewables_share
Annual,Renewable energy - electricity,Percentage,North Macedonia,2024,40.072,renewables_share
Annual,Renewable energy - electricity,Percentage,Georgia,2004,,renewables_share
Annual,Renewable energy - electricity,Percentage,Georgia,2005,,renewables_share
Annual,Renewable energy - electricity,Percentage,Georgia,2006,,renewables_share
Annual,Renewable energy - electricity,Percentage,Georgia,2007,,renewables_share
Annual,Renewable energy - electricity,Percentage,Georgia,2008,,renewables_share
Annual,Renewable energy - electricity,Percentage,Georgia,2009,,renewables_share
Annual,Renewable energy - electricity,Percentage,Georgia,2010,,renewables_share
Annual,Renewable energy - electricity,Percentage,Georgia,2011,,renewables_share
Annual,Renewable energy - electricity,Percentage,Georgia,2012,,renewables_share
Annual,Renewable energy - electricity,Percentage,Georgia,2013,,renewables_share
Annual,Renewable energy - electricity,Percentage,Georgia,2014,,renewables_share
Annual,Renewable energy - electricity,Percentage,Georgia,2015,,renewables_share
Annual,Renewable energy - electricity,Percentage,Georgia,2016,,renewables_share
Annual,Renewable energy - electricity,Percentage,Georgia,2017,,renewables_share
Annual,Renewable energy - electricity,Percentage,Georgia,2018,,renewables_share
Annual,Renewable energy - electricity,Percentage,Georgia,2019,,renewables_share
Annual,Renewable energy - electricity,Percentage,Georgia,2020,,renewables_share
Annual,Renewable energy - electricity,Percentage,Georgia,2021,51.314,renewables_share
Annual,Renewable energy - electricity,Percentage,Georgia,2022,55.492,renewables_share
Annual,Renewable energy - electricity,Percentage,Georgia,2023,66.257,renewables_share
Annual,Renewable energy - electricity,Percentage,Georgia,2024,68.413,renewables_share
Annual,Renewable energy - electricity,Percentage,Albania,2004,69.979,renewables_share
Annual,Renewable energy - electricity,Percentage,Albania,2005,76.112,renewables_share
Annual,Renewable energy - electricity,Percentage,Albania,2006,74.208,renewables_share
Annual,Renewable energy - electricity,Percentage,Albania,2007,79.631,renewables_share
Annual,Renewable energy - electricity,Percentage,Albania,2008,73.299,renewables_share
Annual,Renewable energy - electricity,Percentage,Albania,2009,70.714,renewables_share
Annual,Renewable energy - electricity,Percentage,Albania,2010,74.618,renewables_share
Annual,Renewable energy - electricity,Percentage,Albania,2011,66.131,renewables_share
Annual,Renewable energy - electricity,Percentage,Albania,2012,72.427,renewables_share
Annual,Renewable energy - electricity,Percentage,Albania,2013,62.665,renewables_share
Annual,Renewable energy - electricity,Percentage,Albania,2014,70.985,renewables_share
Annual,Renewable energy - electricity,Percentage,Albania,2015,79.222,renewables_share
Annual,Renewable energy - electricity,Percentage,Albania,2016,82.104,renewables_share
Annual,Renewable energy - electricity,Percentage,Albania,2017,91.025,renewables_share
Annual,Renewable energy - electricity,Percentage,Albania,2018,92.45,renewables_share
Annual,Renewable energy - electricity,Percentage,Albania,2019,92.994,renewables_share
Annual,Renewable energy - electricity,Percentage,Albania,2020,99.975,renewables_share
Annual,Renewable energy - electricity,Percentage,Albania,2021,94.421,renewables_share
Annual,Renewable energy - electricity,Percentage,Albania,2022,102.969,renewables_share
Annual,Renewable energy - electricity,Percentage,Albania,2023,105.381,renewables_share
Annual,Renewable energy - electricity,Percentage,Albania,2024,105.188,renewables_share
Annual,Renewable energy - electricity,Percentage,Serbia,2004,18.486,renewables_share
Annual,Renewable energy - electricity,Percentage,Serbia,2005,22.366,renewables_share
Annual,Renewable energy - electricity,Percentage,Serbia,2006,23.603,renewables_share
Annual,Renewable energy - electricity,Percentage,Serbia,2007,24.812,renewables_share
Annual,Renewable energy - electricity,Percentage,Serbia,2008,25.858,renewables_share
Annual,Renewable energy - electricity,Percentage,Serbia,2009,28.252,renewables_share
Annual,Renewable energy - electricity,Percentage,Serbia,2010,28.183,renewables_share
Annual,Renewable energy - electricity,Percentage,Serbia,2011,27.526,renewables_share
Annual,Renewable energy - electricity,Percentage,Serbia,2012,28.509,renewables_share
Annual,Renewable energy - electricity,Percentage,Serbia,2013,27.971,renewables_share
Annual,Renewable energy - electricity,Percentage,Serbia,2014,30.274,renewables_share
Annual,Renewable energy - electricity,Percentage,Serbia,2015,28.915,renewables_share
Annual,Renewable energy - electricity,Percentage,Serbia,2016,29.154,renewables_share
Annual,Renewable energy - electricity,Percentage,Serbia,2017,27.448,renewables_share
Annual,Renewable energy - electricity,Percentage,Serbia,2018,28.658,renewables_share
Annual,Renewable energy - electricity,Percentage,Serbia,2019,30.107,renewables_share
Annual,Renewable energy - electricity,Percentage,Serbia,2020,30.701,renewables_share
Annual,Renewable energy - electricity,Percentage,Serbia,2021,29.897,renewables_share
Annual,Renewable energy - electricity,Percentage,Serbia,2022,30.142,renewables_share
Annual,Renewable energy - electricity,Percentage,Serbia,2023,31.748,renewables_share
Annual,Renewable energy - electricity,Percentage,Serbia,2024,32.051,renewables_share
Annual,Renewable energy - electricity,Percentage,Kosovo*,2004,0.472,renewables_share
Annual,Renewable energy - electricity,Percentage,Kosovo*,2005,0.611,renewables_share
Annual,Renewable energy - electricity,Percentage,Kosovo*,2006,0.907,renewables_share
Annual,Renewable energy - electricity,Percentage,Kosovo*,2007,0.971,renewables_share
Annual,Renewable energy - electricity,Percentage,Kosovo*,2008,0.971,renewables_share
Annual,Renewable energy - electricity,Percentage,Kosovo*,2009,1.136,renewables_share
Annual,Renewable energy - electricity,Percentage,Kosovo*,2010,1.361,renewables_share
Annual,Renewable energy - electricity,Percentage,Kosovo*,2011,1.368,renewables_share
Annual,Renewable energy - electricity,Percentage,Kosovo*,2012,1.496,renewables_share
Annual,Renewable energy - electricity,Percentage,Kosovo*,2013,1.628,renewables_share
Annual,Renewable energy - electricity,Percentage,Kosovo*,2014,1.867,renewables_share
Annual,Renewable energy - electricity,Percentage,Kosovo*,2015,1.842,renewables_share
Annual,Renewable energy - electricity,Percentage,Kosovo*,2016,3.973,renewables_share
Annual,Renewable energy - electricity,Percentage,Kosovo*,2017,3.622,renewables_share
Annual,Renewable energy - electricity,Percentage,Kosovo*,2018,4.234,renewables_share
Annual,Renewable energy - electricity,Percentage,Kosovo*,2019,5.155,renewables_share
Annual,Renewable energy - electricity,Percentage,Kosovo*,2020,5.259,renewables_share
Annual,Renewable energy - electricity,Percentage,Kosovo*,2021,5.172,renewables_share
Annual,Renewable energy - electricity,Percentage,Kosovo*,2022,6.685,renewables_share
Annual,Renewable energy - electricity,Percentage,Kosovo*,2023,8.975,renewables_share
Annual,Renewable energy - electricity,Percentage,Kosovo*,2024,9.36,renewables_share
Annual,Renewable energy - heating and cooling,Percentage,European Union - 27 countries (from 2020),2004,11.735,renewables_share
Annual,Renewable energy - heating and cooling,Percentage,European Union - 27 countries (from 2020),2005,12.437,renewables_share
Annual,Renewable energy - heating and cooling,Percentage,European Union - 27 countries (from 2020),2006,13.21,renewables_share
Annual,Renewable energy - heating and cooling,Percentage,European Union - 27 countries (from 2020),2007,14.819,renewables_share
Annual,Renewable energy - heating and cooling,Percentage,European Union - 27 countries (from 2020),2008,15.325,renewables_share
Annual,Renewable energy - heating and cooling,Percentage,European Union - 27 countries (from 2020),2009,16.786,renewables_share
Annual,Renewable energy - heating and cooling,Percentage,European Union - 27 countries (from 2020),2010,16.995,renewables_share
Annual,Renewable energy - heating and cooling,Percentage,European Union - 27 countries (from 2020),2011,17.415,renewables_share
Annual,Renewable energy - heating and cooling,Percentage,European Union - 27 countries (from 2020),2012,18.582,renewables_share
Annual,Renewable energy - heating and cooling,Percentage,European Union - 27 countries (from 2020),2013,19.044,renewables_share
Annual,Renewable energy - heating and cooling,Percentage,European Union - 27 countries (from 2020),2014,19.929,renewables_share
Annual,Renewable energy - heating and cooling,Percentage,European Union - 27 countries (from 2020),2015,20.307,renewables_share
Annual,Renewable energy - heating and cooling,Percentage,European Union - 27 countries (from 2020),2016,20.4,renewables_share
Annual,Renewable energy - heating and cooling,Percentage,European Union - 27 countries (from 2020),2017,20.819,renewables_share
Annual,Renewable energy - heating and cooling,Percentage,European Union - 27 countries (from 2020),2018,21.604,renewables_share
Annual,Renewable energy - heating and cooling,Percentage,European Union - 27 countries (from 2020),2019,22.432,renewables_share
Annual,Renewable energy - heating and cooling,Percentage,European Union - 27 countries (from 2020),2020,22.983,renewables_share
Annual,Renewable energy - heating and cooling,Percentage,European Union - 27 countries (from 2020),2021,23.033,renewables_share
Annual,Renewable energy - heating and cooling,Percentage,European Union - 27 countries (from 2020),2022,24.775,renewables_share
Annual,Renewable energy - heating and cooling,Percentage,European Union - 27 countries (from 2020),2023,26.231,renewables_share
Annual,Renewable energy - heating and cooling,Percentage,European Union - 27 countries (from 2020),2024,26.738,renewables_share
Annual,Renewable energy - heating and cooling,Percentage,Euro area – 21 countries (from 2026),2004,,renewables_share
Annual,Renewable energy - heating and cooling,Percentage,Euro area – 21 countries (from 2026),2005,,renewables_share
Annual,Renewable energy - heating and cooling,Percentage,Euro area – 21 countries (from 2026),2006,,renewables_share
Annual,Renewable energy - heating and cooling,Percentage,Euro area – 21 countries (from 2026),2007,,renewables_share
Annual,Renewable energy - heating and cooling,Percentage,Euro area – 21 countries (from 2026),2008,,renewables_share
Annual,Renewable energy - heating and cooling,Percentage,Euro area – 21 countries (from 2026),2009,,renewables_share
Annual,Renewable energy - heating and cooling,Percentage,Euro area – 21 countries (from 2026),2010,,renewables_share
Annual,Renewable energy - heating and cooling,Percentage,Euro area – 21 countries (from 2026),2011,,renewables_share
Annual,Renewable energy - heating and cooling,Percentage,Euro area – 21 countries (from 2026),2012,,renewables_share
Annual,Renewable energy - heating and cooling,Percentage,Euro area – 21 countries (from 2026),2013,,renewables_share
Annual,Renewable energy - heating and cooling,Percentage,Euro area – 21 countries (from 2026),2014,,renewables_share
Annual,Renewable energy - heating and cooling,Percentage,Euro area – 21 countries (from 2026),2015,,renewables_share
Annual,Renewable energy - heating and cooling,Percentage,Euro area – 21 countries (from 2026),2016,,renewables_share
Annual,Renewable energy - heating and cooling,Percentage,Euro area – 21 countries (from 2026),2017,,renewables_share
Annual,Renewable energy - heating and cooling,Percentage,Euro area – 21 countries (from 2026),2018,,renewables_share
Annual,Renewable energy - heating and cooling,Percentage,Euro area – 21 countries (from 2026),2019,,renewables_share
Annual,Renewable energy - heating and cooling,Percentage,Euro area – 21 countries (from 2026),2020,,renewables_share
Annual,Renewable energy - heating and cooling,Percentage,Euro area – 21 countries (from 2026),2021,50.522,renewables_share
Annual,Renewable energy - heating and cooling,Percentage,Euro area – 21 countries (from 2026),2022,53.917,renewables_share
Annual,Renewable energy - heating and cooling,Percentage,Euro area – 21 countries (from 2026),2023,60.076,renewables_share
Annual,Renewable energy - heating and cooling,Percentage,Euro area – 21 countries (from 2026),2024,58.761,renewables_share
Annual,Renewable energy - heating and cooling,Percentage,Euro area – 20 countries (2023-2025),2004,,renewables_share
Annual,Renewable energy - heating and cooling,Percentage,Euro area – 20 countries (2023-2025),2005,,renewables_share
Annual,Renewable energy - heating and cooling,Percentage,Euro area – 20 countries (2023-2025),2006,,renewables_share
Annual,Renewable energy - heating and cooling,Percentage,Euro area – 20 countries (2023-2025),2007,,renewables_share
Annual,Renewable energy - heating and cooling,Percentage,Euro area – 20 countries (2023-2025),2008,,renewables_share
Annual,Renewable energy - heating and cooling,Percentage,Euro area – 20 countries (2023-2025),2009,,renewables_share
Annual,Renewable energy - heating and cooling,Percentage,Euro area – 20 countries (2023-2025),2010,,renewables_share
Annual,Renewable energy - heating and cooling,Percentage,Euro area – 20 countries (2023-2025),2011,,renewables_share
Annual,Renewable energy - heating and cooling,Percentage,Euro area – 20 countries (2023-2025),2012,,renewables_share
Annual,Renewable energy - heating and cooling,Percentage,Euro area – 20 countries (2023-2025),2013,,renewables_share
Annual,Renewable energy - heating and cooling,Percentage,Euro area – 20 countries (2023-2025),2014,,renewables_share
Annual,Renewable energy - heating and cooling,Percentage,Euro area – 20 countries (2023-2025),2015,,renewables_share
Annual,Renewable energy - heating and cooling,Percentage,Euro area – 20 countries (2023-2025),2016,,renewables_share
Annual,Renewable energy - heating and cooling,Percentage,Euro area – 20 countries (2023-2025),2017,,renewables_share
Annual,Renewable energy - heating and cooling,Percentage,Euro area – 20 countries (2023-2025),2018,,renewables_share
Annual,Renewable energy - heating and cooling,Percentage,Euro area – 20 countries (2023-2025),2019,,renewables_share
Annual,Renewable energy - heating and cooling,Percentage,Euro area – 20 countries (2023-2025),2020,,renewables_share
Annual,Renewable energy - heating and cooling,Percentage,Euro area – 20 countries (2023-2025),2021,20.667,renewables_share
Annual,Renewable energy - heating and cooling,Percentage,Euro area – 20 countries (2023-2025),2022,22.432,renewables_share
Annual,Renewable energy - heating and cooling,Percentage,Euro area – 20 countries (2023-2025),2023,24.017,renewables_share
Annual,Renewable energy - heating and cooling,Percentage,Euro area – 20 countries (2023-2025),2024,24.574,renewables_share
Annual,Renewable energy - heating and cooling,Percentage,Belgium,2004,2.927,renewables_share
Annual,Renewable energy - heating and cooling,Percentage,Belgium,2005,3.418,renewables_share
Annual,Renewable energy - heating and cooling,Percentage,Belgium,2006,3.812,renewables_share
Annual,Renewable energy - heating and cooling,Percentage,Belgium,2007,4.713,renewables_share
Annual,Renewable energy - heating and cooling,Percentage,Belgium,2008,5.121,renewables_share
Annual,Renewable energy - heating and cooling,Percentage,Belgium,2009,6.087,renewables_share
Annual,Renewable energy - heating and cooling,Percentage,Belgium,2010,6.71,renewables_share
Annual,Renewable energy - heating and cooling,Percentage,Belgium,2011,6.718,renewables_share
Annual,Renewable energy - heating and cooling,Percentage,Belgium,2012,7.108,renewables_share
Annual,Renewable energy - heating and cooling,Percentage,Belgium,2013,7.639,renewables_share
Annual,Renewable energy - heating and cooling,Percentage,Belgium,2014,7.751,renewables_share
Annual,Renewable energy - heating and cooling,Percentage,Belgium,2015,7.942,renewables_share
Annual,Renewable energy - heating and cooling,Percentage,Belgium,2016,8.247,renewables_share
Annual,Renewable energy - heating and cooling,Percentage,Belgium,2017,8.2,renewables_share
Annual,Renewable energy - heating and cooling,Percentage,Belgium,2018,8.29,renewables_share
Annual,Renewable energy - heating and cooling,Percentage,Belgium,2019,8.319,renewables_share
Annual,Renewable energy - heating and cooling,Percentage,Belgium,2020,8.447,renewables_share
Annual,Renewable energy - heating and cooling,Percentage,Belgium,2021,9.21,renewables_share
Annual,Renewable energy - heating and cooling,Percentage,Belgium,2022,10.425,renewables_share
Annual,Renewable energy - heating and cooling,Percentage,Belgium,2023,11.211,renewables_share
Annual,Renewable energy - heating and cooling,Percentage,Belgium,2024,11.259,renewables_share
Annual,Renewable energy - heating and cooling,Percentage,Bulgaria,2004,14.056,renewables_share
Annual,Renewable energy - heating and cooling,Percentage,Bulgaria,2005,14.257,renewables_share
Annual,Renewable energy - heating and cooling,Percentage,Bulgaria,2006,14.79,renewables_share
Annual,Renewable energy - heating and cooling,Percentage,Bulgaria,2007,13.862,renewables_share
Annual,Renewable energy - heating and cooling,Percentage,Bulgaria,2008,17.262,renewables_share
Annual,Renewable energy - heating and cooling,Percentage,Bulgaria,2009,21.639,renewables_share
Annual,Renewable energy - heating and cooling,Percentage,Bulgaria,2010,24.334,renewables_share
Annual,Renewable energy - heating and cooling,Percentage,Bulgaria,2011,24.768,renewables_share
Annual,Renewable energy - heating and cooling,Percentage,Bulgaria,2012,27.241,renewables_share
Annual,Renewable energy - heating and cooling,Percentage,Bulgaria,2013,29.234,renewables_share
Annual,Renewable energy - heating and cooling,Percentage,Bulgaria,2014,28.518,renewables_share
Annual,Renewable energy - heating and cooling,Percentage,Bulgaria,2015,28.903,renewables_share
Annual,Renewable energy - heating and cooling,Percentage,Bulgaria,2016,29.99,renewables_share
Annual,Renewable energy - heating and cooling,Percentage,Bulgaria,2017,29.854,renewables_share
Annual,Renewable energy - heating and cooling,Percentage,Bulgaria,2018,33.25,renewables_share
Annual,Renewable energy - heating and cooling,Percentage,Bulgaria,2019,35.423,renewables_share
Annual,Renewable energy - heating and cooling,Percentage,Bulgaria,2020,37.178,renewables_share
Annual,Renewable energy - heating and cooling,Percentage,Bulgaria,2021,29.855,renewables_share
Annual,Renewable energy - heating and cooling,Percentage,Bulgaria,2022,31.485,renewables_share
Annual,Renewable energy - heating and cooling,Percentage,Bulgaria,2023,36.059,renewables_share
Annual,Renewable energy - heating and cooling,Percentage,Bulgaria,2024,34.187,renewables_share
Annual,Renewable energy - heating and cooling,Percentage,Czechia,2004,9.918,renewables_share
Annual,Renewable energy - heating and cooling,Percentage,Czechia,2005,10.835,renewables_share
Annual,Renewable energy - heating and cooling,Percentage,Czechia,2006,11.234,renewables_share
Annual,Renewable energy - heating and cooling,Percentage,Czechia,2007,12.37,renewables_share
Annual,Renewable energy - heating and cooling,Percentage,Czechia,2008,12.918,renewables_share
Annual,Renewable energy - heating and cooling,Percentage,Czechia,2009,14.26,renewables_share
Annual,Renewable energy - heating and cooling,Percentage,Czechia,2010,14.096,renewables_share
Annual,Renewable energy - heating and cooling,Percentage,Czechia,2011,15.388,renewables_share
Annual,Renewable energy - heating and cooling,Percentage,Czechia,2012,16.249,renewables_share
Annual,Renewable energy - heating and cooling,Percentage,Czechia,2013,17.706,renewables_share
Annual,Renewable energy - heating and cooling,Percentage,Czechia,2014,19.528,renewables_share
Annual,Renewable energy - heating and cooling,Percentage,Czechia,2015,19.787,renewables_share
Annual,Renewable energy - heating and cooling,Percentage,Czechia,2016,19.879,renewables_share
Annual,Renewable energy - heating and cooling,Percentage,Czechia,2017,19.728,renewables_share
Annual,Renewable energy - heating and cooling,Percentage,Czechia,2018,20.642,renewables_share
Annual,Renewable energy - heating and cooling,Percentage,Czechia,2019,22.632,renewables_share
Annual,Renewable energy - heating and cooling,Percentage,Czechia,2020,23.535,renewables_share
Annual,Renewable energy - heating and cooling,Percentage,Czechia,2021,24.349,renewables_share
Annual,Renewable energy - heating and cooling,Percentage,Czechia,2022,25.821,renewables_share
Annual,Renewable energy - heating and cooling,Percentage,Czechia,2023,27.675,renewables_share
Annual,Renewable energy - heating and cooling,Percentage,Czechia,2024,29.057,renewables_share
Annual,Renewable energy - heating and cooling,Percentage,Denmark,2004,20.501,renewables_share
Annual,Renewable energy - heating and cooling,Percentage,Denmark,2005,22.612,renewables_share
Annual,Renewable energy - heating and cooling,Percentage,Denmark,2006,23.661,renewables_share
Annual,Renewable energy - heating and cooling,Percentage,Denmark,2007,26.707,renewables_share
Annual,Renewable energy - heating and cooling,Percentage,Denmark,2008,27.964,renewables_share
Annual,Renewable energy - heating and cooling,Percentage,Denmark,2009,29.403,renewables_share
Annual,Renewable energy - heating and cooling,Percentage,Denmark,2010,30.369,renewables_share
Annual,Renewable energy - heating and cooling,Percentage,Denmark,2011,31.889,renewables_share
Annual,Renewable energy - heating and cooling,Percentage,Denmark,2012,33.201,renewables_share
Annual,Renewable energy - heating and cooling,Percentage,Denmark,2013,34.679,renewables_share
Annual,Renewable energy - heating and cooling,Percentage,Denmark,2014,38.014,renewables_share
Annual,Renewable energy - heating and cooling,Percentage,Denmark,2015,39.536,renewables_share
Annual,Renewable energy - heating and cooling,Percentage,Denmark,2016,41.078,renewables_share
Annual,Renewable energy - heating and cooling,Percentage,Denmark,2017,44.063,renewables_share
Annual,Renewable energy - heating and cooling,Percentage,Denmark,2018,44.968,renewables_share
Annual,Renewable energy - heating and cooling,Percentage,Denmark,2019,47.302,renewables_share
Annual,Renewable energy - heating and cooling,Percentage,Denmark,2020,51.073,renewables_share
Annual,Renewable energy - heating and cooling,Percentage,Denmark,2021,51.552,renewables_share
Annual,Renewable energy - heating and cooling,Percentage,Denmark,2022,51.4,renewables_share
Annual,Renewable energy - heating and cooling,Percentage,Denmark,2023,54.503,renewables_share
Annual,Renewable energy - heating and cooling,Percentage,Denmark,2024,56.42,renewables_share
Annual,Renewable energy - heating and cooling,Percentage,Germany,2004,7.198,renewables_share
Annual,Renewable energy - heating and cooling,Percentage,Germany,2005,7.711,renewables_share
Annual,Renewable energy - heating and cooling,Percentage,Germany,2006,8.41,renewables_share
Annual,Renewable energy - heating and cooling,Percentage,Germany,2007,10.249,renewables_share
Annual,Renewable energy - heating and cooling,Percentage,Germany,2008,10.33,renewables_share
Annual,Renewable energy - heating and cooling,Percentage,Germany,2009,11.155,renewables_share
Annual,Renewable energy - heating and cooling,Percentage,Germany,2010,12.055,renewables_share
Annual,Renewable energy - heating and cooling,Percentage,Germany,2011,12.607,renewables_share
Annual,Renewable energy - heating and cooling,Percentage,Germany,2012,13.423,renewables_share
Annual,Renewable energy - heating and cooling,Percentage,Germany,2013,13.408,renewables_share
Annual,Renewable energy - heating and cooling,Percentage,Germany,2014,13.409,renewables_share
Annual,Renewable energy - heating and cooling,Percentage,Germany,2015,13.432,renewables_share
Annual,Renewable energy - heating and cooling,Percentage,Germany,2016,13.032,renewables_share
Annual,Renewable energy - heating and cooling,Percentage,Germany,2017,13.369,renewables_share
Annual,Renewable energy - heating and cooling,Percentage,Germany,2018,14.22,renewables_share
Annual,Renewable energy - heating and cooling,Percentage,Germany,2019,14.504,renewables_share
Annual,Renewable energy - heating and cooling,Percentage,Germany,2020,14.481,renewables_share
Annual,Renewable energy - heating and cooling,Percentage,Germany,2021,15.533,renewables_share
Annual,Renewable energy - heating and cooling,Percentage,Germany,2022,17.391,renewables_share
Annual,Renewable energy - heating and cooling,Percentage,Germany,2023,16.909,renewables_share
Annual,Renewable energy - heating and cooling,Percentage,Germany,2024,17.677,renewables_share
Annual,Renewable energy - heating and cooling,Percentage,Estonia,2004,33.361,renewables_share
Annual,Renewable energy - heating and cooling,Percentage,Estonia,2005,32.369,renewables_share
Annual,Renewable energy - heating and cooling,Percentage,Estonia,2006,30.838,renewables_share
Annual,Renewable energy - heating and cooling,Percentage,Estonia,2007,33.037,renewables_share
Annual,Renewable energy - heating and cooling,Percentage,Estonia,2008,35.997,renewables_share
Annual,Renewable energy - heating and cooling,Percentage,Estonia,2009,42.028,renewables_share
Annual,Renewable energy - heating and cooling,Percentage,Estonia,2010,43.162,renewables_share
Annual,Renewable energy - heating and cooling,Percentage,Estonia,2011,44.55,renewables_share
Annual,Renewable energy - heating and cooling,Percentage,Estonia,2012,43.218,renewables_share
Annual,Renewable energy - heating and cooling,Percentage,Estonia,2013,43.112,renewables_share
Annual,Renewable energy - heating and cooling,Percentage,Estonia,2014,44.934,renewables_share
Annual,Renewable energy - heating and cooling,Percentage,Estonia,2015,50.031,renewables_share
Annual,Renewable energy - heating and cooling,Percentage,Estonia,2016,51.765,renewables_share
Annual,Renewable energy - heating and cooling,Percentage,Estonia,2017,52.217,renewables_share
Annual,Renewable energy - heating and cooling,Percentage,Estonia,2018,53.671,renewables_share
Annual,Renewable energy - heating and cooling,Percentage,Estonia,2019,52.193,renewables_share
Annual,Renewable energy - heating and cooling,Percentage,Estonia,2020,58.834,renewables_share
Annual,Renewable energy - heating and cooling,Percentage,Estonia,2021,61.347,renewables_share
Annual,Renewable energy - heating and cooling,Percentage,Estonia,2022,65.442,renewables_share
Annual,Renewable energy - heating and cooling,Percentage,Estonia,2023,66.668,renewables_share
Annual,Renewable energy - heating and cooling,Percentage,Estonia,2024,67.811,renewables_share
Annual,Renewable energy - heating and cooling,Percentage,Ireland,2004,2.873,renewables_share
Annual,Renewable energy - heating and cooling,Percentage,Ireland,2005,3.442,renewables_share
Annual,Renewable energy - heating and cooling,Percentage,Ireland,2006,3.592,renewables_share
Annual,Renewable energy - heating and cooling,Percentage,Ireland,2007,3.786,renewables_share
Annual,Renewable energy - heating and cooling,Percentage,Ireland,2008,3.513,renewables_share
Annual,Renewable energy - heating and cooling,Percentage,Ireland,2009,4.181,renewables_share
Annual,Renewable energy - heating and cooling,Percentage,Ireland,2010,4.281,renewables_share
Annual,Renewable energy - heating and cooling,Percentage,Ireland,2011,4.657,renewables_share
Annual,Renewable energy - heating and cooling,Percentage,Ireland,2012,4.849,renewables_share
Annual,Renewable energy - heating and cooling,Percentage,Ireland,2013,5.185,renewables_share
Annual,Renewable energy - heating and cooling,Percentage,Ireland,2014,6.261,renewables_share
Annual,Renewable energy - heating and cooling,Percentage,Ireland,2015,6.184,renewables_share
Annual,Renewable energy - heating and cooling,Percentage,Ireland,2016,6.243,renewables_share
Annual,Renewable energy - heating and cooling,Percentage,Ireland,2017,6.624,renewables_share
Annual,Renewable energy - heating and cooling,Percentage,Ireland,2018,6.381,renewables_share
Annual,Renewable energy - heating and cooling,Percentage,Ireland,2019,6.344,renewables_share
Annual,Renewable energy - heating and cooling,Percentage,Ireland,2020,6.264,renewables_share
Annual,Renewable energy - heating and cooling,Percentage,Ireland,2021,5.421,renewables_share
Annual,Renewable energy - heating and cooling,Percentage,Ireland,2022,5.334,renewables_share
Annual,Renewable energy - heating and cooling,Percentage,Ireland,2023,7.778,renewables_share
Annual,Renewable energy - heating and cooling,Percentage,Ireland,2024,7.913,renewables_share
Annual,Renewable energy - heating and cooling,Percentage,Greece,2004,13.465,renewables_share
Annual,Renewable energy - heating and cooling,Percentage,Greece,2005,13.384,renewables_share
Annual,Renewable energy - heating and cooling,Percentage,Greece,2006,13.095,renewables_share
Annual,Renewable energy - heating and cooling,Percentage,Greece,2007,14.675,renewables_share
Annual,Renewable energy - heating and cooling,Percentage,Greece,2008,14.718,renewables_share
Annual,Renewable energy - heating and cooling,Percentage,Greece,2009,17.247,renewables_share
Annual,Renewable energy - heating and cooling,Percentage,Greece,2010,18.658,renewables_share
Annual,Renewable energy - heating and cooling,Percentage,Greece,2011,20.111,renewables_share
Annual,Renewable energy - heating and cooling,Percentage,Greece,2012,24.122,renewables_share
Annual,Renewable energy - heating and cooling,Percentage,Greece,2013,27.418,renewables_share
Annual,Renewable energy - heating and cooling,Percentage,Greece,2014,27.87,renewables_share
Annual,Renewable energy - heating and cooling,Percentage,Greece,2015,26.557,renewables_share
Annual,Renewable energy - heating and cooling,Percentage,Greece,2016,25.422,renewables_share
Annual,Renewable energy - heating and cooling,Percentage,Greece,2017,28.246,renewables_share
Annual,Renewable energy - heating and cooling,Percentage,Greece,2018,30.123,renewables_share
Annual,Renewable energy - heating and cooling,Percentage,Greece,2019,30.048,renewables_share
Annual,Renewable energy - heating and cooling,Percentage,Greece,2020,31.941,renewables_share
Annual,Renewable energy - heating and cooling,Percentage,Greece,2021,31.081,renewables_share
Annual,Renewable energy - heating and cooling,Percentage,Greece,2022,30.622,renewables_share
Annual,Renewable energy - heating and cooling,Percentage,Greece,2023,35.547,renewables_share
Annual,Renewable energy - heating and cooling,Percentage,Greece,2024,32.639,renewables_share
Annual,Renewable energy - heating and cooling,Percentage,Spain,2004,9.55,renewables_share
Annual,Renewable energy - heating and cooling,Percentage,Spain,2005,9.409,renewables_share
Annual,Renewable energy - heating and cooling,Percentage,Spain,2006,11.376,renewables_share
Annual,Renewable energy - heating and cooling,Percentage,Spain,2007,11.246,renewables_share
Annual,Renewable energy - heating and cooling,Percentage,Spain,2008,11.618,renewables_share
Annual,Renewable energy - heating and cooling,Percentage,Spain,2009,13.218,renewables_share
Annual,Renewable energy - heating and cooling,Percentage,Spain,2010,12.498,renewables_share
Annual,Renewable energy - heating and cooling,Percentage,Spain,2011,13.469,renewables_share
Annual,Renewable energy - heating and cooling,Percentage,Spain,2012,13.969,renewables_share
Annual,Renewable energy - heating and cooling,Percentage,Spain,2013,13.967,renewables_share
Annual,Renewable energy - heating and cooling,Percentage,Spain,2014,15.557,renewables_share
Annual,Renewable energy - heating and cooling,Percentage,Spain,2015,16.85,renewables_share
Annual,Renewable energy - heating and cooling,Percentage,Spain,2016,15.898,renewables_share
Annual,Renewable energy - heating and cooling,Percentage,Spain,2017,16.205,renewables_share
Annual,Renewable energy - heating and cooling,Percentage,Spain,2018,16.135,renewables_share
Annual,Renewable energy - heating and cooling,Percentage,Spain,2019,17.203,renewables_share
Annual,Renewable energy - heating and cooling,Percentage,Spain,2020,17.966,renewables_share
Annual,Renewable energy - heating and cooling,Percentage,Spain,2021,16.971,renewables_share
Annual,Renewable energy - heating and cooling,Percentage,Spain,2022,19.332,renewables_share
Annual,Renewable energy - heating and cooling,Percentage,Spain,2023,21.904,renewables_share
Annual,Renewable energy - heating and cooling,Percentage,Spain,2024,21.572,renewables_share
Annual,Renewable energy - heating and cooling,Percentage,France,2004,12.531,renewables_share
Annual,Renewable energy - heating and cooling,Percentage,France,2005,12.363,renewables_share
Annual,Renewable energy - heating and cooling,Percentage,France,2006,11.696,renewables_share
Annual,Renewable energy - heating and cooling,Percentage,France,2007,12.787,renewables_share
Annual,Renewable energy - heating and cooling,Percentage,France,2008,13.283,renewables_share
Annual,Renewable energy - heating and cooling,Percentage,France,2009,15.038,renewables_share
Annual,Renewable energy - heating and cooling,Percentage,France,2010,16.16,renewables_share
Annual,Renewable energy - heating and cooling,Percentage,France,2011,15.263,renewables_share
Annual,Renewable energy - heating and cooling,Percentage,France,2012,16.589,renewables_share
Annual,Renewable energy - heating and cooling,Percentage,France,2013,17.608,renewables_share
Annual,Renewable energy - heating and cooling,Percentage,France,2014,18.047,renewables_share
Annual,Renewable energy - heating and cooling,Percentage,France,2015,18.879,renewables_share
Annual,Renewable energy - heating and cooling,Percentage,France,2016,20.12,renewables_share
Annual,Renewable energy - heating and cooling,Percentage,France,2017,20.599,renewables_share
Annual,Renewable energy - heating and cooling,Percentage,France,2018,21.216,renewables_share
Annual,Renewable energy - heating and cooling,Percentage,France,2019,22.36,renewables_share
Annual,Renewable energy - heating and cooling,Percentage,France,2020,23.368,renewables_share
Annual,Renewable energy - heating and cooling,Percentage,France,2021,24.757,renewables_share
Annual,Renewable energy - heating and cooling,Percentage,France,2022,26.603,renewables_share
Annual,Renewable energy - heating and cooling,Percentage,France,2023,30.182,renewables_share
Annual,Renewable energy - heating and cooling,Percentage,France,2024,31.316,renewables_share
Annual,Renewable energy - heating and cooling,Percentage,Croatia,2004,29.406,renewables_share
Annual,Renewable energy - heating and cooling,Percentage,Croatia,2005,30.002,renewables_share
Annual,Renewable energy - heating and cooling,Percentage,Croatia,2006,29.069,renewables_share
Annual,Renewable energy - heating and cooling,Percentage,Croatia,2007,29.301,renewables_share
Annual,Renewable energy - heating and cooling,Percentage,Croatia,2008,28.818,renewables_share
Annual,Renewable energy - heating and cooling,Percentage,Croatia,2009,31.298,renewables_share
Annual,Renewable energy - heating and cooling,Percentage,Croatia,2010,32.881,renewables_share
Annual,Renewable energy - heating and cooling,Percentage,Croatia,2011,33.82,renewables_share
Annual,Renewable energy - heating and cooling,Percentage,Croatia,2012,36.554,renewables_share
Annual,Renewable energy - heating and cooling,Percentage,Croatia,2013,37.308,renewables_share
Annual,Renewable energy - heating and cooling,Percentage,Croatia,2014,36.219,renewables_share
Annual,Renewable energy - heating and cooling,Percentage,Croatia,2015,38.619,renewables_share
Annual,Renewable energy - heating and cooling,Percentage,Croatia,2016,37.636,renewables_share
Annual,Renewable energy - heating and cooling,Percentage,Croatia,2017,36.627,renewables_share
Annual,Renewable energy - heating and cooling,Percentage,Croatia,2018,36.65,renewables_share
Annual,Renewable energy - heating and cooling,Percentage,Croatia,2019,36.791,renewables_share
Annual,Renewable energy - heating and cooling,Percentage,Croatia,2020,36.928,renewables_share
Annual,Renewable energy - heating and cooling,Percentage,Croatia,2021,38.006,renewables_share
Annual,Renewable energy - heating and cooling,Percentage,Croatia,2022,37.213,renewables_share
Annual,Renewable energy - heating and cooling,Percentage,Croatia,2023,36.173,renewables_share
Annual,Renewable energy - heating and cooling,Percentage,Croatia,2024,34.805,renewables_share
Annual,Renewable energy - heating and cooling,Percentage,Italy,2004,5.713,renewables_share
Annual,Renewable energy - heating and cooling,Percentage,Italy,2005,8.223,renewables_share
Annual,Renewable energy - heating and cooling,Percentage,Italy,2006,10.094,renewables_share
Annual,Renewable energy - heating and cooling,Percentage,Italy,2007,13.334,renewables_share
Annual,Renewable energy - heating and cooling,Percentage,Italy,2008,15.311,renewables_share
Annual,Renewable energy - heating and cooling,Percentage,Italy,2009,16.431,renewables_share
Annual,Renewable energy - heating and cooling,Percentage,Italy,2010,15.642,renewables_share
Annual,Renewable energy - heating and cooling,Percentage,Italy,2011,13.818,renewables_share
Annual,Renewable energy - heating and cooling,Percentage,Italy,2012,16.984,renewables_share
Annual,Renewable energy - heating and cooling,Percentage,Italy,2013,18.092,renewables_share
Annual,Renewable energy - heating and cooling,Percentage,Italy,2014,18.914,renewables_share
Annual,Renewable energy - heating and cooling,Percentage,Italy,2015,19.255,renewables_share
Annual,Renewable energy - heating and cooling,Percentage,Italy,2016,18.887,renewables_share
Annual,Renewable energy - heating and cooling,Percentage,Italy,2017,20.083,renewables_share
Annual,Renewable energy - heating and cooling,Percentage,Italy,2018,19.279,renewables_share
Annual,Renewable energy - heating and cooling,Percentage,Italy,2019,19.699,renewables_share
Annual,Renewable energy - heating and cooling,Percentage,Italy,2020,19.949,renewables_share
Annual,Renewable energy - heating and cooling,Percentage,Italy,2021,19.354,renewables_share
Annual,Renewable energy - heating and cooling,Percentage,Italy,2022,19.901,renewables_share
Annual,Renewable energy - heating and cooling,Percentage,Italy,2023,20.283,renewables_share
Annual,Renewable energy - heating and cooling,Percentage,Italy,2024,20.223,renewables_share
Annual,Renewable energy - heating and cooling,Percentage,Cyprus,2004,9.264,renewables_share
Annual,Renewable energy - heating and cooling,Percentage,Cyprus,2005,9.97,renewables_share
Annual,Renewable energy - heating and cooling,Percentage,Cyprus,2006,10.434,renewables_share
Annual,Renewable energy - heating and cooling,Percentage,Cyprus,2007,13.064,renewables_share
Annual,Renewable energy - heating and cooling,Percentage,Cyprus,2008,14.469,renewables_share
Annual,Renewable energy - heating and cooling,Percentage,Cyprus,2009,17.313,renewables_share
Annual,Renewable energy - heating and cooling,Percentage,Cyprus,2010,18.813,renewables_share
Annual,Renewable energy - heating and cooling,Percentage,Cyprus,2011,19.977,renewables_share
Annual,Renewable energy - heating and cooling,Percentage,Cyprus,2012,21.764,renewables_share
Annual,Renewable energy - heating and cooling,Percentage,Cyprus,2013,22.537,renewables_share
Annual,Renewable energy - heating and cooling,Percentage,Cyprus,2014,22.186,renewables_share
Annual,Renewable energy - heating and cooling,Percentage,Cyprus,2015,24.066,renewables_share
Annual,Renewable energy - heating and cooling,Percentage,Cyprus,2016,24.69,renewables_share
Annual,Renewable energy - heating and cooling,Percentage,Cyprus,2017,26.42,renewables_share
Annual,Renewable energy - heating and cooling,Percentage,Cyprus,2018,37.164,renewables_share
Annual,Renewable energy - heating and cooling,Percentage,Cyprus,2019,35.051,renewables_share
Annual,Renewable energy - heating and cooling,Percentage,Cyprus,2020,37.117,renewables_share
Annual,Renewable energy - heating and cooling,Percentage,Cyprus,2021,42.595,renewables_share
Annual,Renewable energy - heating and cooling,Percentage,Cyprus,2022,41.56,renewables_share
Annual,Renewable energy - heating and cooling,Percentage,Cyprus,2023,42.75,renewables_share
Annual,Renewable energy - heating and cooling,Percentage,Cyprus,2024,42.297,renewables_share
Annual,Renewable energy - heating and cooling,Percentage,Latvia,2004,42.488,renewables_share
Annual,Renewable energy - heating and cooling,Percentage,Latvia,2005,42.679,renewables_share
Annual,Renewable energy - heating and cooling,Percentage,Latvia,2006,42.594,renewables_share
Annual,Renewable energy - heating and cooling,Percentage,Latvia,2007,42.363,renewables_share
Annual,Renewable energy - heating and cooling,Percentage,Latvia,2008,42.937,renewables_share
Annual,Renewable energy - heating and cooling,Percentage,Latvia,2009,47.887,renewables_share
Annual,Renewable energy - heating and cooling,Percentage,Latvia,2010,40.745,renewables_share
Annual,Renewable energy - heating and cooling,Percentage,Latvia,2011,44.71,renewables_share
Annual,Renewable energy - heating and cooling,Percentage,Latvia,2012,47.265,renewables_share
Annual,Renewable energy - heating and cooling,Percentage,Latvia,2013,49.65,renewables_share
Annual,Renewable energy - heating and cooling,Percentage,Latvia,2014,52.15,renewables_share
Annual,Renewable energy - heating and cooling,Percentage,Latvia,2015,51.738,renewables_share
Annual,Renewable energy - heating and cooling,Percentage,Latvia,2016,51.812,renewables_share
Annual,Renewable energy - heating and cooling,Percentage,Latvia,2017,54.582,renewables_share
Annual,Renewable energy - heating and cooling,Percentage,Latvia,2018,55.413,renewables_share
Annual,Renewable energy - heating and cooling,Percentage,Latvia,2019,57.749,renewables_share
Annual,Renewable energy - heating and cooling,Percentage,Latvia,2020,57.094,renewables_share
Annual,Renewable energy - heating and cooling,Percentage,Latvia,2021,57.383,renewables_share
Annual,Renewable energy - heating and cooling,Percentage,Latvia,2022,60.996,renewables_share
Annual,Renewable energy - heating and cooling,Percentage,Latvia,2023,61.401,renewables_share
Annual,Renewable energy - heating and cooling,Percentage,Latvia,2024,61.787,renewables_share
Annual,Renewable energy - heating and cooling,Percentage,Lithuania,2004,30.439,renewables_share
Annual,Renewable energy - heating and cooling,Percentage,Lithuania,2005,29.318,renewables_share
Annual,Renewable energy - heating and cooling,Percentage,Lithuania,2006,29.227,renewables_share
Annual,Renewable energy - heating and cooling,Percentage,Lithuania,2007,29.094,renewables_share
Annual,Renewable energy - heating and cooling,Percentage,Lithuania,2008,31.992,renewables_share
Annual,Renewable energy - heating and cooling,Percentage,Lithuania,2009,33.72,renewables_share
Annual,Renewable energy - heating and cooling,Percentage,Lithuania,2010,32.534,renewables_share
Annual,Renewable energy - heating and cooling,Percentage,Lithuania,2011,32.788,renewables_share
Annual,Renewable energy - heating and cooling,Percentage,Lithuania,2012,34.535,renewables_share
Annual,Renewable energy - heating and cooling,Percentage,Lithuania,2013,36.873,renewables_share
Annual,Renewable energy - heating and cooling,Percentage,Lithuania,2014,40.628,renewables_share
Annual,Renewable energy - heating and cooling,Percentage,Lithuania,2015,46.081,renewables_share
Annual,Renewable energy - heating and cooling,Percentage,Lithuania,2016,46.563,renewables_share
Annual,Renewable energy - heating and cooling,Percentage,Lithuania,2017,46.495,renewables_share
Annual,Renewable energy - heating and cooling,Percentage,Lithuania,2018,46.016,renewables_share
Annual,Renewable energy - heating and cooling,Percentage,Lithuania,2019,47.372,renewables_share
Annual,Renewable energy - heating and cooling,Percentage,Lithuania,2020,50.35,renewables_share
Annual,Renewable energy - heating and cooling,Percentage,Lithuania,2021,48.625,renewables_share
Annual,Renewable energy - heating and cooling,Percentage,Lithuania,2022,51.54,renewables_share
Annual,Renewable energy - heating and cooling,Percentage,Lithuania,2023,53.611,renewables_share
Annual,Renewable energy - heating and cooling,Percentage,Lithuania,2024,52.084,renewables_share
Annual,Renewable energy - heating and cooling,Percentage,Luxembourg,2004,1.822,renewables_share
Annual,Renewable energy - heating and cooling,Percentage,Luxembourg,2005,3.612,renewables_share
Annual,Renewable energy - heating and cooling,Percentage,Luxembourg,2006,3.63,renewables_share
Annual,Renewable energy - heating and cooling,Percentage,Luxembourg,2007,4.354,renewables_share
Annual,Renewable energy - heating and cooling,Percentage,Luxembourg,2008,4.571,renewables_share
Annual,Renewable energy - heating and cooling,Percentage,Luxembourg,2009,4.629,renewables_share
Annual,Renewable energy - heating and cooling,Percentage,Luxembourg,2010,4.704,renewables_share
Annual,Renewable energy - heating and cooling,Percentage,Luxembourg,2011,4.736,renewables_share
Annual,Renewable energy - heating and cooling,Percentage,Luxembourg,2012,4.932,renewables_share
Annual,Renewable energy - heating and cooling,Percentage,Luxembourg,2013,5.33,renewables_share
Annual,Renewable energy - heating and cooling,Percentage,Luxembourg,2014,7.07,renewables_share
Annual,Renewable energy - heating and cooling,Percentage,Luxembourg,2015,6.858,renewables_share
Annual,Renewable energy - heating and cooling,Percentage,Luxembourg,2016,7.058,renewables_share
Annual,Renewable energy - heating and cooling,Percentage,Luxembourg,2017,7.45,renewables_share
Annual,Renewable energy - heating and cooling,Percentage,Luxembourg,2018,8.362,renewables_share
Annual,Renewable energy - heating and cooling,Percentage,Luxembourg,2019,8.687,renewables_share
Annual,Renewable energy - heating and cooling,Percentage,Luxembourg,2020,12.614,renewables_share
Annual,Renewable energy - heating and cooling,Percentage,Luxembourg,2021,12.842,renewables_share
Annual,Renewable energy - heating and cooling,Percentage,Luxembourg,2022,14.976,renewables_share
Annual,Renewable energy - heating and cooling,Percentage,Luxembourg,2023,15.388,renewables_share
Annual,Renewable energy - heating and cooling,Percentage,Luxembourg,2024,19.033,renewables_share
Annual,Renewable energy - heating and cooling,Percentage,Hungary,2004,6.45,renewables_share
Annual,Renewable energy - heating and cooling,Percentage,Hungary,2005,9.935,renewables_share
Annual,Renewable energy - heating and cooling,Percentage,Hungary,2006,11.38,renewables_share
Annual,Renewable energy - heating and cooling,Percentage,Hungary,2007,13.544,renewables_share
Annual,Renewable energy - heating and cooling,Percentage,Hungary,2008,11.97,renewables_share
Annual,Renewable energy - heating and cooling,Percentage,Hungary,2009,17.019,renewables_share
Annual,Renewable energy - heating and cooling,Percentage,Hungary,2010,18.077,renewables_share
Annual,Renewable energy - heating and cooling,Percentage,Hungary,2011,20.043,renewables_share
Annual,Renewable energy - heating and cooling,Percentage,Hungary,2012,23.313,renewables_share
Annual,Renewable energy - heating and cooling,Percentage,Hungary,2013,23.699,renewables_share
Annual,Renewable energy - heating and cooling,Percentage,Hungary,2014,21.283,renewables_share
Annual,Renewable energy - heating and cooling,Percentage,Hungary,2015,21.335,renewables_share
Annual,Renewable energy - heating and cooling,Percentage,Hungary,2016,21.027,renewables_share
Annual,Renewable energy - heating and cooling,Percentage,Hungary,2017,19.902,renewables_share
Annual,Renewable energy - heating and cooling,Percentage,Hungary,2018,18.204,renewables_share
Annual,Renewable energy - heating and cooling,Percentage,Hungary,2019,18.16,renewables_share
Annual,Renewable energy - heating and cooling,Percentage,Hungary,2020,17.72,renewables_share
Annual,Renewable energy - heating and cooling,Percentage,Hungary,2021,17.898,renewables_share
Annual,Renewable energy - heating and cooling,Percentage,Hungary,2022,20.232,renewables_share
Annual,Renewable energy - heating and cooling,Percentage,Hungary,2023,22.268,renewables_share
Annual,Renewable energy - heating and cooling,Percentage,Hungary,2024,22.608,renewables_share
Annual,Renewable energy - heating and cooling,Percentage,Malta,2004,1.035,renewables_share
Annual,Renewable energy - heating and cooling,Percentage,Malta,2005,1.028,renewables_share
Annual,Renewable energy - heating and cooling,Percentage,Malta,2006,1.363,renewables_share
Annual,Renewable energy - heating and cooling,Percentage,Malta,2007,1.507,renewables_share
Annual,Renewable energy - heating and cooling,Percentage,Malta,2008,1.696,renewables_share
Annual,Renewable energy - heating and cooling,Percentage,Malta,2009,2.011,renewables_share
Annual,Renewable energy - heating and cooling,Percentage,Malta,2010,7.282,renewables_share
Annual,Renewable energy - heating and cooling,Percentage,Malta,2011,12.026,renewables_share
Annual,Renewable energy - heating and cooling,Percentage,Malta,2012,13.397,renewables_share
Annual,Renewable energy - heating and cooling,Percentage,Malta,2013,15.399,renewables_share
Annual,Renewable energy - heating and cooling,Percentage,Malta,2014,15.028,renewables_share
Annual,Renewable energy - heating and cooling,Percentage,Malta,2015,14.639,renewables_share
Annual,Renewable energy - heating and cooling,Percentage,Malta,2016,16.854,renewables_share
Annual,Renewable energy - heating and cooling,Percentage,Malta,2017,19.314,renewables_share
Annual,Renewable energy - heating and cooling,Percentage,Malta,2018,22.825,renewables_share
Annual,Renewable energy - heating and cooling,Percentage,Malta,2019,23.602,renewables_share
Annual,Renewable energy - heating and cooling,Percentage,Malta,2020,23.027,renewables_share
Annual,Renewable energy - heating and cooling,Percentage,Malta,2021,32.606,renewables_share
Annual,Renewable energy - heating and cooling,Percentage,Malta,2022,40.224,renewables_share
Annual,Renewable energy - heating and cooling,Percentage,Malta,2023,53.231,renewables_share
Annual,Renewable energy - heating and cooling,Percentage,Malta,2024,59.209,renewables_share
Annual,Renewable energy - heating and cooling,Percentage,Netherlands,2004,2.178,renewables_share
Annual,Renewable energy - heating and cooling,Percentage,Netherlands,2005,2.379,renewables_share
Annual,Renewable energy - heating and cooling,Percentage,Netherlands,2006,2.7,renewables_share
Annual,Renewable energy - heating and cooling,Percentage,Netherlands,2007,2.914,renewables_share
Annual,Renewable energy - heating and cooling,Percentage,Netherlands,2008,3.024,renewables_share
Annual,Renewable energy - heating and cooling,Percentage,Netherlands,2009,3.37,renewables_share
Annual,Renewable energy - heating and cooling,Percentage,Netherlands,2010,3.1,renewables_share
Annual,Renewable energy - heating and cooling,Percentage,Netherlands,2011,3.688,renewables_share
Annual,Renewable energy - heating and cooling,Percentage,Netherlands,2012,3.768,renewables_share
Annual,Renewable energy - heating and cooling,Percentage,Netherlands,2013,4.002,renewables_share
Annual,Renewable energy - heating and cooling,Percentage,Netherlands,2014,4.925,renewables_share
Annual,Renewable energy - heating and cooling,Percentage,Netherlands,2015,5.278,renewables_share
Annual,Renewable energy - heating and cooling,Percentage,Netherlands,2016,5.192,renewables_share
Annual,Renewable energy - heating and cooling,Percentage,Netherlands,2017,5.75,renewables_share
Annual,Renewable energy - heating and cooling,Percentage,Netherlands,2018,6.16,renewables_share
Annual,Renewable energy - heating and cooling,Percentage,Netherlands,2019,7.217,renewables_share
Annual,Renewable energy - heating and cooling,Percentage,Netherlands,2020,8.053,renewables_share
Annual,Renewable energy - heating and cooling,Percentage,Netherlands,2021,8.071,renewables_share
Annual,Renewable energy - heating and cooling,Percentage,Netherlands,2022,9.192,renewables_share
Annual,Renewable energy - heating and cooling,Percentage,Netherlands,2023,10.359,renewables_share
Annual,Renewable energy - heating and cooling,Percentage,Netherlands,2024,11.274,renewables_share
Annual,Renewable energy - heating and cooling,Percentage,Austria,2004,20.165,renewables_share
Annual,Renewable energy - heating and cooling,Percentage,Austria,2005,22.817,renewables_share
Annual,Renewable energy - heating and cooling,Percentage,Austria,2006,24.491,renewables_share
Annual,Renewable energy - heating and cooling,Percentage,Austria,2007,27.142,renewables_share
Annual,Renewable energy - heating and cooling,Percentage,Austria,2008,27.195,renewables_share
Annual,Renewable energy - heating and cooling,Percentage,Austria,2009,29.626,renewables_share
Annual,Renewable energy - heating and cooling,Percentage,Austria,2010,30.959,renewables_share
Annual,Renewable energy - heating and cooling,Percentage,Austria,2011,31.517,renewables_share
Annual,Renewable energy - heating and cooling,Percentage,Austria,2012,33.077,renewables_share
Annual,Renewable energy - heating and cooling,Percentage,Austria,2013,33.222,renewables_share
Annual,Renewable energy - heating and cooling,Percentage,Austria,2014,33.375,renewables_share
Annual,Renewable energy - heating and cooling,Percentage,Austria,2015,33.231,renewables_share
Annual,Renewable energy - heating and cooling,Percentage,Austria,2016,33.48,renewables_share
Annual,Renewable energy - heating and cooling,Percentage,Austria,2017,33.67,renewables_share
Annual,Renewable energy - heating and cooling,Percentage,Austria,2018,34.178,renewables_share
Annual,Renewable energy - heating and cooling,Percentage,Austria,2019,33.929,renewables_share
Annual,Renewable energy - heating and cooling,Percentage,Austria,2020,34.995,renewables_share
Annual,Renewable energy - heating and cooling,Percentage,Austria,2021,33.127,renewables_share
Annual,Renewable energy - heating and cooling,Percentage,Austria,2022,31.819,renewables_share
Annual,Renewable energy - heating and cooling,Percentage,Austria,2023,40.77,renewables_share
Annual,Renewable energy - heating and cooling,Percentage,Austria,2024,42.169,renewables_share
Annual,Renewable energy - heating and cooling,Percentage,Poland,2004,10.207,renewables_share
Annual,Renewable energy - heating and cooling,Percentage,Poland,2005,10.161,renewables_share
Annual,Renewable energy - heating and cooling,Percentage,Poland,2006,10.168,renewables_share
Annual,Renewable energy - heating and cooling,Percentage,Poland,2007,10.46,renewables_share
Annual,Renewable energy - heating and cooling,Percentage,Poland,2008,10.846,renewables_share
Annual,Renewable energy - heating and cooling,Percentage,Poland,2009,11.607,renewables_share
Annual,Renewable energy - heating and cooling,Percentage,Poland,2010,11.812,renewables_share
Annual,Renewable energy - heating and cooling,Percentage,Poland,2011,13.24,renewables_share
Annual,Renewable energy - heating and cooling,Percentage,Poland,2012,13.497,renewables_share
Annual,Renewable energy - heating and cooling,Percentage,Poland,2013,14.265,renewables_share
Annual,Renewable energy - heating and cooling,Percentage,Poland,2014,14.237,renewables_share
Annual,Renewable energy - heating and cooling,Percentage,Poland,2015,14.795,renewables_share
Annual,Renewable energy - heating and cooling,Percentage,Poland,2016,14.919,renewables_share
Annual,Renewable energy - heating and cooling,Percentage,Poland,2017,14.779,renewables_share
Annual,Renewable energy - heating and cooling,Percentage,Poland,2018,21.473,renewables_share
Annual,Renewable energy - heating and cooling,Percentage,Poland,2019,22.005,renewables_share
Annual,Renewable energy - heating and cooling,Percentage,Poland,2020,22.143,renewables_share
Annual,Renewable energy - heating and cooling,Percentage,Poland,2021,20.978,renewables_share
Annual,Renewable energy - heating and cooling,Percentage,Poland,2022,22.095,renewables_share
Annual,Renewable energy - heating and cooling,Percentage,Poland,2023,20.61,renewables_share
Annual,Renewable energy - heating and cooling,Percentage,Poland,2024,21.287,renewables_share
Annual,Renewable energy - heating and cooling,Percentage,Portugal,2004,32.49,renewables_share
Annual,Renewable energy - heating and cooling,Percentage,Portugal,2005,32.075,renewables_share
Annual,Renewable energy - heating and cooling,Percentage,Portugal,2006,34.234,renewables_share
Annual,Renewable energy - heating and cooling,Percentage,Portugal,2007,34.951,renewables_share
Annual,Renewable energy - heating and cooling,Percentage,Portugal,2008,37.451,renewables_share
Annual,Renewable energy - heating and cooling,Percentage,Portugal,2009,37.931,renewables_share
Annual,Renewable energy - heating and cooling,Percentage,Portugal,2010,33.814,renewables_share
Annual,Renewable energy - heating and cooling,Percentage,Portugal,2011,35.184,renewables_share
Annual,Renewable energy - heating and cooling,Percentage,Portugal,2012,33.153,renewables_share
Annual,Renewable energy - heating and cooling,Percentage,Portugal,2013,34.628,renewables_share
Annual,Renewable energy - heating and cooling,Percentage,Portugal,2014,40.454,renewables_share
Annual,Renewable energy - heating and cooling,Percentage,Portugal,2015,40.1,renewables_share
Annual,Renewable energy - heating and cooling,Percentage,Portugal,2016,41.614,renewables_share
Annual,Renewable energy - heating and cooling,Percentage,Portugal,2017,41.022,renewables_share
Annual,Renewable energy - heating and cooling,Percentage,Portugal,2018,40.924,renewables_share
Annual,Renewable energy - heating and cooling,Percentage,Portugal,2019,41.657,renewables_share
Annual,Renewable energy - heating and cooling,Percentage,Portugal,2020,41.546,renewables_share
Annual,Renewable energy - heating and cooling,Percentage,Portugal,2021,42.681,renewables_share
Annual,Renewable energy - heating and cooling,Percentage,Portugal,2022,45.545,renewables_share
Annual,Renewable energy - heating and cooling,Percentage,Portugal,2023,47.098,renewables_share
Annual,Renewable energy - heating and cooling,Percentage,Portugal,2024,46.952,renewables_share
Annual,Renewable energy - heating and cooling,Percentage,Romania,2004,17.337,renewables_share
Annual,Renewable energy - heating and cooling,Percentage,Romania,2005,17.928,renewables_share
Annual,Renewable energy - heating and cooling,Percentage,Romania,2006,17.582,renewables_share
Annual,Renewable energy - heating and cooling,Percentage,Romania,2007,19.465,renewables_share
Annual,Renewable energy - heating and cooling,Percentage,Romania,2008,23.167,renewables_share
Annual,Renewable energy - heating and cooling,Percentage,Romania,2009,26.433,renewables_share
Annual,Renewable energy - heating and cooling,Percentage,Romania,2010,27.227,renewables_share
Annual,Renewable energy - heating and cooling,Percentage,Romania,2011,24.306,renewables_share
Annual,Renewable energy - heating and cooling,Percentage,Romania,2012,25.745,renewables_share
Annual,Renewable energy - heating and cooling,Percentage,Romania,2013,26.195,renewables_share
Annual,Renewable energy - heating and cooling,Percentage,Romania,2014,26.739,renewables_share
Annual,Renewable energy - heating and cooling,Percentage,Romania,2015,25.886,renewables_share
Annual,Renewable energy - heating and cooling,Percentage,Romania,2016,26.865,renewables_share
Annual,Renewable energy - heating and cooling,Percentage,Romania,2017,26.581,renewables_share
Annual,Renewable energy - heating and cooling,Percentage,Romania,2018,25.434,renewables_share
Annual,Renewable energy - heating and cooling,Percentage,Romania,2019,25.739,renewables_share
Annual,Renewable energy - heating and cooling,Percentage,Romania,2020,25.327,renewables_share
Annual,Renewable energy - heating and cooling,Percentage,Romania,2021,24.573,renewables_share
Annual,Renewable energy - heating and cooling,Percentage,Romania,2022,26.251,renewables_share
Annual,Renewable energy - heating and cooling,Percentage,Romania,2023,29.126,renewables_share
Annual,Renewable energy - heating and cooling,Percentage,Romania,2024,28.097,renewables_share
Annual,Renewable energy - heating and cooling,Percentage,Slovenia,2004,22.824,renewables_share
Annual,Renewable energy - heating and cooling,Percentage,Slovenia,2005,26.404,renewables_share
Annual,Renewable energy - heating and cooling,Percentage,Slovenia,2006,24.354,renewables_share
Annual,Renewable energy - heating and cooling,Percentage,Slovenia,2007,29.311,renewables_share
Annual,Renewable energy - heating and cooling,Percentage,Slovenia,2008,27.527,renewables_share
Annual,Renewable energy - heating and cooling,Percentage,Slovenia,2009,28.874,renewables_share
Annual,Renewable energy - heating and cooling,Percentage,Slovenia,2010,29.537,renewables_share
Annual,Renewable energy - heating and cooling,Percentage,Slovenia,2011,31.785,renewables_share
Annual,Renewable energy - heating and cooling,Percentage,Slovenia,2012,33.146,renewables_share
Annual,Renewable energy - heating and cooling,Percentage,Slovenia,2013,35.116,renewables_share
Annual,Renewable energy - heating and cooling,Percentage,Slovenia,2014,34.641,renewables_share
Annual,Renewable energy - heating and cooling,Percentage,Slovenia,2015,36.15,renewables_share
Annual,Renewable energy - heating and cooling,Percentage,Slovenia,2016,35.563,renewables_share
Annual,Renewable energy - heating and cooling,Percentage,Slovenia,2017,34.639,renewables_share
Annual,Renewable energy - heating and cooling,Percentage,Slovenia,2018,32.337,renewables_share
Annual,Renewable energy - heating and cooling,Percentage,Slovenia,2019,32.132,renewables_share
Annual,Renewable energy - heating and cooling,Percentage,Slovenia,2020,32.141,renewables_share
Annual,Renewable energy - heating and cooling,Percentage,Slovenia,2021,35.216,renewables_share
Annual,Renewable energy - heating and cooling,Percentage,Slovenia,2022,33.989,renewables_share
Annual,Renewable energy - heating and cooling,Percentage,Slovenia,2023,34.302,renewables_share
Annual,Renewable energy - heating and cooling,Percentage,Slovenia,2024,33.661,renewables_share
Annual,Renewable energy - heating and cooling,Percentage,Slovakia,2004,5.062,renewables_share
Annual,Renewable energy - heating and cooling,Percentage,Slovakia,2005,5.031,renewables_share
Annual,Renewable energy - heating and cooling,Percentage,Slovakia,2006,4.451,renewables_share
Annual,Renewable energy - heating and cooling,Percentage,Slovakia,2007,6.232,renewables_share
Annual,Renewable energy - heating and cooling,Percentage,Slovakia,2008,6.097,renewables_share
Annual,Renewable energy - heating and cooling,Percentage,Slovakia,2009,8.178,renewables_share
Annual,Renewable energy - heating and cooling,Percentage,Slovakia,2010,7.898,renewables_share
Annual,Renewable energy - heating and cooling,Percentage,Slovakia,2011,9.258,renewables_share
Annual,Renewable energy - heating and cooling,Percentage,Slovakia,2012,8.803,renewables_share
Annual,Renewable energy - heating and cooling,Percentage,Slovakia,2013,7.875,renewables_share
Annual,Renewable energy - heating and cooling,Percentage,Slovakia,2014,8.865,renewables_share
Annual,Renewable energy - heating and cooling,Percentage,Slovakia,2015,10.791,renewables_share
Annual,Renewable energy - heating and cooling,Percentage,Slovakia,2016,9.879,renewables_share
Annual,Renewable energy - heating and cooling,Percentage,Slovakia,2017,9.837,renewables_share
Annual,Renewable energy - heating and cooling,Percentage,Slovakia,2018,10.599,renewables_share
Annual,Renewable energy - heating and cooling,Percentage,Slovakia,2019,19.696,renewables_share
Annual,Renewable energy - heating and cooling,Percentage,Slovakia,2020,19.427,renewables_share
Annual,Renewable energy - heating and cooling,Percentage,Slovakia,2021,19.521,renewables_share
Annual,Renewable energy - heating and cooling,Percentage,Slovakia,2022,19.883,renewables_share
Annual,Renewable energy - heating and cooling,Percentage,Slovakia,2023,18.795,renewables_share
Annual,Renewable energy - heating and cooling,Percentage,Slovakia,2024,20.427,renewables_share
Annual,Renewable energy - heating and cooling,Percentage,Finland,2004,39.504,renewables_share
Annual,Renewable energy - heating and cooling,Percentage,Finland,2005,39.116,renewables_share
Annual,Renewable energy - heating and cooling,Percentage,Finland,2006,41.409,renewables_share
Annual,Renewable energy - heating and cooling,Percentage,Finland,2007,41.434,renewables_share
Annual,Renewable energy - heating and cooling,Percentage,Finland,2008,43.078,renewables_share
Annual,Renewable energy - heating and cooling,Percentage,Finland,2009,42.888,renewables_share
Annual,Renewable energy - heating and cooling,Percentage,Finland,2010,43.973,renewables_share
Annual,Renewable energy - heating and cooling,Percentage,Finland,2011,45.732,renewables_share
Annual,Renewable energy - heating and cooling,Percentage,Finland,2012,48.23,renewables_share
Annual,Renewable energy - heating and cooling,Percentage,Finland,2013,50.772,renewables_share
Annual,Renewable energy - heating and cooling,Percentage,Finland,2014,51.955,renewables_share
Annual,Renewable energy - heating and cooling,Percentage,Finland,2015,52.618,renewables_share
Annual,Renewable energy - heating and cooling,Percentage,Finland,2016,53.704,renewables_share
Annual,Renewable energy - heating and cooling,Percentage,Finland,2017,54.593,renewables_share
Annual,Renewable energy - heating and cooling,Percentage,Finland,2018,54.905,renewables_share
Annual,Renewable energy - heating and cooling,Percentage,Finland,2019,56.884,renewables_share
Annual,Renewable energy - heating and cooling,Percentage,Finland,2020,57.622,renewables_share
Annual,Renewable energy - heating and cooling,Percentage,Finland,2021,52.085,renewables_share
Annual,Renewable energy - heating and cooling,Percentage,Finland,2022,58.292,renewables_share
Annual,Renewable energy - heating and cooling,Percentage,Finland,2023,61.355,renewables_share
Annual,Renewable energy - heating and cooling,Percentage,Finland,2024,62.592,renewables_share
Annual,Renewable energy - heating and cooling,Percentage,Sweden,2004,45.929,renewables_share
Annual,Renewable energy - heating and cooling,Percentage,Sweden,2005,49.022,renewables_share
Annual,Renewable energy - heating and cooling,Percentage,Sweden,2006,52.496,renewables_share
Annual,Renewable energy - heating and cooling,Percentage,Sweden,2007,54.465,renewables_share
Annual,Renewable energy - heating and cooling,Percentage,Sweden,2008,55.778,renewables_share
Annual,Renewable energy - heating and cooling,Percentage,Sweden,2009,59.203,renewables_share
Annual,Renewable energy - heating and cooling,Percentage,Sweden,2010,57.07,renewables_share
Annual,Renewable energy - heating and cooling,Percentage,Sweden,2011,58.519,renewables_share
Annual,Renewable energy - heating and cooling,Percentage,Sweden,2012,60.635,renewables_share
Annual,Renewable energy - heating and cooling,Percentage,Sweden,2013,61.708,renewables_share
Annual,Renewable energy - heating and cooling,Percentage,Sweden,2014,62.566,renewables_share
Annual,Renewable energy - heating and cooling,Percentage,Sweden,2015,63.235,renewables_share
Annual,Renewable energy - heating and cooling,Percentage,Sweden,2016,63.412,renewables_share
Annual,Renewable energy - heating and cooling,Percentage,Sweden,2017,63.62,renewables_share
Annual,Renewable energy - heating and cooling,Percentage,Sweden,2018,63.301,renewables_share
Annual,Renewable energy - heating and cooling,Percentage,Sweden,2019,64.394,renewables_share
Annual,Renewable energy - heating and cooling,Percentage,Sweden,2020,66.381,renewables_share
Annual,Renewable energy - heating and cooling,Percentage,Sweden,2021,68.53,renewables_share
Annual,Renewable energy - heating and cooling,Percentage,Sweden,2022,69.81,renewables_share
Annual,Renewable energy - heating and cooling,Percentage,Sweden,2023,67.068,renewables_share
Annual,Renewable energy - heating and cooling,Percentage,Sweden,2024,67.828,renewables_share
Annual,Renewable energy - heating and cooling,Percentage,Iceland,2004,52.343,renewables_share
Annual,Renewable energy - heating and cooling,Percentage,Iceland,2005,53.725,renewables_share
Annual,Renewable energy - heating and cooling,Percentage,Iceland,2006,57.194,renewables_share
Annual,Renewable energy - heating and cooling,Percentage,Iceland,2007,60.91,renewables_share
Annual,Renewable energy - heating and cooling,Percentage,Iceland,2008,64.08,renewables_share
Annual,Renewable energy - heating and cooling,Percentage,Iceland,2009,64.412,renewables_share
Annual,Renewable energy - heating and cooling,Percentage,Iceland,2010,66.188,renewables_share
Annual,Renewable energy - heating and cooling,Percentage,Iceland,2011,68.1,renewables_share
Annual,Renewable energy - heating and cooling,Percentage,Iceland,2012,68.75,renewables_share
Annual,Renewable energy - heating and cooling,Percentage,Iceland,2013,65.893,renewables_share
Annual,Renewable energy - heating and cooling,Percentage,Iceland,2014,67.025,renewables_share
Annual,Renewable energy - heating and cooling,Percentage,Iceland,2015,69.196,renewables_share
Annual,Renewable energy - heating and cooling,Percentage,Iceland,2016,78.245,renewables_share
Annual,Renewable energy - heating and cooling,Percentage,Iceland,2017,78.253,renewables_share
Annual,Renewable energy - heating and cooling,Percentage,Iceland,2018,79.949,renewables_share
Annual,Renewable energy - heating and cooling,Percentage,Iceland,2019,80.896,renewables_share
Annual,Renewable energy - heating and cooling,Percentage,Iceland,2020,80.504,renewables_share
Annual,Renewable energy - heating and cooling,Percentage,Iceland,2021,79.621,renewables_share
Annual,Renewable energy - heating and cooling,Percentage,Iceland,2022,82.031,renewables_share
Annual,Renewable energy - heating and cooling,Percentage,Iceland,2023,83.114,renewables_share
Annual,Renewable energy - heating and cooling,Percentage,Iceland,2024,79.453,renewables_share
Annual,Renewable energy - heating and cooling,Percentage,Norway,2004,25.549,renewables_share
Annual,Renewable energy - heating and cooling,Percentage,Norway,2005,28.837,renewables_share
Annual,Renewable energy - heating and cooling,Percentage,Norway,2006,28.435,renewables_share
Annual,Renewable energy - heating and cooling,Percentage,Norway,2007,29.326,renewables_share
Annual,Renewable energy - heating and cooling,Percentage,Norway,2008,30.918,renewables_share
Annual,Renewable energy - heating and cooling,Percentage,Norway,2009,31.814,renewables_share
Annual,Renewable energy - heating and cooling,Percentage,Norway,2010,33.727,renewables_share
Annual,Renewable energy - heating and cooling,Percentage,Norway,2011,34.671,renewables_share
Annual,Renewable energy - heating and cooling,Percentage,Norway,2012,33.968,renewables_share
Annual,Renewable energy - heating and cooling,Percentage,Norway,2013,32.758,renewables_share
Annual,Renewable energy - heating and cooling,Percentage,Norway,2014,30.907,renewables_share
Annual,Renewable energy - heating and cooling,Percentage,Norway,2015,32.674,renewables_share
Annual,Renewable energy - heating and cooling,Percentage,Norway,2016,32.346,renewables_share
Annual,Renewable energy - heating and cooling,Percentage,Norway,2017,32.464,renewables_share
Annual,Renewable energy - heating and cooling,Percentage,Norway,2018,33.099,renewables_share
Annual,Renewable energy - heating and cooling,Percentage,Norway,2019,35.384,renewables_share
Annual,Renewable energy - heating and cooling,Percentage,Norway,2020,36.126,renewables_share
Annual,Renewable energy - heating and cooling,Percentage,Norway,2021,31.371,renewables_share
Annual,Renewable energy - heating and cooling,Percentage,Norway,2022,33.167,renewables_share
Annual,Renewable energy - heating and cooling,Percentage,Norway,2023,34.073,renewables_share
Annual,Renewable energy - heating and cooling,Percentage,Norway,2024,35.235,renewables_share
Annual,Renewable energy - heating and cooling,Percentage,Bosnia and Herzegovina,2004,,renewables_share
Annual,Renewable energy - heating and cooling,Percentage,Bosnia and Herzegovina,2005,,renewables_share
Annual,Renewable energy - heating and cooling,Percentage,Bosnia and Herzegovina,2006,,renewables_share
Annual,Renewable energy - heating and cooling,Percentage,Bosnia and Herzegovina,2007,,renewables_share
Annual,Renewable energy - heating and cooling,Percentage,Bosnia and Herzegovina,2008,,renewables_share
Annual,Renewable energy - heating and cooling,Percentage,Bosnia and Herzegovina,2009,,renewables_share
Annual,Renewable energy - heating and cooling,Percentage,Bosnia and Herzegovina,2010,,renewables_share
Annual,Renewable energy - heating and cooling,Percentage,Bosnia and Herzegovina,2011,,renewables_share
Annual,Renewable energy - heating and cooling,Percentage,Bosnia and Herzegovina,2012,,renewables_share
Annual,Renewable energy - heating and cooling,Percentage,Bosnia and Herzegovina,2013,,renewables_share
Annual,Renewable energy - heating and cooling,Percentage,Bosnia and Herzegovina,2014,28.626,renewables_share
Annual,Renewable energy - heating and cooling,Percentage,Bosnia and Herzegovina,2015,32.768,renewables_share
Annual,Renewable energy - heating and cooling,Percentage,Bosnia and Herzegovina,2016,32.329,renewables_share
Annual,Renewable energy - heating and cooling,Percentage,Bosnia and Herzegovina,2017,28.739,renewables_share
Annual,Renewable energy - heating and cooling,Percentage,Bosnia and Herzegovina,2018,52.685,renewables_share
Annual,Renewable energy - heating and cooling,Percentage,Bosnia and Herzegovina,2019,55.873,renewables_share
Annual,Renewable energy - heating and cooling,Percentage,Bosnia and Herzegovina,2020,56.623,renewables_share
Annual,Renewable energy - heating and cooling,Percentage,Bosnia and Herzegovina,2021,53.31,renewables_share
Annual,Renewable energy - heating and cooling,Percentage,Bosnia and Herzegovina,2022,57.648,renewables_share
Annual,Renewable energy - heating and cooling,Percentage,Bosnia and Herzegovina,2023,59.672,renewables_share
Annual,Renewable energy - heating and cooling,Percentage,Bosnia and Herzegovina,2024,56.596,renewables_share
Annual,Renewable energy - heating and cooling,Percentage,Montenegro,2004,,renewables_share
Annual,Renewable energy - heating and cooling,Percentage,Montenegro,2005,52.907,renewables_share
Annual,Renewable energy - heating and cooling,Percentage,Montenegro,2006,51.358,renewables_share
Annual,Renewable energy - heating and cooling,Percentage,Montenegro,2007,49.126,renewables_share
Annual,Renewable energy - heating and cooling,Percentage,Montenegro,2008,46.008,renewables_share
Annual,Renewable energy - heating and cooling,Percentage,Montenegro,2009,62.078,renewables_share
Annual,Renewable energy - heating and cooling,Percentage,Montenegro,2010,76.478,renewables_share
Annual,Renewable energy - heating and cooling,Percentage,Montenegro,2011,81.291,renewables_share
Annual,Renewable energy - heating and cooling,Percentage,Montenegro,2012,79.793,renewables_share
Annual,Renewable energy - heating and cooling,Percentage,Montenegro,2013,68.492,renewables_share
Annual,Renewable energy - heating and cooling,Percentage,Montenegro,2014,67.618,renewables_share
Annual,Renewable energy - heating and cooling,Percentage,Montenegro,2015,68.543,renewables_share
Annual,Renewable energy - heating and cooling,Percentage,Montenegro,2016,69.085,renewables_share
Annual,Renewable energy - heating and cooling,Percentage,Montenegro,2017,65.679,renewables_share
Annual,Renewable energy - heating and cooling,Percentage,Montenegro,2018,64.497,renewables_share
Annual,Renewable energy - heating and cooling,Percentage,Montenegro,2019,62.648,renewables_share
Annual,Renewable energy - heating and cooling,Percentage,Montenegro,2020,64.782,renewables_share
Annual,Renewable energy - heating and cooling,Percentage,Montenegro,2021,63.498,renewables_share
Annual,Renewable energy - heating and cooling,Percentage,Montenegro,2022,64.895,renewables_share
Annual,Renewable energy - heating and cooling,Percentage,Montenegro,2023,66.594,renewables_share
Annual,Renewable energy - heating and cooling,Percentage,Montenegro,2024,68.304,renewables_share
Annual,Renewable energy - heating and cooling,Percentage,Moldova,2004,20.159,renewables_share
Annual,Renewable energy - heating and cooling,Percentage,Moldova,2005,17.417,renewables_share
Annual,Renewable energy - heating and cooling,Percentage,Moldova,2006,18.399,renewables_share
Annual,Renewable energy - heating and cooling,Percentage,Moldova,2007,17.35,renewables_share
Annual,Renewable energy - heating and cooling,Percentage,Moldova,2008,19.02,renewables_share
Annual,Renewable energy - heating and cooling,Percentage,Moldova,2009,21.408,renewables_share
Annual,Renewable energy - heating and cooling,Percentage,Moldova,2010,34.579,renewables_share
Annual,Renewable energy - heating and cooling,Percentage,Moldova,2011,36.339,renewables_share
Annual,Renewable energy - heating and cooling,Percentage,Moldova,2012,39.025,renewables_share
Annual,Renewable energy - heating and cooling,Percentage,Moldova,2013,40.014,renewables_share
Annual,Renewable energy - heating and cooling,Percentage,Moldova,2014,43.634,renewables_share
Annual,Renewable energy - heating and cooling,Percentage,Moldova,2015,44.557,renewables_share
Annual,Renewable energy - heating and cooling,Percentage,Moldova,2016,45.544,renewables_share
Annual,Renewable energy - heating and cooling,Percentage,Moldova,2017,46.099,renewables_share
Annual,Renewable energy - heating and cooling,Percentage,Moldova,2018,45.056,renewables_share
Annual,Renewable energy - heating and cooling,Percentage,Moldova,2019,40.472,renewables_share
Annual,Renewable energy - heating and cooling,Percentage,Moldova,2020,41.173,renewables_share
Annual,Renewable energy - heating and cooling,Percentage,Moldova,2021,36.877,renewables_share
Annual,Renewable energy - heating and cooling,Percentage,Moldova,2022,38.39,renewables_share
Annual,Renewable energy - heating and cooling,Percentage,Moldova,2023,40.655,renewables_share
Annual,Renewable energy - heating and cooling,Percentage,Moldova,2024,36.654,renewables_share
Annual,Renewable energy - heating and cooling,Percentage,North Macedonia,2004,23.308,renewables_share
Annual,Renewable energy - heating and cooling,Percentage,North Macedonia,2005,24.681,renewables_share
Annual,Renewable energy - heating and cooling,Percentage,North Macedonia,2006,24.917,renewables_share
Annual,Renewable energy - heating and cooling,Percentage,North Macedonia,2007,22.491,renewables_share
Annual,Renewable energy - heating and cooling,Percentage,North Macedonia,2008,24.642,renewables_share
Annual,Renewable energy - heating and cooling,Percentage,North Macedonia,2009,29.207,renewables_share
Annual,Renewable energy - heating and cooling,Percentage,North Macedonia,2010,26.503,renewables_share
Annual,Renewable energy - heating and cooling,Percentage,North Macedonia,2011,27.338,renewables_share
Annual,Renewable energy - heating and cooling,Percentage,North Macedonia,2012,29.595,renewables_share
Annual,Renewable energy - heating and cooling,Percentage,North Macedonia,2013,31.762,renewables_share
Annual,Renewable energy - heating and cooling,Percentage,North Macedonia,2014,34.991,renewables_share
Annual,Renewable energy - heating and cooling,Percentage,North Macedonia,2015,34.474,renewables_share
Annual,Renewable energy - heating and cooling,Percentage,North Macedonia,2016,30.924,renewables_share
Annual,Renewable energy - heating and cooling,Percentage,North Macedonia,2017,36.301,renewables_share
Annual,Renewable energy - heating and cooling,Percentage,North Macedonia,2018,32.45,renewables_share
Annual,Renewable energy - heating and cooling,Percentage,North Macedonia,2019,32.066,renewables_share
Annual,Renewable energy - heating and cooling,Percentage,North Macedonia,2020,33.729,renewables_share
Annual,Renewable energy - heating and cooling,Percentage,North Macedonia,2021,40.864,renewables_share
Annual,Renewable energy - heating and cooling,Percentage,North Macedonia,2022,43.786,renewables_share
Annual,Renewable energy - heating and cooling,Percentage,North Macedonia,2023,37.283,renewables_share
Annual,Renewable energy - heating and cooling,Percentage,North Macedonia,2024,37.885,renewables_share
Annual,Renewable energy - heating and cooling,Percentage,Georgia,2004,,renewables_share
Annual,Renewable energy - heating and cooling,Percentage,Georgia,2005,,renewables_share
Annual,Renewable energy - heating and cooling,Percentage,Georgia,2006,,renewables_share
Annual,Renewable energy - heating and cooling,Percentage,Georgia,2007,,renewables_share
Annual,Renewable energy - heating and cooling,Percentage,Georgia,2008,,renewables_share
Annual,Renewable energy - heating and cooling,Percentage,Georgia,2009,,renewables_share
Annual,Renewable energy - heating and cooling,Percentage,Georgia,2010,,renewables_share
Annual,Renewable energy - heating and cooling,Percentage,Georgia,2011,,renewables_share
Annual,Renewable energy - heating and cooling,Percentage,Georgia,2012,,renewables_share
Annual,Renewable energy - heating and cooling,Percentage,Georgia,2013,,renewables_share
Annual,Renewable energy - heating and cooling,Percentage,Georgia,2014,,renewables_share
Annual,Renewable energy - heating and cooling,Percentage,Georgia,2015,,renewables_share
Annual,Renewable energy - heating and cooling,Percentage,Georgia,2016,,renewables_share
Annual,Renewable energy - heating and cooling,Percentage,Georgia,2017,,renewables_share
Annual,Renewable energy - heating and cooling,Percentage,Georgia,2018,,renewables_share
Annual,Renewable energy - heating and cooling,Percentage,Georgia,2019,,renewables_share
Annual,Renewable energy - heating and cooling,Percentage,Georgia,2020,,renewables_share
Annual,Renewable energy - heating and cooling,Percentage,Georgia,2021,12.371,renewables_share
Annual,Renewable energy - heating and cooling,Percentage,Georgia,2022,10.427,renewables_share
Annual,Renewable energy - heating and cooling,Percentage,Georgia,2023,10.781,renewables_share
Annual,Renewable energy - heating and cooling,Percentage,Georgia,2024,9.331,renewables_share
Annual,Renewable energy - heating and cooling,Percentage,Albania,2004,33.138,renewables_share
Annual,Renewable energy - heating and cooling,Percentage,Albania,2005,37.757,renewables_share
Annual,Renewable energy - heating and cooling,Percentage,Albania,2006,30.964,renewables_share
Annual,Renewable energy - heating and cooling,Percentage,Albania,2007,33.15,renewables_share
Annual,Renewable energy - heating and cooling,Percentage,Albania,2008,37.056,renewables_share
Annual,Renewable energy - heating and cooling,Percentage,Albania,2009,34.73,renewables_share
Annual,Renewable energy - heating and cooling,Percentage,Albania,2010,31.257,renewables_share
Annual,Renewable energy - heating and cooling,Percentage,Albania,2011,31.427,renewables_share
Annual,Renewable energy - heating and cooling,Percentage,Albania,2012,39.1,renewables_share
Annual,Renewable energy - heating and cooling,Percentage,Albania,2013,37.766,renewables_share
Annual,Renewable energy - heating and cooling,Percentage,Albania,2014,30.977,renewables_share
Annual,Renewable energy - heating and cooling,Percentage,Albania,2015,34.609,renewables_share
Annual,Renewable energy - heating and cooling,Percentage,Albania,2016,32.495,renewables_share
Annual,Renewable energy - heating and cooling,Percentage,Albania,2017,23.969,renewables_share
Annual,Renewable energy - heating and cooling,Percentage,Albania,2018,21.993,renewables_share
Annual,Renewable energy - heating and cooling,Percentage,Albania,2019,24.754,renewables_share
Annual,Renewable energy - heating and cooling,Percentage,Albania,2020,25.125,renewables_share
Annual,Renewable energy - heating and cooling,Percentage,Albania,2021,21.2,renewables_share
Annual,Renewable energy - heating and cooling,Percentage,Albania,2022,22.087,renewables_share
Annual,Renewable energy - heating and cooling,Percentage,Albania,2023,22.917,renewables_share
Annual,Renewable energy - heating and cooling,Percentage,Albania,2024,3.368,renewables_share
Annual,Renewable energy - heating and cooling,Percentage,Serbia,2004,14.027,renewables_share
Annual,Renewable energy - heating and cooling,Percentage,Serbia,2005,15.563,renewables_share
Annual,Renewable energy - heating and cooling,Percentage,Serbia,2006,15.758,renewables_share
Annual,Renewable energy - heating and cooling,Percentage,Serbia,2007,13.189,renewables_share
Annual,Renewable energy - heating and cooling,Percentage,Serbia,2008,16.73,renewables_share
Annual,Renewable energy - heating and cooling,Percentage,Serbia,2009,26.503,renewables_share
Annual,Renewable energy - heating and cooling,Percentage,Serbia,2010,23.196,renewables_share
Annual,Renewable energy - heating and cooling,Percentage,Serbia,2011,21.089,renewables_share
Annual,Renewable energy - heating and cooling,Percentage,Serbia,2012,23.205,renewables_share
Annual,Renewable energy - heating and cooling,Percentage,Serbia,2013,25.145,renewables_share
Annual,Renewable energy - heating and cooling,Percentage,Serbia,2014,28.844,renewables_share
Annual,Renewable energy - heating and cooling,Percentage,Serbia,2015,26.929,renewables_share
Annual,Renewable energy - heating and cooling,Percentage,Serbia,2016,25.079,renewables_share
Annual,Renewable energy - heating and cooling,Percentage,Serbia,2017,24.896,renewables_share
Annual,Renewable energy - heating and cooling,Percentage,Serbia,2018,24.294,renewables_share
Annual,Renewable energy - heating and cooling,Percentage,Serbia,2019,26.648,renewables_share
Annual,Renewable energy - heating and cooling,Percentage,Serbia,2020,35.68,renewables_share
Annual,Renewable energy - heating and cooling,Percentage,Serbia,2021,35.401,renewables_share
Annual,Renewable energy - heating and cooling,Percentage,Serbia,2022,34.733,renewables_share
Annual,Renewable energy - heating and cooling,Percentage,Serbia,2023,35.88,renewables_share
Annual,Renewable energy - heating and cooling,Percentage,Serbia,2024,37.235,renewables_share
Annual,Renewable energy - heating and cooling,Percentage,Kosovo*,2004,51.857,renewables_share
Annual,Renewable energy - heating and cooling,Percentage,Kosovo*,2005,49.49,renewables_share
Annual,Renewable energy - heating and cooling,Percentage,Kosovo*,2006,48.926,renewables_share
Annual,Renewable energy - heating and cooling,Percentage,Kosovo*,2007,49.214,renewables_share
Annual,Renewable energy - heating and cooling,Percentage,Kosovo*,2008,47.794,renewables_share
Annual,Renewable energy - heating and cooling,Percentage,Kosovo*,2009,47.761,renewables_share
Annual,Renewable energy - heating and cooling,Percentage,Kosovo*,2010,45.549,renewables_share
Annual,Renewable energy - heating and cooling,Percentage,Kosovo*,2011,44.683,renewables_share
Annual,Renewable energy - heating and cooling,Percentage,Kosovo*,2012,49.341,renewables_share
Annual,Renewable energy - heating and cooling,Percentage,Kosovo*,2013,49.72,renewables_share
Annual,Renewable energy - heating and cooling,Percentage,Kosovo*,2014,51.816,renewables_share
Annual,Renewable energy - heating and cooling,Percentage,Kosovo*,2015,46.725,renewables_share
Annual,Renewable energy - heating and cooling,Percentage,Kosovo*,2016,51.785,renewables_share
Annual,Renewable energy - heating and cooling,Percentage,Kosovo*,2017,50.531,renewables_share
Annual,Renewable energy - heating and cooling,Percentage,Kosovo*,2018,56.739,renewables_share
Annual,Renewable energy - heating and cooling,Percentage,Kosovo*,2019,54.793,renewables_share
Annual,Renewable energy - heating and cooling,Percentage,Kosovo*,2020,55.888,renewables_share
Annual,Renewable energy - heating and cooling,Percentage,Kosovo*,2021,52.099,renewables_share
Annual,Renewable energy - heating and cooling,Percentage,Kosovo*,2022,46.069,renewables_share
Annual,Renewable energy - heating and cooling,Percentage,Kosovo*,2023,45.347,renewables_share
Annual,Renewable energy - heating and cooling,Percentage,Kosovo*,2024,42.809,renewables_share
Annual,Renewable energy - heating and cooling - waste heat and cold,Percentage,European Union - 27 countries (from 2020),2004,,renewables_share
Annual,Renewable energy - heating and cooling - waste heat and cold,Percentage,European Union - 27 countries (from 2020),2005,,renewables_share
Annual,Renewable energy - heating and cooling - waste heat and cold,Percentage,European Union - 27 countries (from 2020),2006,,renewables_share
Annual,Renewable energy - heating and cooling - waste heat and cold,Percentage,European Union - 27 countries (from 2020),2007,,renewables_share
Annual,Renewable energy - heating and cooling - waste heat and cold,Percentage,European Union - 27 countries (from 2020),2008,,renewables_share
Annual,Renewable energy - heating and cooling - waste heat and cold,Percentage,European Union - 27 countries (from 2020),2009,,renewables_share
Annual,Renewable energy - heating and cooling - waste heat and cold,Percentage,European Union - 27 countries (from 2020),2010,,renewables_share
Annual,Renewable energy - heating and cooling - waste heat and cold,Percentage,European Union - 27 countries (from 2020),2011,,renewables_share
Annual,Renewable energy - heating and cooling - waste heat and cold,Percentage,European Union - 27 countries (from 2020),2012,,renewables_share
Annual,Renewable energy - heating and cooling - waste heat and cold,Percentage,European Union - 27 countries (from 2020),2013,,renewables_share
Annual,Renewable energy - heating and cooling - waste heat and cold,Percentage,European Union - 27 countries (from 2020),2014,,renewables_share
Annual,Renewable energy - heating and cooling - waste heat and cold,Percentage,European Union - 27 countries (from 2020),2015,,renewables_share
Annual,Renewable energy - heating and cooling - waste heat and cold,Percentage,European Union - 27 countries (from 2020),2016,,renewables_share
Annual,Renewable energy - heating and cooling - waste heat and cold,Percentage,European Union - 27 countries (from 2020),2017,,renewables_share
Annual,Renewable energy - heating and cooling - waste heat and cold,Percentage,European Union - 27 countries (from 2020),2018,,renewables_share
Annual,Renewable energy - heating and cooling - waste heat and cold,Percentage,European Union - 27 countries (from 2020),2019,,renewables_share
Annual,Renewable energy - heating and cooling - waste heat and cold,Percentage,European Union - 27 countries (from 2020),2020,,renewables_share
Annual,Renewable energy - heating and cooling - waste heat and cold,Percentage,European Union - 27 countries (from 2020),2021,23.091,renewables_share
Annual,Renewable energy - heating and cooling - waste heat and cold,Percentage,European Union - 27 countries (from 2020),2022,24.833,renewables_share
Annual,Renewable energy - heating and cooling - waste heat and cold,Percentage,European Union - 27 countries (from 2020),2023,26.294,renewables_share
Annual,Renewable energy - heating and cooling - waste heat and cold,Percentage,European Union - 27 countries (from 2020),2024,26.808,renewables_share
Annual,Renewable energy - heating and cooling - waste heat and cold,Percentage,Euro area – 21 countries (from 2026),2004,,renewables_share
Annual,Renewable energy - heating and cooling - waste heat and cold,Percentage,Euro area – 21 countries (from 2026),2005,,renewables_share
Annual,Renewable energy - heating and cooling - waste heat and cold,Percentage,Euro area – 21 countries (from 2026),2006,,renewables_share
Annual,Renewable energy - heating and cooling - waste heat and cold,Percentage,Euro area – 21 countries (from 2026),2007,,renewables_share
Annual,Renewable energy - heating and cooling - waste heat and cold,Percentage,Euro area – 21 countries (from 2026),2008,,renewables_share
Annual,Renewable energy - heating and cooling - waste heat and cold,Percentage,Euro area – 21 countries (from 2026),2009,,renewables_share
Annual,Renewable energy - heating and cooling - waste heat and cold,Percentage,Euro area – 21 countries (from 2026),2010,,renewables_share
Annual,Renewable energy - heating and cooling - waste heat and cold,Percentage,Euro area – 21 countries (from 2026),2011,,renewables_share
Annual,Renewable energy - heating and cooling - waste heat and cold,Percentage,Euro area – 21 countries (from 2026),2012,,renewables_share
Annual,Renewable energy - heating and cooling - waste heat and cold,Percentage,Euro area – 21 countries (from 2026),2013,,renewables_share
Annual,Renewable energy - heating and cooling - waste heat and cold,Percentage,Euro area – 21 countries (from 2026),2014,,renewables_share
Annual,Renewable energy - heating and cooling - waste heat and cold,Percentage,Euro area – 21 countries (from 2026),2015,,renewables_share
Annual,Renewable energy - heating and cooling - waste heat and cold,Percentage,Euro area – 21 countries (from 2026),2016,,renewables_share
Annual,Renewable energy - heating and cooling - waste heat and cold,Percentage,Euro area – 21 countries (from 2026),2017,,renewables_share
Annual,Renewable energy - heating and cooling - waste heat and cold,Percentage,Euro area – 21 countries (from 2026),2018,,renewables_share
Annual,Renewable energy - heating and cooling - waste heat and cold,Percentage,Euro area – 21 countries (from 2026),2019,,renewables_share
Annual,Renewable energy - heating and cooling - waste heat and cold,Percentage,Euro area – 21 countries (from 2026),2020,,renewables_share
Annual,Renewable energy - heating and cooling - waste heat and cold,Percentage,Euro area – 21 countries (from 2026),2021,20.704,renewables_share
Annual,Renewable energy - heating and cooling - waste heat and cold,Percentage,Euro area – 21 countries (from 2026),2022,22.47,renewables_share
Annual,Renewable energy - heating and cooling - waste heat and cold,Percentage,Euro area – 21 countries (from 2026),2023,24.063,renewables_share
Annual,Renewable energy - heating and cooling - waste heat and cold,Percentage,Euro area – 21 countries (from 2026),2024,24.628,renewables_share
Annual,Renewable energy - heating and cooling - waste heat and cold,Percentage,Euro area – 20 countries (2023-2025),2004,,renewables_share
Annual,Renewable energy - heating and cooling - waste heat and cold,Percentage,Euro area – 20 countries (2023-2025),2005,,renewables_share
Annual,Renewable energy - heating and cooling - waste heat and cold,Percentage,Euro area – 20 countries (2023-2025),2006,,renewables_share
Annual,Renewable energy - heating and cooling - waste heat and cold,Percentage,Euro area – 20 countries (2023-2025),2007,,renewables_share
Annual,Renewable energy - heating and cooling - waste heat and cold,Percentage,Euro area – 20 countries (2023-2025),2008,,renewables_share
Annual,Renewable energy - heating and cooling - waste heat and cold,Percentage,Euro area – 20 countries (2023-2025),2009,,renewables_share
Annual,Renewable energy - heating and cooling - waste heat and cold,Percentage,Euro area – 20 countries (2023-2025),2010,,renewables_share
Annual,Renewable energy - heating and cooling - waste heat and cold,Percentage,Euro area – 20 countries (2023-2025),2011,,renewables_share
Annual,Renewable energy - heating and cooling - waste heat and cold,Percentage,Euro area – 20 countries (2023-2025),2012,,renewables_share
Annual,Renewable energy - heating and cooling - waste heat and cold,Percentage,Euro area – 20 countries (2023-2025),2013,,renewables_share
Annual,Renewable energy - heating and cooling - waste heat and cold,Percentage,Euro area – 20 countries (2023-2025),2014,,renewables_share
Annual,Renewable energy - heating and cooling - waste heat and cold,Percentage,Euro area – 20 countries (2023-2025),2015,,renewables_share
Annual,Renewable energy - heating and cooling - waste heat and cold,Percentage,Euro area – 20 countries (2023-2025),2016,,renewables_share
Annual,Renewable energy - heating and cooling - waste heat and cold,Percentage,Euro area – 20 countries (2023-2025),2017,,renewables_share
Annual,Renewable energy - heating and cooling - waste heat and cold,Percentage,Euro area – 20 countries (2023-2025),2018,,renewables_share
Annual,Renewable energy - heating and cooling - waste heat and cold,Percentage,Euro area – 20 countries (2023-2025),2019,,renewables_share
Annual,Renewable energy - heating and cooling - waste heat and cold,Percentage,Euro area – 20 countries (2023-2025),2020,,renewables_share
Annual,Renewable energy - heating and cooling - waste heat and cold,Percentage,Euro area – 20 countries (2023-2025),2021,20.704,renewables_share
Annual,Renewable energy - heating and cooling - waste heat and cold,Percentage,Euro area – 20 countries (2023-2025),2022,22.47,renewables_share
Annual,Renewable energy - heating and cooling - waste heat and cold,Percentage,Euro area – 20 countries (2023-2025),2023,24.063,renewables_share
Annual,Renewable energy - heating and cooling - waste heat and cold,Percentage,Euro area – 20 countries (2023-2025),2024,24.628,renewables_share
Annual,Renewable energy - heating and cooling - waste heat and cold,Percentage,Belgium,2004,,renewables_share
Annual,Renewable energy - heating and cooling - waste heat and cold,Percentage,Belgium,2005,,renewables_share
Annual,Renewable energy - heating and cooling - waste heat and cold,Percentage,Belgium,2006,,renewables_share
Annual,Renewable energy - heating and cooling - waste heat and cold,Percentage,Belgium,2007,,renewables_share
Annual,Renewable energy - heating and cooling - waste heat and cold,Percentage,Belgium,2008,,renewables_share
Annual,Renewable energy - heating and cooling - waste heat and cold,Percentage,Belgium,2009,,renewables_share
Annual,Renewable energy - heating and cooling - waste heat and cold,Percentage,Belgium,2010,,renewables_share
Annual,Renewable energy - heating and cooling - waste heat and cold,Percentage,Belgium,2011,,renewables_share
Annual,Renewable energy - heating and cooling - waste heat and cold,Percentage,Belgium,2012,,renewables_share
Annual,Renewable energy - heating and cooling - waste heat and cold,Percentage,Belgium,2013,,renewables_share
Annual,Renewable energy - heating and cooling - waste heat and cold,Percentage,Belgium,2014,,renewables_share
Annual,Renewable energy - heating and cooling - waste heat and cold,Percentage,Belgium,2015,,renewables_share
Annual,Renewable energy - heating and cooling - waste heat and cold,Percentage,Belgium,2016,,renewables_share
Annual,Renewable energy - heating and cooling - waste heat and cold,Percentage,Belgium,2017,,renewables_share
Annual,Renewable energy - heating and cooling - waste heat and cold,Percentage,Belgium,2018,,renewables_share
Annual,Renewable energy - heating and cooling - waste heat and cold,Percentage,Belgium,2019,,renewables_share
Annual,Renewable energy - heating and cooling - waste heat and cold,Percentage,Belgium,2020,,renewables_share
Annual,Renewable energy - heating and cooling - waste heat and cold,Percentage,Belgium,2021,9.452,renewables_share
Annual,Renewable energy - heating and cooling - waste heat and cold,Percentage,Belgium,2022,10.632,renewables_share
Annual,Renewable energy - heating and cooling - waste heat and cold,Percentage,Belgium,2023,11.458,renewables_share
Annual,Renewable energy - heating and cooling - waste heat and cold,Percentage,Belgium,2024,11.493,renewables_share
Annual,Renewable energy - heating and cooling - waste heat and cold,Percentage,Bulgaria,2004,,renewables_share
Annual,Renewable energy - heating and cooling - waste heat and cold,Percentage,Bulgaria,2005,,renewables_share
Annual,Renewable energy - heating and cooling - waste heat and cold,Percentage,Bulgaria,2006,,renewables_share
Annual,Renewable energy - heating and cooling - waste heat and cold,Percentage,Bulgaria,2007,,renewables_share
Annual,Renewable energy - heating and cooling - waste heat and cold,Percentage,Bulgaria,2008,,renewables_share
Annual,Renewable energy - heating and cooling - waste heat and cold,Percentage,Bulgaria,2009,,renewables_share
Annual,Renewable energy - heating and cooling - waste heat and cold,Percentage,Bulgaria,2010,,renewables_share
Annual,Renewable energy - heating and cooling - waste heat and cold,Percentage,Bulgaria,2011,,renewables_share
Annual,Renewable energy - heating and cooling - waste heat and cold,Percentage,Bulgaria,2012,,renewables_share
Annual,Renewable energy - heating and cooling - waste heat and cold,Percentage,Bulgaria,2013,,renewables_share
Annual,Renewable energy - heating and cooling - waste heat and cold,Percentage,Bulgaria,2014,,renewables_share
Annual,Renewable energy - heating and cooling - waste heat and cold,Percentage,Bulgaria,2015,,renewables_share
Annual,Renewable energy - heating and cooling - waste heat and cold,Percentage,Bulgaria,2016,,renewables_share
Annual,Renewable energy - heating and cooling - waste heat and cold,Percentage,Bulgaria,2017,,renewables_share
Annual,Renewable energy - heating and cooling - waste heat and cold,Percentage,Bulgaria,2018,,renewables_share
Annual,Renewable energy - heating and cooling - waste heat and cold,Percentage,Bulgaria,2019,,renewables_share
Annual,Renewable energy - heating and cooling - waste heat and cold,Percentage,Bulgaria,2020,,renewables_share
Annual,Renewable energy - heating and cooling - waste heat and cold,Percentage,Bulgaria,2021,,renewables_share
Annual,Renewable energy - heating and cooling - waste heat and cold,Percentage,Bulgaria,2022,,renewables_share
Annual,Renewable energy - heating and cooling - waste heat and cold,Percentage,Bulgaria,2023,,renewables_share
Annual,Renewable energy - heating and cooling - waste heat and cold,Percentage,Bulgaria,2024,,renewables_share
Annual,Renewable energy - heating and cooling - waste heat and cold,Percentage,Czechia,2004,,renewables_share
Annual,Renewable energy - heating and cooling - waste heat and cold,Percentage,Czechia,2005,,renewables_share
Annual,Renewable energy - heating and cooling - waste heat and cold,Percentage,Czechia,2006,,renewables_share
Annual,Renewable energy - heating and cooling - waste heat and cold,Percentage,Czechia,2007,,renewables_share
Annual,Renewable energy - heating and cooling - waste heat and cold,Percentage,Czechia,2008,,renewables_share
Annual,Renewable energy - heating and cooling - waste heat and cold,Percentage,Czechia,2009,,renewables_share
Annual,Renewable energy - heating and cooling - waste heat and cold,Percentage,Czechia,2010,,renewables_share
Annual,Renewable energy - heating and cooling - waste heat and cold,Percentage,Czechia,2011,,renewables_share
Annual,Renewable energy - heating and cooling - waste heat and cold,Percentage,Czechia,2012,,renewables_share
Annual,Renewable energy - heating and cooling - waste heat and cold,Percentage,Czechia,2013,,renewables_share
Annual,Renewable energy - heating and cooling - waste heat and cold,Percentage,Czechia,2014,,renewables_share
Annual,Renewable energy - heating and cooling - waste heat and cold,Percentage,Czechia,2015,,renewables_share
Annual,Renewable energy - heating and cooling - waste heat and cold,Percentage,Czechia,2016,,renewables_share
Annual,Renewable energy - heating and cooling - waste heat and cold,Percentage,Czechia,2017,,renewables_share
Annual,Renewable energy - heating and cooling - waste heat and cold,Percentage,Czechia,2018,,renewables_share
Annual,Renewable energy - heating and cooling - waste heat and cold,Percentage,Czechia,2019,,renewables_share
Annual,Renewable energy - heating and cooling - waste heat and cold,Percentage,Czechia,2020,,renewables_share
Annual,Renewable energy - heating and cooling - waste heat and cold,Percentage,Czechia,2021,,renewables_share
Annual,Renewable energy - heating and cooling - waste heat and cold,Percentage,Czechia,2022,,renewables_share
Annual,Renewable energy - heating and cooling - waste heat and cold,Percentage,Czechia,2023,,renewables_share
Annual,Renewable energy - heating and cooling - waste heat and cold,Percentage,Czechia,2024,,renewables_share
Annual,Renewable energy - heating and cooling - waste heat and cold,Percentage,Denmark,2004,,renewables_share
Annual,Renewable energy - heating and cooling - waste heat and cold,Percentage,Denmark,2005,,renewables_share
Annual,Renewable energy - heating and cooling - waste heat and cold,Percentage,Denmark,2006,,renewables_share
Annual,Renewable energy - heating and cooling - waste heat and cold,Percentage,Denmark,2007,,renewables_share
Annual,Renewable energy - heating and cooling - waste heat and cold,Percentage,Denmark,2008,,renewables_share
Annual,Renewable energy - heating and cooling - waste heat and cold,Percentage,Denmark,2009,,renewables_share
Annual,Renewable energy - heating and cooling - waste heat and cold,Percentage,Denmark,2010,,renewables_share
Annual,Renewable energy - heating and cooling - waste heat and cold,Percentage,Denmark,2011,,renewables_share
Annual,Renewable energy - heating and cooling - waste heat and cold,Percentage,Denmark,2012,,renewables_share
Annual,Renewable energy - heating and cooling - waste heat and cold,Percentage,Denmark,2013,,renewables_share
Annual,Renewable energy - heating and cooling - waste heat and cold,Percentage,Denmark,2014,,renewables_share
Annual,Renewable energy - heating and cooling - waste heat and cold,Percentage,Denmark,2015,,renewables_share
Annual,Renewable energy - heating and cooling - waste heat and cold,Percentage,Denmark,2016,,renewables_share
Annual,Renewable energy - heating and cooling - waste heat and cold,Percentage,Denmark,2017,,renewables_share
Annual,Renewable energy - heating and cooling - waste heat and cold,Percentage,Denmark,2018,,renewables_share
Annual,Renewable energy - heating and cooling - waste heat and cold,Percentage,Denmark,2019,,renewables_share
Annual,Renewable energy - heating and cooling - waste heat and cold,Percentage,Denmark,2020,,renewables_share
Annual,Renewable energy - heating and cooling - waste heat and cold,Percentage,Denmark,2021,53.333,renewables_share
Annual,Renewable energy - heating and cooling - waste heat and cold,Percentage,Denmark,2022,53.171,renewables_share
Annual,Renewable energy - heating and cooling - waste heat and cold,Percentage,Denmark,2023,56.161,renewables_share
Annual,Renewable energy - heating and cooling - waste heat and cold,Percentage,Denmark,2024,58.11,renewables_share
Annual,Renewable energy - heating and cooling - waste heat and cold,Percentage,Germany,2004,,renewables_share
Annual,Renewable energy - heating and cooling - waste heat and cold,Percentage,Germany,2005,,renewables_share
Annual,Renewable energy - heating and cooling - waste heat and cold,Percentage,Germany,2006,,renewables_share
Annual,Renewable energy - heating and cooling - waste heat and cold,Percentage,Germany,2007,,renewables_share
Annual,Renewable energy - heating and cooling - waste heat and cold,Percentage,Germany,2008,,renewables_share
Annual,Renewable energy - heating and cooling - waste heat and cold,Percentage,Germany,2009,,renewables_share
Annual,Renewable energy - heating and cooling - waste heat and cold,Percentage,Germany,2010,,renewables_share
Annual,Renewable energy - heating and cooling - waste heat and cold,Percentage,Germany,2011,,renewables_share
Annual,Renewable energy - heating and cooling - waste heat and cold,Percentage,Germany,2012,,renewables_share
Annual,Renewable energy - heating and cooling - waste heat and cold,Percentage,Germany,2013,,renewables_share
Annual,Renewable energy - heating and cooling - waste heat and cold,Percentage,Germany,2014,,renewables_share
Annual,Renewable energy - heating and cooling - waste heat and cold,Percentage,Germany,2015,,renewables_share
Annual,Renewable energy - heating and cooling - waste heat and cold,Percentage,Germany,2016,,renewables_share
Annual,Renewable energy - heating and cooling - waste heat and cold,Percentage,Germany,2017,,renewables_share
Annual,Renewable energy - heating and cooling - waste heat and cold,Percentage,Germany,2018,,renewables_share
Annual,Renewable energy - heating and cooling - waste heat and cold,Percentage,Germany,2019,,renewables_share
Annual,Renewable energy - heating and cooling - waste heat and cold,Percentage,Germany,2020,,renewables_share
Annual,Renewable energy - heating and cooling - waste heat and cold,Percentage,Germany,2021,,renewables_share
Annual,Renewable energy - heating and cooling - waste heat and cold,Percentage,Germany,2022,,renewables_share
Annual,Renewable energy - heating and cooling - waste heat and cold,Percentage,Germany,2023,,renewables_share
Annual,Renewable energy - heating and cooling - waste heat and cold,Percentage,Germany,2024,,renewables_share
Annual,Renewable energy - heating and cooling - waste heat and cold,Percentage,Estonia,2004,,renewables_share
Annual,Renewable energy - heating and cooling - waste heat and cold,Percentage,Estonia,2005,,renewables_share
Annual,Renewable energy - heating and cooling - waste heat and cold,Percentage,Estonia,2006,,renewables_share
Annual,Renewable energy - heating and cooling - waste heat and cold,Percentage,Estonia,2007,,renewables_share
Annual,Renewable energy - heating and cooling - waste heat and cold,Percentage,Estonia,2008,,renewables_share
Annual,Renewable energy - heating and cooling - waste heat and cold,Percentage,Estonia,2009,,renewables_share
Annual,Renewable energy - heating and cooling - waste heat and cold,Percentage,Estonia,2010,,renewables_share
Annual,Renewable energy - heating and cooling - waste heat and cold,Percentage,Estonia,2011,,renewables_share
Annual,Renewable energy - heating and cooling - waste heat and cold,Percentage,Estonia,2012,,renewables_share
Annual,Renewable energy - heating and cooling - waste heat and cold,Percentage,Estonia,2013,,renewables_share
Annual,Renewable energy - heating and cooling - waste heat and cold,Percentage,Estonia,2014,,renewables_share
Annual,Renewable energy - heating and cooling - waste heat and cold,Percentage,Estonia,2015,,renewables_share
Annual,Renewable energy - heating and cooling - waste heat and cold,Percentage,Estonia,2016,,renewables_share
Annual,Renewable energy - heating and cooling - waste heat and cold,Percentage,Estonia,2017,,renewables_share
Annual,Renewable energy - heating and cooling - waste heat and cold,Percentage,Estonia,2018,,renewables_share
Annual,Renewable energy - heating and cooling - waste heat and cold,Percentage,Estonia,2019,,renewables_share
Annual,Renewable energy - heating and cooling - waste heat and cold,Percentage,Estonia,2020,,renewables_share
Annual,Renewable energy - heating and cooling - waste heat and cold,Percentage,Estonia,2021,,renewables_share
Annual,Renewable energy - heating and cooling - waste heat and cold,Percentage,Estonia,2022,,renewables_share
Annual,Renewable energy - heating and cooling - waste heat and cold,Percentage,Estonia,2023,,renewables_share
Annual,Renewable energy - heating and cooling - waste heat and cold,Percentage,Estonia,2024,,renewables_share
Annual,Renewable energy - heating and cooling - waste heat and cold,Percentage,Ireland,2004,,renewables_share
Annual,Renewable energy - heating and cooling - waste heat and cold,Percentage,Ireland,2005,,renewables_share
Annual,Renewable energy - heating and cooling - waste heat and cold,Percentage,Ireland,2006,,renewables_share
Annual,Renewable energy - heating and cooling - waste heat and cold,Percentage,Ireland,2007,,renewables_share
Annual,Renewable energy - heating and cooling - waste heat and cold,Percentage,Ireland,2008,,renewables_share
Annual,Renewable energy - heating and cooling - waste heat and cold,Percentage,Ireland,2009,,renewables_share
Annual,Renewable energy - heating and cooling - waste heat and cold,Percentage,Ireland,2010,,renewables_share
Annual,Renewable energy - heating and cooling - waste heat and cold,Percentage,Ireland,2011,,renewables_share
Annual,Renewable energy - heating and cooling - waste heat and cold,Percentage,Ireland,2012,,renewables_share
Annual,Renewable energy - heating and cooling - waste heat and cold,Percentage,Ireland,2013,,renewables_share
Annual,Renewable energy - heating and cooling - waste heat and cold,Percentage,Ireland,2014,,renewables_share
Annual,Renewable energy - heating and cooling - waste heat and cold,Percentage,Ireland,2015,,renewables_share
Annual,Renewable energy - heating and cooling - waste heat and cold,Percentage,Ireland,2016,,renewables_share
Annual,Renewable energy - heating and cooling - waste heat and cold,Percentage,Ireland,2017,,renewables_share
Annual,Renewable energy - heating and cooling - waste heat and cold,Percentage,Ireland,2018,,renewables_share
Annual,Renewable energy - heating and cooling - waste heat and cold,Percentage,Ireland,2019,,renewables_share
Annual,Renewable energy - heating and cooling - waste heat and cold,Percentage,Ireland,2020,,renewables_share
Annual,Renewable energy - heating and cooling - waste heat and cold,Percentage,Ireland,2021,,renewables_share
Annual,Renewable energy - heating and cooling - waste heat and cold,Percentage,Ireland,2022,,renewables_share
Annual,Renewable energy - heating and cooling - waste heat and cold,Percentage,Ireland,2023,,renewables_share
Annual,Renewable energy - heating and cooling - waste heat and cold,Percentage,Ireland,2024,,renewables_share
Annual,Renewable energy - heating and cooling - waste heat and cold,Percentage,Greece,2004,,renewables_share
Annual,Renewable energy - heating and cooling - waste heat and cold,Percentage,Greece,2005,,renewables_share
Annual,Renewable energy - heating and cooling - waste heat and cold,Percentage,Greece,2006,,renewables_share
Annual,Renewable energy - heating and cooling - waste heat and cold,Percentage,Greece,2007,,renewables_share
Annual,Renewable energy - heating and cooling - waste heat and cold,Percentage,Greece,2008,,renewables_share
Annual,Renewable energy - heating and cooling - waste heat and cold,Percentage,Greece,2009,,renewables_share
Annual,Renewable energy - heating and cooling - waste heat and cold,Percentage,Greece,2010,,renewables_share
Annual,Renewable energy - heating and cooling - waste heat and cold,Percentage,Greece,2011,,renewables_share
Annual,Renewable energy - heating and cooling - waste heat and cold,Percentage,Greece,2012,,renewables_share
Annual,Renewable energy - heating and cooling - waste heat and cold,Percentage,Greece,2013,,renewables_share
Annual,Renewable energy - heating and cooling - waste heat and cold,Percentage,Greece,2014,,renewables_share
Annual,Renewable energy - heating and cooling - waste heat and cold,Percentage,Greece,2015,,renewables_share
Annual,Renewable energy - heating and cooling - waste heat and cold,Percentage,Greece,2016,,renewables_share
Annual,Renewable energy - heating and cooling - waste heat and cold,Percentage,Greece,2017,,renewables_share
Annual,Renewable energy - heating and cooling - waste heat and cold,Percentage,Greece,2018,,renewables_share
Annual,Renewable energy - heating and cooling - waste heat and cold,Percentage,Greece,2019,,renewables_share
Annual,Renewable energy - heating and cooling - waste heat and cold,Percentage,Greece,2020,,renewables_share
Annual,Renewable energy - heating and cooling - waste heat and cold,Percentage,Greece,2021,,renewables_share
Annual,Renewable energy - heating and cooling - waste heat and cold,Percentage,Greece,2022,,renewables_share
Annual,Renewable energy - heating and cooling - waste heat and cold,Percentage,Greece,2023,,renewables_share
Annual,Renewable energy - heating and cooling - waste heat and cold,Percentage,Greece,2024,,renewables_share
Annual,Renewable energy - heating and cooling - waste heat and cold,Percentage,Spain,2004,,renewables_share
Annual,Renewable energy - heating and cooling - waste heat and cold,Percentage,Spain,2005,,renewables_share
Annual,Renewable energy - heating and cooling - waste heat and cold,Percentage,Spain,2006,,renewables_share
Annual,Renewable energy - heating and cooling - waste heat and cold,Percentage,Spain,2007,,renewables_share
Annual,Renewable energy - heating and cooling - waste heat and cold,Percentage,Spain,2008,,renewables_share
Annual,Renewable energy - heating and cooling - waste heat and cold,Percentage,Spain,2009,,renewables_share
Annual,Renewable energy - heating and cooling - waste heat and cold,Percentage,Spain,2010,,renewables_share
Annual,Renewable energy - heating and cooling - waste heat and cold,Percentage,Spain,2011,,renewables_share
Annual,Renewable energy - heating and cooling - waste heat and cold,Percentage,Spain,2012,,renewables_share
Annual,Renewable energy - heating and cooling - waste heat and cold,Percentage,Spain,2013,,renewables_share
Annual,Renewable energy - heating and cooling - waste heat and cold,Percentage,Spain,2014,,renewables_share
Annual,Renewable energy - heating and cooling - waste heat and cold,Percentage,Spain,2015,,renewables_share
Annual,Renewable energy - heating and cooling - waste heat and cold,Percentage,Spain,2016,,renewables_share
Annual,Renewable energy - heating and cooling - waste heat and cold,Percentage,Spain,2017,,renewables_share
Annual,Renewable energy - heating and cooling - waste heat and cold,Percentage,Spain,2018,,renewables_share
Annual,Renewable energy - heating and cooling - waste heat and cold,Percentage,Spain,2019,,renewables_share
Annual,Renewable energy - heating and cooling - waste heat and cold,Percentage,Spain,2020,,renewables_share
Annual,Renewable energy - heating and cooling - waste heat and cold,Percentage,Spain,2021,16.989,renewables_share
Annual,Renewable energy - heating and cooling - waste heat and cold,Percentage,Spain,2022,19.369,renewables_share
Annual,Renewable energy - heating and cooling - waste heat and cold,Percentage,Spain,2023,21.946,renewables_share
Annual,Renewable energy - heating and cooling - waste heat and cold,Percentage,Spain,2024,21.618,renewables_share
Annual,Renewable energy - heating and cooling - waste heat and cold,Percentage,France,2004,,renewables_share
Annual,Renewable energy - heating and cooling - waste heat and cold,Percentage,France,2005,,renewables_share
Annual,Renewable energy - heating and cooling - waste heat and cold,Percentage,France,2006,,renewables_share
Annual,Renewable energy - heating and cooling - waste heat and cold,Percentage,France,2007,,renewables_share
Annual,Renewable energy - heating and cooling - waste heat and cold,Percentage,France,2008,,renewables_share
Annual,Renewable energy - heating and cooling - waste heat and cold,Percentage,France,2009,,renewables_share
Annual,Renewable energy - heating and cooling - waste heat and cold,Percentage,France,2010,,renewables_share
Annual,Renewable energy - heating and cooling - waste heat and cold,Percentage,France,2011,,renewables_share
Annual,Renewable energy - heating and cooling - waste heat and cold,Percentage,France,2012,,renewables_share
Annual,Renewable energy - heating and cooling - waste heat and cold,Percentage,France,2013,,renewables_share
Annual,Renewable energy - heating and cooling - waste heat and cold,Percentage,France,2014,,renewables_share
Annual,Renewable energy - heating and cooling - waste heat and cold,Percentage,France,2015,,renewables_share
Annual,Renewable energy - heating and cooling - waste heat and cold,Percentage,France,2016,,renewables_share
Annual,Renewable energy - heating and cooling - waste heat and cold,Percentage,France,2017,,renewables_share
Annual,Renewable energy - heating and cooling - waste heat and cold,Percentage,France,2018,,renewables_share
Annual,Renewable energy - heating and cooling - waste heat and cold,Percentage,France,2019,,renewables_share
Annual,Renewable energy - heating and cooling - waste heat and cold,Percentage,France,2020,,renewables_share
Annual,Renewable energy - heating and cooling - waste heat and cold,Percentage,France,2021,,renewables_share
Annual,Renewable energy - heating and cooling - waste heat and cold,Percentage,France,2022,,renewables_share
Annual,Renewable energy - heating and cooling - waste heat and cold,Percentage,France,2023,,renewables_share
Annual,Renewable energy - heating and cooling - waste heat and cold,Percentage,France,2024,,renewables_share
Annual,Renewable energy - heating and cooling - waste heat and cold,Percentage,Croatia,2004,,renewables_share
Annual,Renewable energy - heating and cooling - waste heat and cold,Percentage,Croatia,2005,,renewables_share
Annual,Renewable energy - heating and cooling - waste heat and cold,Percentage,Croatia,2006,,renewables_share
Annual,Renewable energy - heating and cooling - waste heat and cold,Percentage,Croatia,2007,,renewables_share
Annual,Renewable energy - heating and cooling - waste heat and cold,Percentage,Croatia,2008,,renewables_share
Annual,Renewable energy - heating and cooling - waste heat and cold,Percentage,Croatia,2009,,renewables_share
Annual,Renewable energy - heating and cooling - waste heat and cold,Percentage,Croatia,2010,,renewables_share
Annual,Renewable energy - heating and cooling - waste heat and cold,Percentage,Croatia,2011,,renewables_share
Annual,Renewable energy - heating and cooling - waste heat and cold,Percentage,Croatia,2012,,renewables_share
Annual,Renewable energy - heating and cooling - waste heat and cold,Percentage,Croatia,2013,,renewables_share
Annual,Renewable energy - heating and cooling - waste heat and cold,Percentage,Croatia,2014,,renewables_share
Annual,Renewable energy - heating and cooling - waste heat and cold,Percentage,Croatia,2015,,renewables_share
Annual,Renewable energy - heating and cooling - waste heat and cold,Percentage,Croatia,2016,,renewables_share
Annual,Renewable energy - heating and cooling - waste heat and cold,Percentage,Croatia,2017,,renewables_share
Annual,Renewable energy - heating and cooling - waste heat and cold,Percentage,Croatia,2018,,renewables_share
Annual,Renewable energy - heating and cooling - waste heat and cold,Percentage,Croatia,2019,,renewables_share
Annual,Renewable energy - heating and cooling - waste heat and cold,Percentage,Croatia,2020,,renewables_share
Annual,Renewable energy - heating and cooling - waste heat and cold,Percentage,Croatia,2021,,renewables_share
Annual,Renewable energy - heating and cooling - waste heat and cold,Percentage,Croatia,2022,,renewables_share
Annual,Renewable energy - heating and cooling - waste heat and cold,Percentage,Croatia,2023,,renewables_share
Annual,Renewable energy - heating and cooling - waste heat and cold,Percentage,Croatia,2024,,renewables_share
Annual,Renewable energy - heating and cooling - waste heat and cold,Percentage,Italy,2004,,renewables_share
Annual,Renewable energy - heating and cooling - waste heat and cold,Percentage,Italy,2005,,renewables_share
Annual,Renewable energy - heating and cooling - waste heat and cold,Percentage,Italy,2006,,renewables_share
Annual,Renewable energy - heating and cooling - waste heat and cold,Percentage,Italy,2007,,renewables_share
Annual,Renewable energy - heating and cooling - waste heat and cold,Percentage,Italy,2008,,renewables_share
Annual,Renewable energy - heating and cooling - waste heat and cold,Percentage,Italy,2009,,renewables_share
Annual,Renewable energy - heating and cooling - waste heat and cold,Percentage,Italy,2010,,renewables_share
Annual,Renewable energy - heating and cooling - waste heat and cold,Percentage,Italy,2011,,renewables_share
Annual,Renewable energy - heating and cooling - waste heat and cold,Percentage,Italy,2012,,renewables_share
Annual,Renewable energy - heating and cooling - waste heat and cold,Percentage,Italy,2013,,renewables_share
Annual,Renewable energy - heating and cooling - waste heat and cold,Percentage,Italy,2014,,renewables_share
Annual,Renewable energy - heating and cooling - waste heat and cold,Percentage,Italy,2015,,renewables_share
Annual,Renewable energy - heating and cooling - waste heat and cold,Percentage,Italy,2016,,renewables_share
Annual,Renewable energy - heating and cooling - waste heat and cold,Percentage,Italy,2017,,renewables_share
Annual,Renewable energy - heating and cooling - waste heat and cold,Percentage,Italy,2018,,renewables_share
Annual,Renewable energy - heating and cooling - waste heat and cold,Percentage,Italy,2019,,renewables_share
Annual,Renewable energy - heating and cooling - waste heat and cold,Percentage,Italy,2020,,renewables_share
Annual,Renewable energy - heating and cooling - waste heat and cold,Percentage,Italy,2021,19.371,renewables_share
Annual,Renewable energy - heating and cooling - waste heat and cold,Percentage,Italy,2022,19.921,renewables_share
Annual,Renewable energy - heating and cooling - waste heat and cold,Percentage,Italy,2023,20.329,renewables_share
Annual,Renewable energy - heating and cooling - waste heat and cold,Percentage,Italy,2024,20.289,renewables_share
Annual,Renewable energy - heating and cooling - waste heat and cold,Percentage,Cyprus,2004,,renewables_share
Annual,Renewable energy - heating and cooling - waste heat and cold,Percentage,Cyprus,2005,,renewables_share
Annual,Renewable energy - heating and cooling - waste heat and cold,Percentage,Cyprus,2006,,renewables_share
Annual,Renewable energy - heating and cooling - waste heat and cold,Percentage,Cyprus,2007,,renewables_share
Annual,Renewable energy - heating and cooling - waste heat and cold,Percentage,Cyprus,2008,,renewables_share
Annual,Renewable energy - heating and cooling - waste heat and cold,Percentage,Cyprus,2009,,renewables_share
Annual,Renewable energy - heating and cooling - waste heat and cold,Percentage,Cyprus,2010,,renewables_share
Annual,Renewable energy - heating and cooling - waste heat and cold,Percentage,Cyprus,2011,,renewables_share
Annual,Renewable energy - heating and cooling - waste heat and cold,Percentage,Cyprus,2012,,renewables_share
Annual,Renewable energy - heating and cooling - waste heat and cold,Percentage,Cyprus,2013,,renewables_share
Annual,Renewable energy - heating and cooling - waste heat and cold,Percentage,Cyprus,2014,,renewables_share
Annual,Renewable energy - heating and cooling - waste heat and cold,Percentage,Cyprus,2015,,renewables_share
Annual,Renewable energy - heating and cooling - waste heat and cold,Percentage,Cyprus,2016,,renewables_share
Annual,Renewable energy - heating and cooling - waste heat and cold,Percentage,Cyprus,2017,,renewables_share
Annual,Renewable energy - heating and cooling - waste heat and cold,Percentage,Cyprus,2018,,renewables_share
Annual,Renewable energy - heating and cooling - waste heat and cold,Percentage,Cyprus,2019,,renewables_share
Annual,Renewable energy - heating and cooling - waste heat and cold,Percentage,Cyprus,2020,,renewables_share
Annual,Renewable energy - heating and cooling - waste heat and cold,Percentage,Cyprus,2021,,renewables_share
Annual,Renewable energy - heating and cooling - waste heat and cold,Percentage,Cyprus,2022,,renewables_share
Annual,Renewable energy - heating and cooling - waste heat and cold,Percentage,Cyprus,2023,,renewables_share
Annual,Renewable energy - heating and cooling - waste heat and cold,Percentage,Cyprus,2024,,renewables_share
Annual,Renewable energy - heating and cooling - waste heat and cold,Percentage,Latvia,2004,,renewables_share
Annual,Renewable energy - heating and cooling - waste heat and cold,Percentage,Latvia,2005,,renewables_share
Annual,Renewable energy - heating and cooling - waste heat and cold,Percentage,Latvia,2006,,renewables_share
Annual,Renewable energy - heating and cooling - waste heat and cold,Percentage,Latvia,2007,,renewables_share
Annual,Renewable energy - heating and cooling - waste heat and cold,Percentage,Latvia,2008,,renewables_share
Annual,Renewable energy - heating and cooling - waste heat and cold,Percentage,Latvia,2009,,renewables_share
Annual,Renewable energy - heating and cooling - waste heat and cold,Percentage,Latvia,2010,,renewables_share
Annual,Renewable energy - heating and cooling - waste heat and cold,Percentage,Latvia,2011,,renewables_share
Annual,Renewable energy - heating and cooling - waste heat and cold,Percentage,Latvia,2012,,renewables_share
Annual,Renewable energy - heating and cooling - waste heat and cold,Percentage,Latvia,2013,,renewables_share
Annual,Renewable energy - heating and cooling - waste heat and cold,Percentage,Latvia,2014,,renewables_share
Annual,Renewable energy - heating and cooling - waste heat and cold,Percentage,Latvia,2015,,renewables_share
Annual,Renewable energy - heating and cooling - waste heat and cold,Percentage,Latvia,2016,,renewables_share
Annual,Renewable energy - heating and cooling - waste heat and cold,Percentage,Latvia,2017,,renewables_share
Annual,Renewable energy - heating and cooling - waste heat and cold,Percentage,Latvia,2018,,renewables_share
Annual,Renewable energy - heating and cooling - waste heat and cold,Percentage,Latvia,2019,,renewables_share
Annual,Renewable energy - heating and cooling - waste heat and cold,Percentage,Latvia,2020,,renewables_share
Annual,Renewable energy - heating and cooling - waste heat and cold,Percentage,Latvia,2021,,renewables_share
Annual,Renewable energy - heating and cooling - waste heat and cold,Percentage,Latvia,2022,,renewables_share
Annual,Renewable energy - heating and cooling - waste heat and cold,Percentage,Latvia,2023,,renewables_share
Annual,Renewable energy - heating and cooling - waste heat and cold,Percentage,Latvia,2024,,renewables_share
Annual,Renewable energy - heating and cooling - waste heat and cold,Percentage,Lithuania,2004,,renewables_share
Annual,Renewable energy - heating and cooling - waste heat and cold,Percentage,Lithuania,2005,,renewables_share
Annual,Renewable energy - heating and cooling - waste heat and cold,Percentage,Lithuania,2006,,renewables_share
Annual,Renewable energy - heating and cooling - waste heat and cold,Percentage,Lithuania,2007,,renewables_share
Annual,Renewable energy - heating and cooling - waste heat and cold,Percentage,Lithuania,2008,,renewables_share
Annual,Renewable energy - heating and cooling - waste heat and cold,Percentage,Lithuania,2009,,renewables_share
Annual,Renewable energy - heating and cooling - waste heat and cold,Percentage,Lithuania,2010,,renewables_share
Annual,Renewable energy - heating and cooling - waste heat and cold,Percentage,Lithuania,2011,,renewables_share
Annual,Renewable energy - heating and cooling - waste heat and cold,Percentage,Lithuania,2012,,renewables_share
Annual,Renewable energy - heating and cooling - waste heat and cold,Percentage,Lithuania,2013,,renewables_share
Annual,Renewable energy - heating and cooling - waste heat and cold,Percentage,Lithuania,2014,,renewables_share
Annual,Renewable energy - heating and cooling - waste heat and cold,Percentage,Lithuania,2015,,renewables_share
Annual,Renewable energy - heating and cooling - waste heat and cold,Percentage,Lithuania,2016,,renewables_share
Annual,Renewable energy - heating and cooling - waste heat and cold,Percentage,Lithuania,2017,,renewables_share
Annual,Renewable energy - heating and cooling - waste heat and cold,Percentage,Lithuania,2018,,renewables_share
Annual,Renewable energy - heating and cooling - waste heat and cold,Percentage,Lithuania,2019,,renewables_share
Annual,Renewable energy - heating and cooling - waste heat and cold,Percentage,Lithuania,2020,,renewables_share
Annual,Renewable energy - heating and cooling - waste heat and cold,Percentage,Lithuania,2021,,renewables_share
Annual,Renewable energy - heating and cooling - waste heat and cold,Percentage,Lithuania,2022,,renewables_share
Annual,Renewable energy - heating and cooling - waste heat and cold,Percentage,Lithuania,2023,,renewables_share
Annual,Renewable energy - heating and cooling - waste heat and cold,Percentage,Lithuania,2024,,renewables_share
Annual,Renewable energy - heating and cooling - waste heat and cold,Percentage,Luxembourg,2004,,renewables_share
Annual,Renewable energy - heating and cooling - waste heat and cold,Percentage,Luxembourg,2005,,renewables_share
Annual,Renewable energy - heating and cooling - waste heat and cold,Percentage,Luxembourg,2006,,renewables_share
Annual,Renewable energy - heating and cooling - waste heat and cold,Percentage,Luxembourg,2007,,renewables_share
Annual,Renewable energy - heating and cooling - waste heat and cold,Percentage,Luxembourg,2008,,renewables_share
Annual,Renewable energy - heating and cooling - waste heat and cold,Percentage,Luxembourg,2009,,renewables_share
Annual,Renewable energy - heating and cooling - waste heat and cold,Percentage,Luxembourg,2010,,renewables_share
Annual,Renewable energy - heating and cooling - waste heat and cold,Percentage,Luxembourg,2011,,renewables_share
Annual,Renewable energy - heating and cooling - waste heat and cold,Percentage,Luxembourg,2012,,renewables_share
Annual,Renewable energy - heating and cooling - waste heat and cold,Percentage,Luxembourg,2013,,renewables_share
Annual,Renewable energy - heating and cooling - waste heat and cold,Percentage,Luxembourg,2014,,renewables_share
Annual,Renewable energy - heating and cooling - waste heat and cold,Percentage,Luxembourg,2015,,renewables_share
Annual,Renewable energy - heating and cooling - waste heat and cold,Percentage,Luxembourg,2016,,renewables_share
Annual,Renewable energy - heating and cooling - waste heat and cold,Percentage,Luxembourg,2017,,renewables_share
Annual,Renewable energy - heating and cooling - waste heat and cold,Percentage,Luxembourg,2018,,renewables_share
Annual,Renewable energy - heating and cooling - waste heat and cold,Percentage,Luxembourg,2019,,renewables_share
Annual,Renewable energy - heating and cooling - waste heat and cold,Percentage,Luxembourg,2020,,renewables_share
Annual,Renewable energy - heating and cooling - waste heat and cold,Percentage,Luxembourg,2021,19.699,renewables_share
Annual,Renewable energy - heating and cooling - waste heat and cold,Percentage,Luxembourg,2022,22.936,renewables_share
Annual,Renewable energy - heating and cooling - waste heat and cold,Percentage,Luxembourg,2023,23.665,renewables_share
Annual,Renewable energy - heating and cooling - waste heat and cold,Percentage,Luxembourg,2024,28.532,renewables_share
Annual,Renewable energy - heating and cooling - waste heat and cold,Percentage,Hungary,2004,,renewables_share
Annual,Renewable energy - heating and cooling - waste heat and cold,Percentage,Hungary,2005,,renewables_share
Annual,Renewable energy - heating and cooling - waste heat and cold,Percentage,Hungary,2006,,renewables_share
Annual,Renewable energy - heating and cooling - waste heat and cold,Percentage,Hungary,2007,,renewables_share
Annual,Renewable energy - heating and cooling - waste heat and cold,Percentage,Hungary,2008,,renewables_share
Annual,Renewable energy - heating and cooling - waste heat and cold,Percentage,Hungary,2009,,renewables_share
Annual,Renewable energy - heating and cooling - waste heat and cold,Percentage,Hungary,2010,,renewables_share
Annual,Renewable energy - heating and cooling - waste heat and cold,Percentage,Hungary,2011,,renewables_share
Annual,Renewable energy - heating and cooling - waste heat and cold,Percentage,Hungary,2012,,renewables_share
Annual,Renewable energy - heating and cooling - waste heat and cold,Percentage,Hungary,2013,,renewables_share
Annual,Renewable energy - heating and cooling - waste heat and cold,Percentage,Hungary,2014,,renewables_share
Annual,Renewable energy - heating and cooling - waste heat and cold,Percentage,Hungary,2015,,renewables_share
Annual,Renewable energy - heating and cooling - waste heat and cold,Percentage,Hungary,2016,,renewables_share
Annual,Renewable energy - heating and cooling - waste heat and cold,Percentage,Hungary,2017,,renewables_share
Annual,Renewable energy - heating and cooling - waste heat and cold,Percentage,Hungary,2018,,renewables_share
Annual,Renewable energy - heating and cooling - waste heat and cold,Percentage,Hungary,2019,,renewables_share
Annual,Renewable energy - heating and cooling - waste heat and cold,Percentage,Hungary,2020,,renewables_share
Annual,Renewable energy - heating and cooling - waste heat and cold,Percentage,Hungary,2021,17.908,renewables_share
Annual,Renewable energy - heating and cooling - waste heat and cold,Percentage,Hungary,2022,20.243,renewables_share
Annual,Renewable energy - heating and cooling - waste heat and cold,Percentage,Hungary,2023,22.28,renewables_share
Annual,Renewable energy - heating and cooling - waste heat and cold,Percentage,Hungary,2024,22.62,renewables_share
Annual,Renewable energy - heating and cooling - waste heat and cold,Percentage,Malta,2004,,renewables_share
Annual,Renewable energy - heating and cooling - waste heat and cold,Percentage,Malta,2005,,renewables_share
Annual,Renewable energy - heating and cooling - waste heat and cold,Percentage,Malta,2006,,renewables_share
Annual,Renewable energy - heating and cooling - waste heat and cold,Percentage,Malta,2007,,renewables_share
Annual,Renewable energy - heating and cooling - waste heat and cold,Percentage,Malta,2008,,renewables_share
Annual,Renewable energy - heating and cooling - waste heat and cold,Percentage,Malta,2009,,renewables_share
Annual,Renewable energy - heating and cooling - waste heat and cold,Percentage,Malta,2010,,renewables_share
Annual,Renewable energy - heating and cooling - waste heat and cold,Percentage,Malta,2011,,renewables_share
Annual,Renewable energy - heating and cooling - waste heat and cold,Percentage,Malta,2012,,renewables_share
Annual,Renewable energy - heating and cooling - waste heat and cold,Percentage,Malta,2013,,renewables_share
Annual,Renewable energy - heating and cooling - waste heat and cold,Percentage,Malta,2014,,renewables_share
Annual,Renewable energy - heating and cooling - waste heat and cold,Percentage,Malta,2015,,renewables_share
Annual,Renewable energy - heating and cooling - waste heat and cold,Percentage,Malta,2016,,renewables_share
Annual,Renewable energy - heating and cooling - waste heat and cold,Percentage,Malta,2017,,renewables_share
Annual,Renewable energy - heating and cooling - waste heat and cold,Percentage,Malta,2018,,renewables_share
Annual,Renewable energy - heating and cooling - waste heat and cold,Percentage,Malta,2019,,renewables_share
Annual,Renewable energy - heating and cooling - waste heat and cold,Percentage,Malta,2020,,renewables_share
Annual,Renewable energy - heating and cooling - waste heat and cold,Percentage,Malta,2021,,renewables_share
Annual,Renewable energy - heating and cooling - waste heat and cold,Percentage,Malta,2022,,renewables_share
Annual,Renewable energy - heating and cooling - waste heat and cold,Percentage,Malta,2023,,renewables_share
Annual,Renewable energy - heating and cooling - waste heat and cold,Percentage,Malta,2024,,renewables_share
Annual,Renewable energy - heating and cooling - waste heat and cold,Percentage,Netherlands,2004,,renewables_share
Annual,Renewable energy - heating and cooling - waste heat and cold,Percentage,Netherlands,2005,,renewables_share
Annual,Renewable energy - heating and cooling - waste heat and cold,Percentage,Netherlands,2006,,renewables_share
Annual,Renewable energy - heating and cooling - waste heat and cold,Percentage,Netherlands,2007,,renewables_share
Annual,Renewable energy - heating and cooling - waste heat and cold,Percentage,Netherlands,2008,,renewables_share
Annual,Renewable energy - heating and cooling - waste heat and cold,Percentage,Netherlands,2009,,renewables_share
Annual,Renewable energy - heating and cooling - waste heat and cold,Percentage,Netherlands,2010,,renewables_share
Annual,Renewable energy - heating and cooling - waste heat and cold,Percentage,Netherlands,2011,,renewables_share
Annual,Renewable energy - heating and cooling - waste heat and cold,Percentage,Netherlands,2012,,renewables_share
Annual,Renewable energy - heating and cooling - waste heat and cold,Percentage,Netherlands,2013,,renewables_share
Annual,Renewable energy - heating and cooling - waste heat and cold,Percentage,Netherlands,2014,,renewables_share
Annual,Renewable energy - heating and cooling - waste heat and cold,Percentage,Netherlands,2015,,renewables_share
Annual,Renewable energy - heating and cooling - waste heat and cold,Percentage,Netherlands,2016,,renewables_share
Annual,Renewable energy - heating and cooling - waste heat and cold,Percentage,Netherlands,2017,,renewables_share
Annual,Renewable energy - heating and cooling - waste heat and cold,Percentage,Netherlands,2018,,renewables_share
Annual,Renewable energy - heating and cooling - waste heat and cold,Percentage,Netherlands,2019,,renewables_share
Annual,Renewable energy - heating and cooling - waste heat and cold,Percentage,Netherlands,2020,,renewables_share
Annual,Renewable energy - heating and cooling - waste heat and cold,Percentage,Netherlands,2021,,renewables_share
Annual,Renewable energy - heating and cooling - waste heat and cold,Percentage,Netherlands,2022,,renewables_share
Annual,Renewable energy - heating and cooling - waste heat and cold,Percentage,Netherlands,2023,,renewables_share
Annual,Renewable energy - heating and cooling - waste heat and cold,Percentage,Netherlands,2024,,renewables_share
Annual,Renewable energy - heating and cooling - waste heat and cold,Percentage,Austria,2004,,renewables_share
Annual,Renewable energy - heating and cooling - waste heat and cold,Percentage,Austria,2005,,renewables_share
Annual,Renewable energy - heating and cooling - waste heat and cold,Percentage,Austria,2006,,renewables_share
Annual,Renewable energy - heating and cooling - waste heat and cold,Percentage,Austria,2007,,renewables_share
Annual,Renewable energy - heating and cooling - waste heat and cold,Percentage,Austria,2008,,renewables_share
Annual,Renewable energy - heating and cooling - waste heat and cold,Percentage,Austria,2009,,renewables_share
Annual,Renewable energy - heating and cooling - waste heat and cold,Percentage,Austria,2010,,renewables_share
Annual,Renewable energy - heating and cooling - waste heat and cold,Percentage,Austria,2011,,renewables_share
Annual,Renewable energy - heating and cooling - waste heat and cold,Percentage,Austria,2012,,renewables_share
Annual,Renewable energy - heating and cooling - waste heat and cold,Percentage,Austria,2013,,renewables_share
Annual,Renewable energy - heating and cooling - waste heat and cold,Percentage,Austria,2014,,renewables_share
Annual,Renewable energy - heating and cooling - waste heat and cold,Percentage,Austria,2015,,renewables_share
Annual,Renewable energy - heating and cooling - waste heat and cold,Percentage,Austria,2016,,renewables_share
Annual,Renewable energy - heating and cooling - waste heat and cold,Percentage,Austria,2017,,renewables_share
Annual,Renewable energy - heating and cooling - waste heat and cold,Percentage,Austria,2018,,renewables_share
Annual,Renewable energy - heating and cooling - waste heat and cold,Percentage,Austria,2019,,renewables_share
Annual,Renewable energy - heating and cooling - waste heat and cold,Percentage,Austria,2020,,renewables_share
Annual,Renewable energy - heating and cooling - waste heat and cold,Percentage,Austria,2021,,renewables_share
Annual,Renewable energy - heating and cooling - waste heat and cold,Percentage,Austria,2022,,renewables_share
Annual,Renewable energy - heating and cooling - waste heat and cold,Percentage,Austria,2023,,renewables_share
Annual,Renewable energy - heating and cooling - waste heat and cold,Percentage,Austria,2024,,renewables_share
Annual,Renewable energy - heating and cooling - waste heat and cold,Percentage,Poland,2004,,renewables_share
Annual,Renewable energy - heating and cooling - waste heat and cold,Percentage,Poland,2005,,renewables_share
Annual,Renewable energy - heating and cooling - waste heat and cold,Percentage,Poland,2006,,renewables_share
Annual,Renewable energy - heating and cooling - waste heat and cold,Percentage,Poland,2007,,renewables_share
Annual,Renewable energy - heating and cooling - waste heat and cold,Percentage,Poland,2008,,renewables_share
Annual,Renewable energy - heating and cooling - waste heat and cold,Percentage,Poland,2009,,renewables_share
Annual,Renewable energy - heating and cooling - waste heat and cold,Percentage,Poland,2010,,renewables_share
Annual,Renewable energy - heating and cooling - waste heat and cold,Percentage,Poland,2011,,renewables_share
Annual,Renewable energy - heating and cooling - waste heat and cold,Percentage,Poland,2012,,renewables_share
Annual,Renewable energy - heating and cooling - waste heat and cold,Percentage,Poland,2013,,renewables_share
Annual,Renewable energy - heating and cooling - waste heat and cold,Percentage,Poland,2014,,renewables_share
Annual,Renewable energy - heating and cooling - waste heat and cold,Percentage,Poland,2015,,renewables_share
Annual,Renewable energy - heating and cooling - waste heat and cold,Percentage,Poland,2016,,renewables_share
Annual,Renewable energy - heating and cooling - waste heat and cold,Percentage,Poland,2017,,renewables_share
Annual,Renewable energy - heating and cooling - waste heat and cold,Percentage,Poland,2018,,renewables_share
Annual,Renewable energy - heating and cooling - waste heat and cold,Percentage,Poland,2019,,renewables_share
Annual,Renewable energy - heating and cooling - waste heat and cold,Percentage,Poland,2020,,renewables_share
Annual,Renewable energy - heating and cooling - waste heat and cold,Percentage,Poland,2021,,renewables_share
Annual,Renewable energy - heating and cooling - waste heat and cold,Percentage,Poland,2022,,renewables_share
Annual,Renewable energy - heating and cooling - waste heat and cold,Percentage,Poland,2023,,renewables_share
Annual,Renewable energy - heating and cooling - waste heat and cold,Percentage,Poland,2024,,renewables_share
Annual,Renewable energy - heating and cooling - waste heat and cold,Percentage,Portugal,2004,,renewables_share
Annual,Renewable energy - heating and cooling - waste heat and cold,Percentage,Portugal,2005,,renewables_share
Annual,Renewable energy - heating and cooling - waste heat and cold,Percentage,Portugal,2006,,renewables_share
Annual,Renewable energy - heating and cooling - waste heat and cold,Percentage,Portugal,2007,,renewables_share
Annual,Renewable energy - heating and cooling - waste heat and cold,Percentage,Portugal,2008,,renewables_share
Annual,Renewable energy - heating and cooling - waste heat and cold,Percentage,Portugal,2009,,renewables_share
Annual,Renewable energy - heating and cooling - waste heat and cold,Percentage,Portugal,2010,,renewables_share
Annual,Renewable energy - heating and cooling - waste heat and cold,Percentage,Portugal,2011,,renewables_share
Annual,Renewable energy - heating and cooling - waste heat and cold,Percentage,Portugal,2012,,renewables_share
Annual,Renewable energy - heating and cooling - waste heat and cold,Percentage,Portugal,2013,,renewables_share
Annual,Renewable energy - heating and cooling - waste heat and cold,Percentage,Portugal,2014,,renewables_share
Annual,Renewable energy - heating and cooling - waste heat and cold,Percentage,Portugal,2015,,renewables_share
Annual,Renewable energy - heating and cooling - waste heat and cold,Percentage,Portugal,2016,,renewables_share
Annual,Renewable energy - heating and cooling - waste heat and cold,Percentage,Portugal,2017,,renewables_share
Annual,Renewable energy - heating and cooling - waste heat and cold,Percentage,Portugal,2018,,renewables_share
Annual,Renewable energy - heating and cooling - waste heat and cold,Percentage,Portugal,2019,,renewables_share
Annual,Renewable energy - heating and cooling - waste heat and cold,Percentage,Portugal,2020,,renewables_share
Annual,Renewable energy - heating and cooling - waste heat and cold,Percentage,Portugal,2021,,renewables_share
Annual,Renewable energy - heating and cooling - waste heat and cold,Percentage,Portugal,2022,,renewables_share
Annual,Renewable energy - heating and cooling - waste heat and cold,Percentage,Portugal,2023,,renewables_share
Annual,Renewable energy - heating and cooling - waste heat and cold,Percentage,Portugal,2024,,renewables_share
Annual,Renewable energy - heating and cooling - waste heat and cold,Percentage,Romania,2004,,renewables_share
Annual,Renewable energy - heating and cooling - waste heat and cold,Percentage,Romania,2005,,renewables_share
Annual,Renewable energy - heating and cooling - waste heat and cold,Percentage,Romania,2006,,renewables_share
Annual,Renewable energy - heating and cooling - waste heat and cold,Percentage,Romania,2007,,renewables_share
Annual,Renewable energy - heating and cooling - waste heat and cold,Percentage,Romania,2008,,renewables_share
Annual,Renewable energy - heating and cooling - waste heat and cold,Percentage,Romania,2009,,renewables_share
Annual,Renewable energy - heating and cooling - waste heat and cold,Percentage,Romania,2010,,renewables_share
Annual,Renewable energy - heating and cooling - waste heat and cold,Percentage,Romania,2011,,renewables_share
Annual,Renewable energy - heating and cooling - waste heat and cold,Percentage,Romania,2012,,renewables_share
Annual,Renewable energy - heating and cooling - waste heat and cold,Percentage,Romania,2013,,renewables_share
Annual,Renewable energy - heating and cooling - waste heat and cold,Percentage,Romania,2014,,renewables_share
Annual,Renewable energy - heating and cooling - waste heat and cold,Percentage,Romania,2015,,renewables_share
Annual,Renewable energy - heating and cooling - waste heat and cold,Percentage,Romania,2016,,renewables_share
Annual,Renewable energy - heating and cooling - waste heat and cold,Percentage,Romania,2017,,renewables_share
Annual,Renewable energy - heating and cooling - waste heat and cold,Percentage,Romania,2018,,renewables_share
Annual,Renewable energy - heating and cooling - waste heat and cold,Percentage,Romania,2019,,renewables_share
Annual,Renewable energy - heating and cooling - waste heat and cold,Percentage,Romania,2020,,renewables_share
Annual,Renewable energy - heating and cooling - waste heat and cold,Percentage,Romania,2021,,renewables_share
Annual,Renewable energy - heating and cooling - waste heat and cold,Percentage,Romania,2022,,renewables_share
Annual,Renewable energy - heating and cooling - waste heat and cold,Percentage,Romania,2023,,renewables_share
Annual,Renewable energy - heating and cooling - waste heat and cold,Percentage,Romania,2024,,renewables_share
Annual,Renewable energy - heating and cooling - waste heat and cold,Percentage,Slovenia,2004,,renewables_share
Annual,Renewable energy - heating and cooling - waste heat and cold,Percentage,Slovenia,2005,,renewables_share
Annual,Renewable energy - heating and cooling - waste heat and cold,Percentage,Slovenia,2006,,renewables_share
Annual,Renewable energy - heating and cooling - waste heat and cold,Percentage,Slovenia,2007,,renewables_share
Annual,Renewable energy - heating and cooling - waste heat and cold,Percentage,Slovenia,2008,,renewables_share
Annual,Renewable energy - heating and cooling - waste heat and cold,Percentage,Slovenia,2009,,renewables_share
Annual,Renewable energy - heating and cooling - waste heat and cold,Percentage,Slovenia,2010,,renewables_share
Annual,Renewable energy - heating and cooling - waste heat and cold,Percentage,Slovenia,2011,,renewables_share
Annual,Renewable energy - heating and cooling - waste heat and cold,Percentage,Slovenia,2012,,renewables_share
Annual,Renewable energy - heating and cooling - waste heat and cold,Percentage,Slovenia,2013,,renewables_share
Annual,Renewable energy - heating and cooling - waste heat and cold,Percentage,Slovenia,2014,,renewables_share
Annual,Renewable energy - heating and cooling - waste heat and cold,Percentage,Slovenia,2015,,renewables_share
Annual,Renewable energy - heating and cooling - waste heat and cold,Percentage,Slovenia,2016,,renewables_share
Annual,Renewable energy - heating and cooling - waste heat and cold,Percentage,Slovenia,2017,,renewables_share
Annual,Renewable energy - heating and cooling - waste heat and cold,Percentage,Slovenia,2018,,renewables_share
Annual,Renewable energy - heating and cooling - waste heat and cold,Percentage,Slovenia,2019,,renewables_share
Annual,Renewable energy - heating and cooling - waste heat and cold,Percentage,Slovenia,2020,,renewables_share
Annual,Renewable energy - heating and cooling - waste heat and cold,Percentage,Slovenia,2021,,renewables_share
Annual,Renewable energy - heating and cooling - waste heat and cold,Percentage,Slovenia,2022,,renewables_share
Annual,Renewable energy - heating and cooling - waste heat and cold,Percentage,Slovenia,2023,,renewables_share
Annual,Renewable energy - heating and cooling - waste heat and cold,Percentage,Slovenia,2024,,renewables_share
Annual,Renewable energy - heating and cooling - waste heat and cold,Percentage,Slovakia,2004,,renewables_share
Annual,Renewable energy - heating and cooling - waste heat and cold,Percentage,Slovakia,2005,,renewables_share
Annual,Renewable energy - heating and cooling - waste heat and cold,Percentage,Slovakia,2006,,renewables_share
Annual,Renewable energy - heating and cooling - waste heat and cold,Percentage,Slovakia,2007,,renewables_share
Annual,Renewable energy - heating and cooling - waste heat and cold,Percentage,Slovakia,2008,,renewables_share
Annual,Renewable energy - heating and cooling - waste heat and cold,Percentage,Slovakia,2009,,renewables_share
Annual,Renewable energy - heating and cooling - waste heat and cold,Percentage,Slovakia,2010,,renewables_share
Annual,Renewable energy - heating and cooling - waste heat and cold,Percentage,Slovakia,2011,,renewables_share
Annual,Renewable energy - heating and cooling - waste heat and cold,Percentage,Slovakia,2012,,renewables_share
Annual,Renewable energy - heating and cooling - waste heat and cold,Percentage,Slovakia,2013,,renewables_share
Annual,Renewable energy - heating and cooling - waste heat and cold,Percentage,Slovakia,2014,,renewables_share
Annual,Renewable energy - heating and cooling - waste heat and cold,Percentage,Slovakia,2015,,renewables_share
Annual,Renewable energy - heating and cooling - waste heat and cold,Percentage,Slovakia,2016,,renewables_share
Annual,Renewable energy - heating and cooling - waste heat and cold,Percentage,Slovakia,2017,,renewables_share
Annual,Renewable energy - heating and cooling - waste heat and cold,Percentage,Slovakia,2018,,renewables_share
Annual,Renewable energy - heating and cooling - waste heat and cold,Percentage,Slovakia,2019,,renewables_share
Annual,Renewable energy - heating and cooling - waste heat and cold,Percentage,Slovakia,2020,,renewables_share
Annual,Renewable energy - heating and cooling - waste heat and cold,Percentage,Slovakia,2021,,renewables_share
Annual,Renewable energy - heating and cooling - waste heat and cold,Percentage,Slovakia,2022,,renewables_share
Annual,Renewable energy - heating and cooling - waste heat and cold,Percentage,Slovakia,2023,,renewables_share
Annual,Renewable energy - heating and cooling - waste heat and cold,Percentage,Slovakia,2024,,renewables_share
Annual,Renewable energy - heating and cooling - waste heat and cold,Percentage,Finland,2004,,renewables_share
Annual,Renewable energy - heating and cooling - waste heat and cold,Percentage,Finland,2005,,renewables_share
Annual,Renewable energy - heating and cooling - waste heat and cold,Percentage,Finland,2006,,renewables_share
Annual,Renewable energy - heating and cooling - waste heat and cold,Percentage,Finland,2007,,renewables_share
Annual,Renewable energy - heating and cooling - waste heat and cold,Percentage,Finland,2008,,renewables_share
Annual,Renewable energy - heating and cooling - waste heat and cold,Percentage,Finland,2009,,renewables_share
Annual,Renewable energy - heating and cooling - waste heat and cold,Percentage,Finland,2010,,renewables_share
Annual,Renewable energy - heating and cooling - waste heat and cold,Percentage,Finland,2011,,renewables_share
Annual,Renewable energy - heating and cooling - waste heat and cold,Percentage,Finland,2012,,renewables_share
Annual,Renewable energy - heating and cooling - waste heat and cold,Percentage,Finland,2013,,renewables_share
Annual,Renewable energy - heating and cooling - waste heat and cold,Percentage,Finland,2014,,renewables_share
Annual,Renewable energy - heating and cooling - waste heat and cold,Percentage,Finland,2015,,renewables_share
Annual,Renewable energy - heating and cooling - waste heat and cold,Percentage,Finland,2016,,renewables_share
Annual,Renewable energy - heating and cooling - waste heat and cold,Percentage,Finland,2017,,renewables_share
Annual,Renewable energy - heating and cooling - waste heat and cold,Percentage,Finland,2018,,renewables_share
Annual,Renewable energy - heating and cooling - waste heat and cold,Percentage,Finland,2019,,renewables_share
Annual,Renewable energy - heating and cooling - waste heat and cold,Percentage,Finland,2020,,renewables_share
Annual,Renewable energy - heating and cooling - waste heat and cold,Percentage,Finland,2021,,renewables_share
Annual,Renewable energy - heating and cooling - waste heat and cold,Percentage,Finland,2022,,renewables_share
Annual,Renewable energy - heating and cooling - waste heat and cold,Percentage,Finland,2023,,renewables_share
Annual,Renewable energy - heating and cooling - waste heat and cold,Percentage,Finland,2024,,renewables_share
Annual,Renewable energy - heating and cooling - waste heat and cold,Percentage,Sweden,2004,,renewables_share
Annual,Renewable energy - heating and cooling - waste heat and cold,Percentage,Sweden,2005,,renewables_share
Annual,Renewable energy - heating and cooling - waste heat and cold,Percentage,Sweden,2006,,renewables_share
Annual,Renewable energy - heating and cooling - waste heat and cold,Percentage,Sweden,2007,,renewables_share
Annual,Renewable energy - heating and cooling - waste heat and cold,Percentage,Sweden,2008,,renewables_share
Annual,Renewable energy - heating and cooling - waste heat and cold,Percentage,Sweden,2009,,renewables_share
Annual,Renewable energy - heating and cooling - waste heat and cold,Percentage,Sweden,2010,,renewables_share
Annual,Renewable energy - heating and cooling - waste heat and cold,Percentage,Sweden,2011,,renewables_share
Annual,Renewable energy - heating and cooling - waste heat and cold,Percentage,Sweden,2012,,renewables_share
Annual,Renewable energy - heating and cooling - waste heat and cold,Percentage,Sweden,2013,,renewables_share
Annual,Renewable energy - heating and cooling - waste heat and cold,Percentage,Sweden,2014,,renewables_share
Annual,Renewable energy - heating and cooling - waste heat and cold,Percentage,Sweden,2015,,renewables_share
Annual,Renewable energy - heating and cooling - waste heat and cold,Percentage,Sweden,2016,,renewables_share
Annual,Renewable energy - heating and cooling - waste heat and cold,Percentage,Sweden,2017,,renewables_share
Annual,Renewable energy - heating and cooling - waste heat and cold,Percentage,Sweden,2018,,renewables_share
Annual,Renewable energy - heating and cooling - waste heat and cold,Percentage,Sweden,2019,,renewables_share
Annual,Renewable energy - heating and cooling - waste heat and cold,Percentage,Sweden,2020,,renewables_share
Annual,Renewable energy - heating and cooling - waste heat and cold,Percentage,Sweden,2021,,renewables_share
Annual,Renewable energy - heating and cooling - waste heat and cold,Percentage,Sweden,2022,,renewables_share
Annual,Renewable energy - heating and cooling - waste heat and cold,Percentage,Sweden,2023,,renewables_share
Annual,Renewable energy - heating and cooling - waste heat and cold,Percentage,Sweden,2024,,renewables_share
Annual,Renewable energy - heating and cooling - waste heat and cold,Percentage,Iceland,2004,,renewables_share
Annual,Renewable energy - heating and cooling - waste heat and cold,Percentage,Iceland,2005,,renewables_share
Annual,Renewable energy - heating and cooling - waste heat and cold,Percentage,Iceland,2006,,renewables_share
Annual,Renewable energy - heating and cooling - waste heat and cold,Percentage,Iceland,2007,,renewables_share
Annual,Renewable energy - heating and cooling - waste heat and cold,Percentage,Iceland,2008,,renewables_share
Annual,Renewable energy - heating and cooling - waste heat and cold,Percentage,Iceland,2009,,renewables_share
Annual,Renewable energy - heating and cooling - waste heat and cold,Percentage,Iceland,2010,,renewables_share
Annual,Renewable energy - heating and cooling - waste heat and cold,Percentage,Iceland,2011,,renewables_share
Annual,Renewable energy - heating and cooling - waste heat and cold,Percentage,Iceland,2012,,renewables_share
Annual,Renewable energy - heating and cooling - waste heat and cold,Percentage,Iceland,2013,,renewables_share
Annual,Renewable energy - heating and cooling - waste heat and cold,Percentage,Iceland,2014,,renewables_share
Annual,Renewable energy - heating and cooling - waste heat and cold,Percentage,Iceland,2015,,renewables_share
Annual,Renewable energy - heating and cooling - waste heat and cold,Percentage,Iceland,2016,,renewables_share
Annual,Renewable energy - heating and cooling - waste heat and cold,Percentage,Iceland,2017,,renewables_share
Annual,Renewable energy - heating and cooling - waste heat and cold,Percentage,Iceland,2018,,renewables_share
Annual,Renewable energy - heating and cooling - waste heat and cold,Percentage,Iceland,2019,,renewables_share
Annual,Renewable energy - heating and cooling - waste heat and cold,Percentage,Iceland,2020,,renewables_share
Annual,Renewable energy - heating and cooling - waste heat and cold,Percentage,Iceland,2021,,renewables_share
Annual,Renewable energy - heating and cooling - waste heat and cold,Percentage,Iceland,2022,,renewables_share
Annual,Renewable energy - heating and cooling - waste heat and cold,Percentage,Iceland,2023,,renewables_share
Annual,Renewable energy - heating and cooling - waste heat and cold,Percentage,Iceland,2024,,renewables_share
Annual,Renewable energy - heating and cooling - waste heat and cold,Percentage,Norway,2004,,renewables_share
Annual,Renewable energy - heating and cooling - waste heat and cold,Percentage,Norway,2005,,renewables_share
Annual,Renewable energy - heating and cooling - waste heat and cold,Percentage,Norway,2006,,renewables_share
Annual,Renewable energy - heating and cooling - waste heat and cold,Percentage,Norway,2007,,renewables_share
Annual,Renewable energy - heating and cooling - waste heat and cold,Percentage,Norway,2008,,renewables_share
Annual,Renewable energy - heating and cooling - waste heat and cold,Percentage,Norway,2009,,renewables_share
Annual,Renewable energy - heating and cooling - waste heat and cold,Percentage,Norway,2010,,renewables_share
Annual,Renewable energy - heating and cooling - waste heat and cold,Percentage,Norway,2011,,renewables_share
Annual,Renewable energy - heating and cooling - waste heat and cold,Percentage,Norway,2012,,renewables_share
Annual,Renewable energy - heating and cooling - waste heat and cold,Percentage,Norway,2013,,renewables_share
Annual,Renewable energy - heating and cooling - waste heat and cold,Percentage,Norway,2014,,renewables_share
Annual,Renewable energy - heating and cooling - waste heat and cold,Percentage,Norway,2015,,renewables_share
Annual,Renewable energy - heating and cooling - waste heat and cold,Percentage,Norway,2016,,renewables_share
Annual,Renewable energy - heating and cooling - waste heat and cold,Percentage,Norway,2017,,renewables_share
Annual,Renewable energy - heating and cooling - waste heat and cold,Percentage,Norway,2018,,renewables_share
Annual,Renewable energy - heating and cooling - waste heat and cold,Percentage,Norway,2019,,renewables_share
Annual,Renewable energy - heating and cooling - waste heat and cold,Percentage,Norway,2020,,renewables_share
Annual,Renewable energy - heating and cooling - waste heat and cold,Percentage,Norway,2021,,renewables_share
Annual,Renewable energy - heating and cooling - waste heat and cold,Percentage,Norway,2022,,renewables_share
Annual,Renewable energy - heating and cooling - waste heat and cold,Percentage,Norway,2023,,renewables_share
Annual,Renewable energy - heating and cooling - waste heat and cold,Percentage,Norway,2024,,renewables_share
Annual,Renewable energy - heating and cooling - waste heat and cold,Percentage,Bosnia and Herzegovina,2004,,renewables_share
Annual,Renewable energy - heating and cooling - waste heat and cold,Percentage,Bosnia and Herzegovina,2005,,renewables_share
Annual,Renewable energy - heating and cooling - waste heat and cold,Percentage,Bosnia and Herzegovina,2006,,renewables_share
Annual,Renewable energy - heating and cooling - waste heat and cold,Percentage,Bosnia and Herzegovina,2007,,renewables_share
Annual,Renewable energy - heating and cooling - waste heat and cold,Percentage,Bosnia and Herzegovina,2008,,renewables_share
Annual,Renewable energy - heating and cooling - waste heat and cold,Percentage,Bosnia and Herzegovina,2009,,renewables_share
Annual,Renewable energy - heating and cooling - waste heat and cold,Percentage,Bosnia and Herzegovina,2010,,renewables_share
Annual,Renewable energy - heating and cooling - waste heat and cold,Percentage,Bosnia and Herzegovina,2011,,renewables_share
Annual,Renewable energy - heating and cooling - waste heat and cold,Percentage,Bosnia and Herzegovina,2012,,renewables_share
Annual,Renewable energy - heating and cooling - waste heat and cold,Percentage,Bosnia and Herzegovina,2013,,renewables_share
Annual,Renewable energy - heating and cooling - waste heat and cold,Percentage,Bosnia and Herzegovina,2014,,renewables_share
Annual,Renewable energy - heating and cooling - waste heat and cold,Percentage,Bosnia and Herzegovina,2015,,renewables_share
Annual,Renewable energy - heating and cooling - waste heat and cold,Percentage,Bosnia and Herzegovina,2016,,renewables_share
Annual,Renewable energy - heating and cooling - waste heat and cold,Percentage,Bosnia and Herzegovina,2017,,renewables_share
Annual,Renewable energy - heating and cooling - waste heat and cold,Percentage,Bosnia and Herzegovina,2018,,renewables_share
Annual,Renewable energy - heating and cooling - waste heat and cold,Percentage,Bosnia and Herzegovina,2019,,renewables_share
Annual,Renewable energy - heating and cooling - waste heat and cold,Percentage,Bosnia and Herzegovina,2020,,renewables_share
Annual,Renewable energy - heating and cooling - waste heat and cold,Percentage,Bosnia and Herzegovina,2021,,renewables_share
Annual,Renewable energy - heating and cooling - waste heat and cold,Percentage,Bosnia and Herzegovina,2022,,renewables_share
Annual,Renewable energy - heating and cooling - waste heat and cold,Percentage,Bosnia and Herzegovina,2023,,renewables_share
Annual,Renewable energy - heating and cooling - waste heat and cold,Percentage,Bosnia and Herzegovina,2024,,renewables_share
Annual,Renewable energy - heating and cooling - waste heat and cold,Percentage,Montenegro,2004,,renewables_share
Annual,Renewable energy - heating and cooling - waste heat and cold,Percentage,Montenegro,2005,,renewables_share
Annual,Renewable energy - heating and cooling - waste heat and cold,Percentage,Montenegro,2006,,renewables_share
Annual,Renewable energy - heating and cooling - waste heat and cold,Percentage,Montenegro,2007,,renewables_share
Annual,Renewable energy - heating and cooling - waste heat and cold,Percentage,Montenegro,2008,,renewables_share
Annual,Renewable energy - heating and cooling - waste heat and cold,Percentage,Montenegro,2009,,renewables_share
Annual,Renewable energy - heating and cooling - waste heat and cold,Percentage,Montenegro,2010,,renewables_share
Annual,Renewable energy - heating and cooling - waste heat and cold,Percentage,Montenegro,2011,,renewables_share
Annual,Renewable energy - heating and cooling - waste heat and cold,Percentage,Montenegro,2012,,renewables_share
Annual,Renewable energy - heating and cooling - waste heat and cold,Percentage,Montenegro,2013,,renewables_share
Annual,Renewable energy - heating and cooling - waste heat and cold,Percentage,Montenegro,2014,,renewables_share
Annual,Renewable energy - heating and cooling - waste heat and cold,Percentage,Montenegro,2015,,renewables_share
Annual,Renewable energy - heating and cooling - waste heat and cold,Percentage,Montenegro,2016,,renewables_share
Annual,Renewable energy - heating and cooling - waste heat and cold,Percentage,Montenegro,2017,,renewables_share
Annual,Renewable energy - heating and cooling - waste heat and cold,Percentage,Montenegro,2018,,renewables_share
Annual,Renewable energy - heating and cooling - waste heat and cold,Percentage,Montenegro,2019,,renewables_share
Annual,Renewable energy - heating and cooling - waste heat and cold,Percentage,Montenegro,2020,,renewables_share
Annual,Renewable energy - heating and cooling - waste heat and cold,Percentage,Montenegro,2021,,renewables_share
Annual,Renewable energy - heating and cooling - waste heat and cold,Percentage,Montenegro,2022,,renewables_share
Annual,Renewable energy - heating and cooling - waste heat and cold,Percentage,Montenegro,2023,,renewables_share
Annual,Renewable energy - heating and cooling - waste heat and cold,Percentage,Montenegro,2024,,renewables_share
Annual,Renewable energy - heating and cooling - waste heat and cold,Percentage,Moldova,2004,,renewables_share
Annual,Renewable energy - heating and cooling - waste heat and cold,Percentage,Moldova,2005,,renewables_share
Annual,Renewable energy - heating and cooling - waste heat and cold,Percentage,Moldova,2006,,renewables_share
Annual,Renewable energy - heating and cooling - waste heat and cold,Percentage,Moldova,2007,,renewables_share
Annual,Renewable energy - heating and cooling - waste heat and cold,Percentage,Moldova,2008,,renewables_share
Annual,Renewable energy - heating and cooling - waste heat and cold,Percentage,Moldova,2009,,renewables_share
Annual,Renewable energy - heating and cooling - waste heat and cold,Percentage,Moldova,2010,,renewables_share
Annual,Renewable energy - heating and cooling - waste heat and cold,Percentage,Moldova,2011,,renewables_share
Annual,Renewable energy - heating and cooling - waste heat and cold,Percentage,Moldova,2012,,renewables_share
Annual,Renewable energy - heating and cooling - waste heat and cold,Percentage,Moldova,2013,,renewables_share
Annual,Renewable energy - heating and cooling - waste heat and cold,Percentage,Moldova,2014,,renewables_share
Annual,Renewable energy - heating and cooling - waste heat and cold,Percentage,Moldova,2015,,renewables_share
Annual,Renewable energy - heating and cooling - waste heat and cold,Percentage,Moldova,2016,,renewables_share
Annual,Renewable energy - heating and cooling - waste heat and cold,Percentage,Moldova,2017,,renewables_share
Annual,Renewable energy - heating and cooling - waste heat and cold,Percentage,Moldova,2018,,renewables_share
Annual,Renewable energy - heating and cooling - waste heat and cold,Percentage,Moldova,2019,,renewables_share
Annual,Renewable energy - heating and cooling - waste heat and cold,Percentage,Moldova,2020,,renewables_share
Annual,Renewable energy - heating and cooling - waste heat and cold,Percentage,Moldova,2021,,renewables_share
Annual,Renewable energy - heating and cooling - waste heat and cold,Percentage,Moldova,2022,,renewables_share
Annual,Renewable energy - heating and cooling - waste heat and cold,Percentage,Moldova,2023,,renewables_share
Annual,Renewable energy - heating and cooling - waste heat and cold,Percentage,Moldova,2024,,renewables_share
Annual,Renewable energy - heating and cooling - waste heat and cold,Percentage,North Macedonia,2004,,renewables_share
Annual,Renewable energy - heating and cooling - waste heat and cold,Percentage,North Macedonia,2005,,renewables_share
Annual,Renewable energy - heating and cooling - waste heat and cold,Percentage,North Macedonia,2006,,renewables_share
Annual,Renewable energy - heating and cooling - waste heat and cold,Percentage,North Macedonia,2007,,renewables_share
Annual,Renewable energy - heating and cooling - waste heat and cold,Percentage,North Macedonia,2008,,renewables_share
Annual,Renewable energy - heating and cooling - waste heat and cold,Percentage,North Macedonia,2009,,renewables_share
Annual,Renewable energy - heating and cooling - waste heat and cold,Percentage,North Macedonia,2010,,renewables_share
Annual,Renewable energy - heating and cooling - waste heat and cold,Percentage,North Macedonia,2011,,renewables_share
Annual,Renewable energy - heating and cooling - waste heat and cold,Percentage,North Macedonia,2012,,renewables_share
Annual,Renewable energy - heating and cooling - waste heat and cold,Percentage,North Macedonia,2013,,renewables_share
Annual,Renewable energy - heating and cooling - waste heat and cold,Percentage,North Macedonia,2014,,renewables_share
Annual,Renewable energy - heating and cooling - waste heat and cold,Percentage,North Macedonia,2015,,renewables_share
Annual,Renewable energy - heating and cooling - waste heat and cold,Percentage,North Macedonia,2016,,renewables_share
Annual,Renewable energy - heating and cooling - waste heat and cold,Percentage,North Macedonia,2017,,renewables_share
Annual,Renewable energy - heating and cooling - waste heat and cold,Percentage,North Macedonia,2018,,renewables_share
Annual,Renewable energy - heating and cooling - waste heat and cold,Percentage,North Macedonia,2019,,renewables_share
Annual,Renewable energy - heating and cooling - waste heat and cold,Percentage,North Macedonia,2020,,renewables_share
Annual,Renewable energy - heating and cooling - waste heat and cold,Percentage,North Macedonia,2021,,renewables_share
Annual,Renewable energy - heating and cooling - waste heat and cold,Percentage,North Macedonia,2022,,renewables_share
Annual,Renewable energy - heating and cooling - waste heat and cold,Percentage,North Macedonia,2023,,renewables_share
Annual,Renewable energy - heating and cooling - waste heat and cold,Percentage,North Macedonia,2024,,renewables_share
Annual,Renewable energy - heating and cooling - waste heat and cold,Percentage,Georgia,2004,,renewables_share
Annual,Renewable energy - heating and cooling - waste heat and cold,Percentage,Georgia,2005,,renewables_share
Annual,Renewable energy - heating and cooling - waste heat and cold,Percentage,Georgia,2006,,renewables_share
Annual,Renewable energy - heating and cooling - waste heat and cold,Percentage,Georgia,2007,,renewables_share
Annual,Renewable energy - heating and cooling - waste heat and cold,Percentage,Georgia,2008,,renewables_share
Annual,Renewable energy - heating and cooling - waste heat and cold,Percentage,Georgia,2009,,renewables_share
Annual,Renewable energy - heating and cooling - waste heat and cold,Percentage,Georgia,2010,,renewables_share
Annual,Renewable energy - heating and cooling - waste heat and cold,Percentage,Georgia,2011,,renewables_share
Annual,Renewable energy - heating and cooling - waste heat and cold,Percentage,Georgia,2012,,renewables_share
Annual,Renewable energy - heating and cooling - waste heat and cold,Percentage,Georgia,2013,,renewables_share
Annual,Renewable energy - heating and cooling - waste heat and cold,Percentage,Georgia,2014,,renewables_share
Annual,Renewable energy - heating and cooling - waste heat and cold,Percentage,Georgia,2015,,renewables_share
Annual,Renewable energy - heating and cooling - waste heat and cold,Percentage,Georgia,2016,,renewables_share
Annual,Renewable energy - heating and cooling - waste heat and cold,Percentage,Georgia,2017,,renewables_share
Annual,Renewable energy - heating and cooling - waste heat and cold,Percentage,Georgia,2018,,renewables_share
Annual,Renewable energy - heating and cooling - waste heat and cold,Percentage,Georgia,2019,,renewables_share
Annual,Renewable energy - heating and cooling - waste heat and cold,Percentage,Georgia,2020,,renewables_share
Annual,Renewable energy - heating and cooling - waste heat and cold,Percentage,Georgia,2021,,renewables_share
Annual,Renewable energy - heating and cooling - waste heat and cold,Percentage,Georgia,2022,,renewables_share
Annual,Renewable energy - heating and cooling - waste heat and cold,Percentage,Georgia,2023,,renewables_share
Annual,Renewable energy - heating and cooling - waste heat and cold,Percentage,Georgia,2024,,renewables_share
Annual,Renewable energy - heating and cooling - waste heat and cold,Percentage,Albania,2004,,renewables_share
Annual,Renewable energy - heating and cooling - waste heat and cold,Percentage,Albania,2005,,renewables_share
Annual,Renewable energy - heating and cooling - waste heat and cold,Percentage,Albania,2006,,renewables_share
Annual,Renewable energy - heating and cooling - waste heat and cold,Percentage,Albania,2007,,renewables_share
Annual,Renewable energy - heating and cooling - waste heat and cold,Percentage,Albania,2008,,renewables_share
Annual,Renewable energy - heating and cooling - waste heat and cold,Percentage,Albania,2009,,renewables_share
Annual,Renewable energy - heating and cooling - waste heat and cold,Percentage,Albania,2010,,renewables_share
Annual,Renewable energy - heating and cooling - waste heat and cold,Percentage,Albania,2011,,renewables_share
Annual,Renewable energy - heating and cooling - waste heat and cold,Percentage,Albania,2012,,renewables_share
Annual,Renewable energy - heating and cooling - waste heat and cold,Percentage,Albania,2013,,renewables_share
Annual,Renewable energy - heating and cooling - waste heat and cold,Percentage,Albania,2014,,renewables_share
Annual,Renewable energy - heating and cooling - waste heat and cold,Percentage,Albania,2015,,renewables_share
Annual,Renewable energy - heating and cooling - waste heat and cold,Percentage,Albania,2016,,renewables_share
Annual,Renewable energy - heating and cooling - waste heat and cold,Percentage,Albania,2017,,renewables_share
Annual,Renewable energy - heating and cooling - waste heat and cold,Percentage,Albania,2018,,renewables_share
Annual,Renewable energy - heating and cooling - waste heat and cold,Percentage,Albania,2019,,renewables_share
Annual,Renewable energy - heating and cooling - waste heat and cold,Percentage,Albania,2020,,renewables_share
Annual,Renewable energy - heating and cooling - waste heat and cold,Percentage,Albania,2021,,renewables_share
Annual,Renewable energy - heating and cooling - waste heat and cold,Percentage,Albania,2022,,renewables_share
Annual,Renewable energy - heating and cooling - waste heat and cold,Percentage,Albania,2023,,renewables_share
Annual,Renewable energy - heating and cooling - waste heat and cold,Percentage,Albania,2024,,renewables_share
Annual,Renewable energy - heating and cooling - waste heat and cold,Percentage,Serbia,2004,,renewables_share
Annual,Renewable energy - heating and cooling - waste heat and cold,Percentage,Serbia,2005,,renewables_share
Annual,Renewable energy - heating and cooling - waste heat and cold,Percentage,Serbia,2006,,renewables_share
Annual,Renewable energy - heating and cooling - waste heat and cold,Percentage,Serbia,2007,,renewables_share
Annual,Renewable energy - heating and cooling - waste heat and cold,Percentage,Serbia,2008,,renewables_share
Annual,Renewable energy - heating and cooling - waste heat and cold,Percentage,Serbia,2009,,renewables_share
Annual,Renewable energy - heating and cooling - waste heat and cold,Percentage,Serbia,2010,,renewables_share
Annual,Renewable energy - heating and cooling - waste heat and cold,Percentage,Serbia,2011,,renewables_share
Annual,Renewable energy - heating and cooling - waste heat and cold,Percentage,Serbia,2012,,renewables_share
Annual,Renewable energy - heating and cooling - waste heat and cold,Percentage,Serbia,2013,,renewables_share
Annual,Renewable energy - heating and cooling - waste heat and cold,Percentage,Serbia,2014,,renewables_share
Annual,Renewable energy - heating and cooling - waste heat and cold,Percentage,Serbia,2015,,renewables_share
Annual,Renewable energy - heating and cooling - waste heat and cold,Percentage,Serbia,2016,,renewables_share
Annual,Renewable energy - heating and cooling - waste heat and cold,Percentage,Serbia,2017,,renewables_share
Annual,Renewable energy - heating and cooling - waste heat and cold,Percentage,Serbia,2018,,renewables_share
Annual,Renewable energy - heating and cooling - waste heat and cold,Percentage,Serbia,2019,,renewables_share
Annual,Renewable energy - heating and cooling - waste heat and cold,Percentage,Serbia,2020,,renewables_share
Annual,Renewable energy - heating and cooling - waste heat and cold,Percentage,Serbia,2021,,renewables_share
Annual,Renewable energy - heating and cooling - waste heat and cold,Percentage,Serbia,2022,,renewables_share
Annual,Renewable energy - heating and cooling - waste heat and cold,Percentage,Serbia,2023,,renewables_share
Annual,Renewable energy - heating and cooling - waste heat and cold,Percentage,Serbia,2024,,renewables_share
Annual,Renewable energy - heating and cooling - waste heat and cold,Percentage,Kosovo*,2004,,renewables_share
Annual,Renewable energy - heating and cooling - waste heat and cold,Percentage,Kosovo*,2005,,renewables_share
Annual,Renewable energy - heating and cooling - waste heat and cold,Percentage,Kosovo*,2006,,renewables_share
Annual,Renewable energy - heating and cooling - waste heat and cold,Percentage,Kosovo*,2007,,renewables_share
Annual,Renewable energy - heating and cooling - waste heat and cold,Percentage,Kosovo*,2008,,renewables_share
Annual,Renewable energy - heating and cooling - waste heat and cold,Percentage,Kosovo*,2009,,renewables_share
Annual,Renewable energy - heating and cooling - waste heat and cold,Percentage,Kosovo*,2010,,renewables_share
Annual,Renewable energy - heating and cooling - waste heat and cold,Percentage,Kosovo*,2011,,renewables_share
Annual,Renewable energy - heating and cooling - waste heat and cold,Percentage,Kosovo*,2012,,renewables_share
Annual,Renewable energy - heating and cooling - waste heat and cold,Percentage,Kosovo*,2013,,renewables_share
Annual,Renewable energy - heating and cooling - waste heat and cold,Percentage,Kosovo*,2014,,renewables_share
Annual,Renewable energy - heating and cooling - waste heat and cold,Percentage,Kosovo*,2015,,renewables_share
Annual,Renewable energy - heating and cooling - waste heat and cold,Percentage,Kosovo*,2016,,renewables_share
Annual,Renewable energy - heating and cooling - waste heat and cold,Percentage,Kosovo*,2017,,renewables_share
Annual,Renewable energy - heating and cooling - waste heat and cold,Percentage,Kosovo*,2018,,renewables_share
Annual,Renewable energy - heating and cooling - waste heat and cold,Percentage,Kosovo*,2019,,renewables_share
Annual,Renewable energy - heating and cooling - waste heat and cold,Percentage,Kosovo*,2020,,renewables_share
Annual,Renewable energy - heating and cooling - waste heat and cold,Percentage,Kosovo*,2021,,renewables_share
Annual,Renewable energy - heating and cooling - waste heat and cold,Percentage,Kosovo*,2022,,renewables_share
Annual,Renewable energy - heating and cooling - waste heat and cold,Percentage,Kosovo*,2023,,renewables_share
Annual,Renewable energy - heating and cooling - waste heat and cold,Percentage,Kosovo*,2024,,renewables_share
Annual,Renewable energy and waste heat and cold - district heating and cooling,Percentage,European Union - 27 countries (from 2020),2004,,renewables_share
Annual,Renewable energy and waste heat and cold - district heating and cooling,Percentage,European Union - 27 countries (from 2020),2005,,renewables_share
Annual,Renewable energy and waste heat and cold - district heating and cooling,Percentage,European Union - 27 countries (from 2020),2006,,renewables_share
Annual,Renewable energy and waste heat and cold - district heating and cooling,Percentage,European Union - 27 countries (from 2020),2007,,renewables_share
Annual,Renewable energy and waste heat and cold - district heating and cooling,Percentage,European Union - 27 countries (from 2020),2008,,renewables_share
Annual,Renewable energy and waste heat and cold - district heating and cooling,Percentage,European Union - 27 countries (from 2020),2009,,renewables_share
Annual,Renewable energy and waste heat and cold - district heating and cooling,Percentage,European Union - 27 countries (from 2020),2010,,renewables_share
Annual,Renewable energy and waste heat and cold - district heating and cooling,Percentage,European Union - 27 countries (from 2020),2011,,renewables_share
Annual,Renewable energy and waste heat and cold - district heating and cooling,Percentage,European Union - 27 countries (from 2020),2012,,renewables_share
Annual,Renewable energy and waste heat and cold - district heating and cooling,Percentage,European Union - 27 countries (from 2020),2013,,renewables_share
Annual,Renewable energy and waste heat and cold - district heating and cooling,Percentage,European Union - 27 countries (from 2020),2014,,renewables_share
Annual,Renewable energy and waste heat and cold - district heating and cooling,Percentage,European Union - 27 countries (from 2020),2015,,renewables_share
Annual,Renewable energy and waste heat and cold - district heating and cooling,Percentage,European Union - 27 countries (from 2020),2016,,renewables_share
Annual,Renewable energy and waste heat and cold - district heating and cooling,Percentage,European Union - 27 countries (from 2020),2017,,renewables_share
Annual,Renewable energy and waste heat and cold - district heating and cooling,Percentage,European Union - 27 countries (from 2020),2018,,renewables_share
Annual,Renewable energy and waste heat and cold - district heating and cooling,Percentage,European Union - 27 countries (from 2020),2019,,renewables_share
Annual,Renewable energy and waste heat and cold - district heating and cooling,Percentage,European Union - 27 countries (from 2020),2020,,renewables_share
Annual,Renewable energy and waste heat and cold - district heating and cooling,Percentage,European Union - 27 countries (from 2020),2021,30.13,renewables_share
Annual,Renewable energy and waste heat and cold - district heating and cooling,Percentage,European Union - 27 countries (from 2020),2022,31.564,renewables_share
Annual,Renewable energy and waste heat and cold - district heating and cooling,Percentage,European Union - 27 countries (from 2020),2023,33.174,renewables_share
Annual,Renewable energy and waste heat and cold - district heating and cooling,Percentage,European Union - 27 countries (from 2020),2024,34.527,renewables_share
Annual,Renewable energy and waste heat and cold - district heating and cooling,Percentage,Euro area – 21 countries (from 2026),2004,,renewables_share
Annual,Renewable energy and waste heat and cold - district heating and cooling,Percentage,Euro area – 21 countries (from 2026),2005,,renewables_share
Annual,Renewable energy and waste heat and cold - district heating and cooling,Percentage,Euro area – 21 countries (from 2026),2006,,renewables_share
Annual,Renewable energy and waste heat and cold - district heating and cooling,Percentage,Euro area – 21 countries (from 2026),2007,,renewables_share
Annual,Renewable energy and waste heat and cold - district heating and cooling,Percentage,Euro area – 21 countries (from 2026),2008,,renewables_share
Annual,Renewable energy and waste heat and cold - district heating and cooling,Percentage,Euro area – 21 countries (from 2026),2009,,renewables_share
Annual,Renewable energy and waste heat and cold - district heating and cooling,Percentage,Euro area – 21 countries (from 2026),2010,,renewables_share
Annual,Renewable energy and waste heat and cold - district heating and cooling,Percentage,Euro area – 21 countries (from 2026),2011,,renewables_share
Annual,Renewable energy and waste heat and cold - district heating and cooling,Percentage,Euro area – 21 countries (from 2026),2012,,renewables_share
Annual,Renewable energy and waste heat and cold - district heating and cooling,Percentage,Euro area – 21 countries (from 2026),2013,,renewables_share
Annual,Renewable energy and waste heat and cold - district heating and cooling,Percentage,Euro area – 21 countries (from 2026),2014,,renewables_share
Annual,Renewable energy and waste heat and cold - district heating and cooling,Percentage,Euro area – 21 countries (from 2026),2015,,renewables_share
Annual,Renewable energy and waste heat and cold - district heating and cooling,Percentage,Euro area – 21 countries (from 2026),2016,,renewables_share
Annual,Renewable energy and waste heat and cold - district heating and cooling,Percentage,Euro area – 21 countries (from 2026),2017,,renewables_share
Annual,Renewable energy and waste heat and cold - district heating and cooling,Percentage,Euro area – 21 countries (from 2026),2018,,renewables_share
Annual,Renewable energy and waste heat and cold - district heating and cooling,Percentage,Euro area – 21 countries (from 2026),2019,,renewables_share
Annual,Renewable energy and waste heat and cold - district heating and cooling,Percentage,Euro area – 21 countries (from 2026),2020,,renewables_share
Annual,Renewable energy and waste heat and cold - district heating and cooling,Percentage,Euro area – 21 countries (from 2026),2021,20.24,renewables_share
Annual,Renewable energy and waste heat and cold - district heating and cooling,Percentage,Euro area – 21 countries (from 2026),2022,22.165,renewables_share
Annual,Renewable energy and waste heat and cold - district heating and cooling,Percentage,Euro area – 21 countries (from 2026),2023,23.312,renewables_share
Annual,Renewable energy and waste heat and cold - district heating and cooling,Percentage,Euro area – 21 countries (from 2026),2024,24.228,renewables_share
Annual,Renewable energy and waste heat and cold - district heating and cooling,Percentage,Euro area – 20 countries (2023-2025),2004,,renewables_share
Annual,Renewable energy and waste heat and cold - district heating and cooling,Percentage,Euro area – 20 countries (2023-2025),2005,,renewables_share
Annual,Renewable energy and waste heat and cold - district heating and cooling,Percentage,Euro area – 20 countries (2023-2025),2006,,renewables_share
Annual,Renewable energy and waste heat and cold - district heating and cooling,Percentage,Euro area – 20 countries (2023-2025),2007,,renewables_share
Annual,Renewable energy and waste heat and cold - district heating and cooling,Percentage,Euro area – 20 countries (2023-2025),2008,,renewables_share
Annual,Renewable energy and waste heat and cold - district heating and cooling,Percentage,Euro area – 20 countries (2023-2025),2009,,renewables_share
Annual,Renewable energy and waste heat and cold - district heating and cooling,Percentage,Euro area – 20 countries (2023-2025),2010,,renewables_share
Annual,Renewable energy and waste heat and cold - district heating and cooling,Percentage,Euro area – 20 countries (2023-2025),2011,,renewables_share
Annual,Renewable energy and waste heat and cold - district heating and cooling,Percentage,Euro area – 20 countries (2023-2025),2012,,renewables_share
Annual,Renewable energy and waste heat and cold - district heating and cooling,Percentage,Euro area – 20 countries (2023-2025),2013,,renewables_share
Annual,Renewable energy and waste heat and cold - district heating and cooling,Percentage,Euro area – 20 countries (2023-2025),2014,,renewables_share
Annual,Renewable energy and waste heat and cold - district heating and cooling,Percentage,Euro area – 20 countries (2023-2025),2015,,renewables_share
Annual,Renewable energy and waste heat and cold - district heating and cooling,Percentage,Euro area – 20 countries (2023-2025),2016,,renewables_share
Annual,Renewable energy and waste heat and cold - district heating and cooling,Percentage,Euro area – 20 countries (2023-2025),2017,,renewables_share
Annual,Renewable energy and waste heat and cold - district heating and cooling,Percentage,Euro area – 20 countries (2023-2025),2018,,renewables_share
Annual,Renewable energy and waste heat and cold - district heating and cooling,Percentage,Euro area – 20 countries (2023-2025),2019,,renewables_share
Annual,Renewable energy and waste heat and cold - district heating and cooling,Percentage,Euro area – 20 countries (2023-2025),2020,,renewables_share
Annual,Renewable energy and waste heat and cold - district heating and cooling,Percentage,Euro area – 20 countries (2023-2025),2021,20.24,renewables_share
Annual,Renewable energy and waste heat and cold - district heating and cooling,Percentage,Euro area – 20 countries (2023-2025),2022,22.165,renewables_share
Annual,Renewable energy and waste heat and cold - district heating and cooling,Percentage,Euro area – 20 countries (2023-2025),2023,23.312,renewables_share
Annual,Renewable energy and waste heat and cold - district heating and cooling,Percentage,Euro area – 20 countries (2023-2025),2024,24.228,renewables_share
Annual,Renewable energy and waste heat and cold - district heating and cooling,Percentage,Belgium,2004,,renewables_share
Annual,Renewable energy and waste heat and cold - district heating and cooling,Percentage,Belgium,2005,,renewables_share
Annual,Renewable energy and waste heat and cold - district heating and cooling,Percentage,Belgium,2006,,renewables_share
Annual,Renewable energy and waste heat and cold - district heating and cooling,Percentage,Belgium,2007,,renewables_share
Annual,Renewable energy and waste heat and cold - district heating and cooling,Percentage,Belgium,2008,,renewables_share
Annual,Renewable energy and waste heat and cold - district heating and cooling,Percentage,Belgium,2009,,renewables_share
Annual,Renewable energy and waste heat and cold - district heating and cooling,Percentage,Belgium,2010,,renewables_share
Annual,Renewable energy and waste heat and cold - district heating and cooling,Percentage,Belgium,2011,,renewables_share
Annual,Renewable energy and waste heat and cold - district heating and cooling,Percentage,Belgium,2012,,renewables_share
Annual,Renewable energy and waste heat and cold - district heating and cooling,Percentage,Belgium,2013,,renewables_share
Annual,Renewable energy and waste heat and cold - district heating and cooling,Percentage,Belgium,2014,,renewables_share
Annual,Renewable energy and waste heat and cold - district heating and cooling,Percentage,Belgium,2015,,renewables_share
Annual,Renewable energy and waste heat and cold - district heating and cooling,Percentage,Belgium,2016,,renewables_share
Annual,Renewable energy and waste heat and cold - district heating and cooling,Percentage,Belgium,2017,,renewables_share
Annual,Renewable energy and waste heat and cold - district heating and cooling,Percentage,Belgium,2018,,renewables_share
Annual,Renewable energy and waste heat and cold - district heating and cooling,Percentage,Belgium,2019,,renewables_share
Annual,Renewable energy and waste heat and cold - district heating and cooling,Percentage,Belgium,2020,,renewables_share
Annual,Renewable energy and waste heat and cold - district heating and cooling,Percentage,Belgium,2021,73.0,renewables_share
Annual,Renewable energy and waste heat and cold - district heating and cooling,Percentage,Belgium,2022,74.0,renewables_share
Annual,Renewable energy and waste heat and cold - district heating and cooling,Percentage,Belgium,2023,74.0,renewables_share
Annual,Renewable energy and waste heat and cold - district heating and cooling,Percentage,Belgium,2024,68.0,renewables_share
Annual,Renewable energy and waste heat and cold - district heating and cooling,Percentage,Bulgaria,2004,,renewables_share
Annual,Renewable energy and waste heat and cold - district heating and cooling,Percentage,Bulgaria,2005,,renewables_share
Annual,Renewable energy and waste heat and cold - district heating and cooling,Percentage,Bulgaria,2006,,renewables_share
Annual,Renewable energy and waste heat and cold - district heating and cooling,Percentage,Bulgaria,2007,,renewables_share
Annual,Renewable energy and waste heat and cold - district heating and cooling,Percentage,Bulgaria,2008,,renewables_share
Annual,Renewable energy and waste heat and cold - district heating and cooling,Percentage,Bulgaria,2009,,renewables_share
Annual,Renewable energy and waste heat and cold - district heating and cooling,Percentage,Bulgaria,2010,,renewables_share
Annual,Renewable energy and waste heat and cold - district heating and cooling,Percentage,Bulgaria,2011,,renewables_share
Annual,Renewable energy and waste heat and cold - district heating and cooling,Percentage,Bulgaria,2012,,renewables_share
Annual,Renewable energy and waste heat and cold - district heating and cooling,Percentage,Bulgaria,2013,,renewables_share
Annual,Renewable energy and waste heat and cold - district heating and cooling,Percentage,Bulgaria,2014,,renewables_share
Annual,Renewable energy and waste heat and cold - district heating and cooling,Percentage,Bulgaria,2015,,renewables_share
Annual,Renewable energy and waste heat and cold - district heating and cooling,Percentage,Bulgaria,2016,,renewables_share
Annual,Renewable energy and waste heat and cold - district heating and cooling,Percentage,Bulgaria,2017,,renewables_share
Annual,Renewable energy and waste heat and cold - district heating and cooling,Percentage,Bulgaria,2018,,renewables_share
Annual,Renewable energy and waste heat and cold - district heating and cooling,Percentage,Bulgaria,2019,,renewables_share
Annual,Renewable energy and waste heat and cold - district heating and cooling,Percentage,Bulgaria,2020,,renewables_share
Annual,Renewable energy and waste heat and cold - district heating and cooling,Percentage,Bulgaria,2021,,renewables_share
Annual,Renewable energy and waste heat and cold - district heating and cooling,Percentage,Bulgaria,2022,,renewables_share
Annual,Renewable energy and waste heat and cold - district heating and cooling,Percentage,Bulgaria,2023,,renewables_share
Annual,Renewable energy and waste heat and cold - district heating and cooling,Percentage,Bulgaria,2024,,renewables_share
Annual,Renewable energy and waste heat and cold - district heating and cooling,Percentage,Czechia,2004,,renewables_share
Annual,Renewable energy and waste heat and cold - district heating and cooling,Percentage,Czechia,2005,,renewables_share
Annual,Renewable energy and waste heat and cold - district heating and cooling,Percentage,Czechia,2006,,renewables_share
Annual,Renewable energy and waste heat and cold - district heating and cooling,Percentage,Czechia,2007,,renewables_share
Annual,Renewable energy and waste heat and cold - district heating and cooling,Percentage,Czechia,2008,,renewables_share
Annual,Renewable energy and waste heat and cold - district heating and cooling,Percentage,Czechia,2009,,renewables_share
Annual,Renewable energy and waste heat and cold - district heating and cooling,Percentage,Czechia,2010,,renewables_share
Annual,Renewable energy and waste heat and cold - district heating and cooling,Percentage,Czechia,2011,,renewables_share
Annual,Renewable energy and waste heat and cold - district heating and cooling,Percentage,Czechia,2012,,renewables_share
Annual,Renewable energy and waste heat and cold - district heating and cooling,Percentage,Czechia,2013,,renewables_share
Annual,Renewable energy and waste heat and cold - district heating and cooling,Percentage,Czechia,2014,,renewables_share
Annual,Renewable energy and waste heat and cold - district heating and cooling,Percentage,Czechia,2015,,renewables_share
Annual,Renewable energy and waste heat and cold - district heating and cooling,Percentage,Czechia,2016,,renewables_share
Annual,Renewable energy and waste heat and cold - district heating and cooling,Percentage,Czechia,2017,,renewables_share
Annual,Renewable energy and waste heat and cold - district heating and cooling,Percentage,Czechia,2018,,renewables_share
Annual,Renewable energy and waste heat and cold - district heating and cooling,Percentage,Czechia,2019,,renewables_share
Annual,Renewable energy and waste heat and cold - district heating and cooling,Percentage,Czechia,2020,,renewables_share
Annual,Renewable energy and waste heat and cold - district heating and cooling,Percentage,Czechia,2021,,renewables_share
Annual,Renewable energy and waste heat and cold - district heating and cooling,Percentage,Czechia,2022,,renewables_share
Annual,Renewable energy and waste heat and cold - district heating and cooling,Percentage,Czechia,2023,,renewables_share
Annual,Renewable energy and waste heat and cold - district heating and cooling,Percentage,Czechia,2024,,renewables_share
Annual,Renewable energy and waste heat and cold - district heating and cooling,Percentage,Denmark,2004,,renewables_share
Annual,Renewable energy and waste heat and cold - district heating and cooling,Percentage,Denmark,2005,,renewables_share
Annual,Renewable energy and waste heat and cold - district heating and cooling,Percentage,Denmark,2006,,renewables_share
Annual,Renewable energy and waste heat and cold - district heating and cooling,Percentage,Denmark,2007,,renewables_share
Annual,Renewable energy and waste heat and cold - district heating and cooling,Percentage,Denmark,2008,,renewables_share
Annual,Renewable energy and waste heat and cold - district heating and cooling,Percentage,Denmark,2009,,renewables_share
Annual,Renewable energy and waste heat and cold - district heating and cooling,Percentage,Denmark,2010,,renewables_share
Annual,Renewable energy and waste heat and cold - district heating and cooling,Percentage,Denmark,2011,,renewables_share
Annual,Renewable energy and waste heat and cold - district heating and cooling,Percentage,Denmark,2012,,renewables_share
Annual,Renewable energy and waste heat and cold - district heating and cooling,Percentage,Denmark,2013,,renewables_share
Annual,Renewable energy and waste heat and cold - district heating and cooling,Percentage,Denmark,2014,,renewables_share
Annual,Renewable energy and waste heat and cold - district heating and cooling,Percentage,Denmark,2015,,renewables_share
Annual,Renewable energy and waste heat and cold - district heating and cooling,Percentage,Denmark,2016,,renewables_share
Annual,Renewable energy and waste heat and cold - district heating and cooling,Percentage,Denmark,2017,,renewables_share
Annual,Renewable energy and waste heat and cold - district heating and cooling,Percentage,Denmark,2018,,renewables_share
Annual,Renewable energy and waste heat and cold - district heating and cooling,Percentage,Denmark,2019,,renewables_share
Annual,Renewable energy and waste heat and cold - district heating and cooling,Percentage,Denmark,2020,,renewables_share
Annual,Renewable energy and waste heat and cold - district heating and cooling,Percentage,Denmark,2021,70.0,renewables_share
Annual,Renewable energy and waste heat and cold - district heating and cooling,Percentage,Denmark,2022,70.0,renewables_share
Annual,Renewable energy and waste heat and cold - district heating and cooling,Percentage,Denmark,2023,70.0,renewables_share
Annual,Renewable energy and waste heat and cold - district heating and cooling,Percentage,Denmark,2024,72.0,renewables_share
Annual,Renewable energy and waste heat and cold - district heating and cooling,Percentage,Germany,2004,,renewables_share
Annual,Renewable energy and waste heat and cold - district heating and cooling,Percentage,Germany,2005,,renewables_share
Annual,Renewable energy and waste heat and cold - district heating and cooling,Percentage,Germany,2006,,renewables_share
Annual,Renewable energy and waste heat and cold - district heating and cooling,Percentage,Germany,2007,,renewables_share
Annual,Renewable energy and waste heat and cold - district heating and cooling,Percentage,Germany,2008,,renewables_share
Annual,Renewable energy and waste heat and cold - district heating and cooling,Percentage,Germany,2009,,renewables_share
Annual,Renewable energy and waste heat and cold - district heating and cooling,Percentage,Germany,2010,,renewables_share
Annual,Renewable energy and waste heat and cold - district heating and cooling,Percentage,Germany,2011,,renewables_share
Annual,Renewable energy and waste heat and cold - district heating and cooling,Percentage,Germany,2012,,renewables_share
Annual,Renewable energy and waste heat and cold - district heating and cooling,Percentage,Germany,2013,,renewables_share
Annual,Renewable energy and waste heat and cold - district heating and cooling,Percentage,Germany,2014,,renewables_share
Annual,Renewable energy and waste heat and cold - district heating and cooling,Percentage,Germany,2015,,renewables_share
Annual,Renewable energy and waste heat and cold - district heating and cooling,Percentage,Germany,2016,,renewables_share
Annual,Renewable energy and waste heat and cold - district heating and cooling,Percentage,Germany,2017,,renewables_share
Annual,Renewable energy and waste heat and cold - district heating and cooling,Percentage,Germany,2018,,renewables_share
Annual,Renewable energy and waste heat and cold - district heating and cooling,Percentage,Germany,2019,,renewables_share
Annual,Renewable energy and waste heat and cold - district heating and cooling,Percentage,Germany,2020,,renewables_share
Annual,Renewable energy and waste heat and cold - district heating and cooling,Percentage,Germany,2021,18.568,renewables_share
Annual,Renewable energy and waste heat and cold - district heating and cooling,Percentage,Germany,2022,20.257,renewables_share
Annual,Renewable energy and waste heat and cold - district heating and cooling,Percentage,Germany,2023,21.262,renewables_share
Annual,Renewable energy and waste heat and cold - district heating and cooling,Percentage,Germany,2024,22.154,renewables_share
Annual,Renewable energy and waste heat and cold - district heating and cooling,Percentage,Estonia,2004,,renewables_share
Annual,Renewable energy and waste heat and cold - district heating and cooling,Percentage,Estonia,2005,,renewables_share
Annual,Renewable energy and waste heat and cold - district heating and cooling,Percentage,Estonia,2006,,renewables_share
Annual,Renewable energy and waste heat and cold - district heating and cooling,Percentage,Estonia,2007,,renewables_share
Annual,Renewable energy and waste heat and cold - district heating and cooling,Percentage,Estonia,2008,,renewables_share
Annual,Renewable energy and waste heat and cold - district heating and cooling,Percentage,Estonia,2009,,renewables_share
Annual,Renewable energy and waste heat and cold - district heating and cooling,Percentage,Estonia,2010,,renewables_share
Annual,Renewable energy and waste heat and cold - district heating and cooling,Percentage,Estonia,2011,,renewables_share
Annual,Renewable energy and waste heat and cold - district heating and cooling,Percentage,Estonia,2012,,renewables_share
Annual,Renewable energy and waste heat and cold - district heating and cooling,Percentage,Estonia,2013,,renewables_share
Annual,Renewable energy and waste heat and cold - district heating and cooling,Percentage,Estonia,2014,,renewables_share
Annual,Renewable energy and waste heat and cold - district heating and cooling,Percentage,Estonia,2015,,renewables_share
Annual,Renewable energy and waste heat and cold - district heating and cooling,Percentage,Estonia,2016,,renewables_share
Annual,Renewable energy and waste heat and cold - district heating and cooling,Percentage,Estonia,2017,,renewables_share
Annual,Renewable energy and waste heat and cold - district heating and cooling,Percentage,Estonia,2018,,renewables_share
Annual,Renewable energy and waste heat and cold - district heating and cooling,Percentage,Estonia,2019,,renewables_share
Annual,Renewable energy and waste heat and cold - district heating and cooling,Percentage,Estonia,2020,,renewables_share
Annual,Renewable energy and waste heat and cold - district heating and cooling,Percentage,Estonia,2021,,renewables_share
Annual,Renewable energy and waste heat and cold - district heating and cooling,Percentage,Estonia,2022,,renewables_share
Annual,Renewable energy and waste heat and cold - district heating and cooling,Percentage,Estonia,2023,,renewables_share
Annual,Renewable energy and waste heat and cold - district heating and cooling,Percentage,Estonia,2024,,renewables_share
Annual,Renewable energy and waste heat and cold - district heating and cooling,Percentage,Ireland,2004,,renewables_share
Annual,Renewable energy and waste heat and cold - district heating and cooling,Percentage,Ireland,2005,,renewables_share
Annual,Renewable energy and waste heat and cold - district heating and cooling,Percentage,Ireland,2006,,renewables_share
Annual,Renewable energy and waste heat and cold - district heating and cooling,Percentage,Ireland,2007,,renewables_share
Annual,Renewable energy and waste heat and cold - district heating and cooling,Percentage,Ireland,2008,,renewables_share
Annual,Renewable energy and waste heat and cold - district heating and cooling,Percentage,Ireland,2009,,renewables_share
Annual,Renewable energy and waste heat and cold - district heating and cooling,Percentage,Ireland,2010,,renewables_share
Annual,Renewable energy and waste heat and cold - district heating and cooling,Percentage,Ireland,2011,,renewables_share
Annual,Renewable energy and waste heat and cold - district heating and cooling,Percentage,Ireland,2012,,renewables_share
Annual,Renewable energy and waste heat and cold - district heating and cooling,Percentage,Ireland,2013,,renewables_share
Annual,Renewable energy and waste heat and cold - district heating and cooling,Percentage,Ireland,2014,,renewables_share
Annual,Renewable energy and waste heat and cold - district heating and cooling,Percentage,Ireland,2015,,renewables_share
Annual,Renewable energy and waste heat and cold - district heating and cooling,Percentage,Ireland,2016,,renewables_share
Annual,Renewable energy and waste heat and cold - district heating and cooling,Percentage,Ireland,2017,,renewables_share
Annual,Renewable energy and waste heat and cold - district heating and cooling,Percentage,Ireland,2018,,renewables_share
Annual,Renewable energy and waste heat and cold - district heating and cooling,Percentage,Ireland,2019,,renewables_share
Annual,Renewable energy and waste heat and cold - district heating and cooling,Percentage,Ireland,2020,,renewables_share
Annual,Renewable energy and waste heat and cold - district heating and cooling,Percentage,Ireland,2021,,renewables_share
Annual,Renewable energy and waste heat and cold - district heating and cooling,Percentage,Ireland,2022,,renewables_share
Annual,Renewable energy and waste heat and cold - district heating and cooling,Percentage,Ireland,2023,,renewables_share
Annual,Renewable energy and waste heat and cold - district heating and cooling,Percentage,Ireland,2024,,renewables_share
Annual,Renewable energy and waste heat and cold - district heating and cooling,Percentage,Greece,2004,,renewables_share
Annual,Renewable energy and waste heat and cold - district heating and cooling,Percentage,Greece,2005,,renewables_share
Annual,Renewable energy and waste heat and cold - district heating and cooling,Percentage,Greece,2006,,renewables_share
Annual,Renewable energy and waste heat and cold - district heating and cooling,Percentage,Greece,2007,,renewables_share
Annual,Renewable energy and waste heat and cold - district heating and cooling,Percentage,Greece,2008,,renewables_share
Annual,Renewable energy and waste heat and cold - district heating and cooling,Percentage,Greece,2009,,renewables_share
Annual,Renewable energy and waste heat and cold - district heating and cooling,Percentage,Greece,2010,,renewables_share
Annual,Renewable energy and waste heat and cold - district heating and cooling,Percentage,Greece,2011,,renewables_share
Annual,Renewable energy and waste heat and cold - district heating and cooling,Percentage,Greece,2012,,renewables_share
Annual,Renewable energy and waste heat and cold - district heating and cooling,Percentage,Greece,2013,,renewables_share
Annual,Renewable energy and waste heat and cold - district heating and cooling,Percentage,Greece,2014,,renewables_share
Annual,Renewable energy and waste heat and cold - district heating and cooling,Percentage,Greece,2015,,renewables_share
Annual,Renewable energy and waste heat and cold - district heating and cooling,Percentage,Greece,2016,,renewables_share
Annual,Renewable energy and waste heat and cold - district heating and cooling,Percentage,Greece,2017,,renewables_share
Annual,Renewable energy and waste heat and cold - district heating and cooling,Percentage,Greece,2018,,renewables_share
Annual,Renewable energy and waste heat and cold - district heating and cooling,Percentage,Greece,2019,,renewables_share
Annual,Renewable energy and waste heat and cold - district heating and cooling,Percentage,Greece,2020,,renewables_share
Annual,Renewable energy and waste heat and cold - district heating and cooling,Percentage,Greece,2021,,renewables_share
Annual,Renewable energy and waste heat and cold - district heating and cooling,Percentage,Greece,2022,,renewables_share
Annual,Renewable energy and waste heat and cold - district heating and cooling,Percentage,Greece,2023,,renewables_share
Annual,Renewable energy and waste heat and cold - district heating and cooling,Percentage,Greece,2024,,renewables_share
Annual,Renewable energy and waste heat and cold - district heating and cooling,Percentage,Spain,2004,,renewables_share
Annual,Renewable energy and waste heat and cold - district heating and cooling,Percentage,Spain,2005,,renewables_share
Annual,Renewable energy and waste heat and cold - district heating and cooling,Percentage,Spain,2006,,renewables_share
Annual,Renewable energy and waste heat and cold - district heating and cooling,Percentage,Spain,2007,,renewables_share
Annual,Renewable energy and waste heat and cold - district heating and cooling,Percentage,Spain,2008,,renewables_share
Annual,Renewable energy and waste heat and cold - district heating and cooling,Percentage,Spain,2009,,renewables_share
Annual,Renewable energy and waste heat and cold - district heating and cooling,Percentage,Spain,2010,,renewables_share
Annual,Renewable energy and waste heat and cold - district heating and cooling,Percentage,Spain,2011,,renewables_share
Annual,Renewable energy and waste heat and cold - district heating and cooling,Percentage,Spain,2012,,renewables_share
Annual,Renewable energy and waste heat and cold - district heating and cooling,Percentage,Spain,2013,,renewables_share
Annual,Renewable energy and waste heat and cold - district heating and cooling,Percentage,Spain,2014,,renewables_share
Annual,Renewable energy and waste heat and cold - district heating and cooling,Percentage,Spain,2015,,renewables_share
Annual,Renewable energy and waste heat and cold - district heating and cooling,Percentage,Spain,2016,,renewables_share
Annual,Renewable energy and waste heat and cold - district heating and cooling,Percentage,Spain,2017,,renewables_share
Annual,Renewable energy and waste heat and cold - district heating and cooling,Percentage,Spain,2018,,renewables_share
Annual,Renewable energy and waste heat and cold - district heating and cooling,Percentage,Spain,2019,,renewables_share
Annual,Renewable energy and waste heat and cold - district heating and cooling,Percentage,Spain,2020,,renewables_share
Annual,Renewable energy and waste heat and cold - district heating and cooling,Percentage,Spain,2021,41.0,renewables_share
Annual,Renewable energy and waste heat and cold - district heating and cooling,Percentage,Spain,2022,78.0,renewables_share
Annual,Renewable energy and waste heat and cold - district heating and cooling,Percentage,Spain,2023,82.0,renewables_share
Annual,Renewable energy and waste heat and cold - district heating and cooling,Percentage,Spain,2024,82.0,renewables_share
Annual,Renewable energy and waste heat and cold - district heating and cooling,Percentage,France,2004,,renewables_share
Annual,Renewable energy and waste heat and cold - district heating and cooling,Percentage,France,2005,,renewables_share
Annual,Renewable energy and waste heat and cold - district heating and cooling,Percentage,France,2006,,renewables_share
Annual,Renewable energy and waste heat and cold - district heating and cooling,Percentage,France,2007,,renewables_share
Annual,Renewable energy and waste heat and cold - district heating and cooling,Percentage,France,2008,,renewables_share
Annual,Renewable energy and waste heat and cold - district heating and cooling,Percentage,France,2009,,renewables_share
Annual,Renewable energy and waste heat and cold - district heating and cooling,Percentage,France,2010,,renewables_share
Annual,Renewable energy and waste heat and cold - district heating and cooling,Percentage,France,2011,,renewables_share
Annual,Renewable energy and waste heat and cold - district heating and cooling,Percentage,France,2012,,renewables_share
Annual,Renewable energy and waste heat and cold - district heating and cooling,Percentage,France,2013,,renewables_share
Annual,Renewable energy and waste heat and cold - district heating and cooling,Percentage,France,2014,,renewables_share
Annual,Renewable energy and waste heat and cold - district heating and cooling,Percentage,France,2015,,renewables_share
Annual,Renewable energy and waste heat and cold - district heating and cooling,Percentage,France,2016,,renewables_share
Annual,Renewable energy and waste heat and cold - district heating and cooling,Percentage,France,2017,,renewables_share
Annual,Renewable energy and waste heat and cold - district heating and cooling,Percentage,France,2018,,renewables_share
Annual,Renewable energy and waste heat and cold - district heating and cooling,Percentage,France,2019,,renewables_share
Annual,Renewable energy and waste heat and cold - district heating and cooling,Percentage,France,2020,,renewables_share
Annual,Renewable energy and waste heat and cold - district heating and cooling,Percentage,France,2021,,renewables_share
Annual,Renewable energy and waste heat and cold - district heating and cooling,Percentage,France,2022,,renewables_share
Annual,Renewable energy and waste heat and cold - district heating and cooling,Percentage,France,2023,,renewables_share
Annual,Renewable energy and waste heat and cold - district heating and cooling,Percentage,France,2024,,renewables_share
Annual,Renewable energy and waste heat and cold - district heating and cooling,Percentage,Croatia,2004,,renewables_share
Annual,Renewable energy and waste heat and cold - district heating and cooling,Percentage,Croatia,2005,,renewables_share
Annual,Renewable energy and waste heat and cold - district heating and cooling,Percentage,Croatia,2006,,renewables_share
Annual,Renewable energy and waste heat and cold - district heating and cooling,Percentage,Croatia,2007,,renewables_share
Annual,Renewable energy and waste heat and cold - district heating and cooling,Percentage,Croatia,2008,,renewables_share
Annual,Renewable energy and waste heat and cold - district heating and cooling,Percentage,Croatia,2009,,renewables_share
Annual,Renewable energy and waste heat and cold - district heating and cooling,Percentage,Croatia,2010,,renewables_share
Annual,Renewable energy and waste heat and cold - district heating and cooling,Percentage,Croatia,2011,,renewables_share
Annual,Renewable energy and waste heat and cold - district heating and cooling,Percentage,Croatia,2012,,renewables_share
Annual,Renewable energy and waste heat and cold - district heating and cooling,Percentage,Croatia,2013,,renewables_share
Annual,Renewable energy and waste heat and cold - district heating and cooling,Percentage,Croatia,2014,,renewables_share
Annual,Renewable energy and waste heat and cold - district heating and cooling,Percentage,Croatia,2015,,renewables_share
Annual,Renewable energy and waste heat and cold - district heating and cooling,Percentage,Croatia,2016,,renewables_share
Annual,Renewable energy and waste heat and cold - district heating and cooling,Percentage,Croatia,2017,,renewables_share
Annual,Renewable energy and waste heat and cold - district heating and cooling,Percentage,Croatia,2018,,renewables_share
Annual,Renewable energy and waste heat and cold - district heating and cooling,Percentage,Croatia,2019,,renewables_share
Annual,Renewable energy and waste heat and cold - district heating and cooling,Percentage,Croatia,2020,,renewables_share
Annual,Renewable energy and waste heat and cold - district heating and cooling,Percentage,Croatia,2021,,renewables_share
Annual,Renewable energy and waste heat and cold - district heating and cooling,Percentage,Croatia,2022,,renewables_share
Annual,Renewable energy and waste heat and cold - district heating and cooling,Percentage,Croatia,2023,,renewables_share
Annual,Renewable energy and waste heat and cold - district heating and cooling,Percentage,Croatia,2024,,renewables_share
Annual,Renewable energy and waste heat and cold - district heating and cooling,Percentage,Italy,2004,,renewables_share
Annual,Renewable energy and waste heat and cold - district heating and cooling,Percentage,Italy,2005,,renewables_share
Annual,Renewable energy and waste heat and cold - district heating and cooling,Percentage,Italy,2006,,renewables_share
Annual,Renewable energy and waste heat and cold - district heating and cooling,Percentage,Italy,2007,,renewables_share
Annual,Renewable energy and waste heat and cold - district heating and cooling,Percentage,Italy,2008,,renewables_share
Annual,Renewable energy and waste heat and cold - district heating and cooling,Percentage,Italy,2009,,renewables_share
Annual,Renewable energy and waste heat and cold - district heating and cooling,Percentage,Italy,2010,,renewables_share
Annual,Renewable energy and waste heat and cold - district heating and cooling,Percentage,Italy,2011,,renewables_share
Annual,Renewable energy and waste heat and cold - district heating and cooling,Percentage,Italy,2012,,renewables_share
Annual,Renewable energy and waste heat and cold - district heating and cooling,Percentage,Italy,2013,,renewables_share
Annual,Renewable energy and waste heat and cold - district heating and cooling,Percentage,Italy,2014,,renewables_share
Annual,Renewable energy and waste heat and cold - district heating and cooling,Percentage,Italy,2015,,renewables_share
Annual,Renewable energy and waste heat and cold - district heating and cooling,Percentage,Italy,2016,,renewables_share
Annual,Renewable energy and waste heat and cold - district heating and cooling,Percentage,Italy,2017,,renewables_share
Annual,Renewable energy and waste heat and cold - district heating and cooling,Percentage,Italy,2018,,renewables_share
Annual,Renewable energy and waste heat and cold - district heating and cooling,Percentage,Italy,2019,,renewables_share
Annual,Renewable energy and waste heat and cold - district heating and cooling,Percentage,Italy,2020,,renewables_share
Annual,Renewable energy and waste heat and cold - district heating and cooling,Percentage,Italy,2021,25.0,renewables_share
Annual,Renewable energy and waste heat and cold - district heating and cooling,Percentage,Italy,2022,27.0,renewables_share
Annual,Renewable energy and waste heat and cold - district heating and cooling,Percentage,Italy,2023,28.0,renewables_share
Annual,Renewable energy and waste heat and cold - district heating and cooling,Percentage,Italy,2024,28.0,renewables_share
Annual,Renewable energy and waste heat and cold - district heating and cooling,Percentage,Cyprus,2004,,renewables_share
Annual,Renewable energy and waste heat and cold - district heating and cooling,Percentage,Cyprus,2005,,renewables_share
Annual,Renewable energy and waste heat and cold - district heating and cooling,Percentage,Cyprus,2006,,renewables_share
Annual,Renewable energy and waste heat and cold - district heating and cooling,Percentage,Cyprus,2007,,renewables_share
Annual,Renewable energy and waste heat and cold - district heating and cooling,Percentage,Cyprus,2008,,renewables_share
Annual,Renewable energy and waste heat and cold - district heating and cooling,Percentage,Cyprus,2009,,renewables_share
Annual,Renewable energy and waste heat and cold - district heating and cooling,Percentage,Cyprus,2010,,renewables_share
Annual,Renewable energy and waste heat and cold - district heating and cooling,Percentage,Cyprus,2011,,renewables_share
Annual,Renewable energy and waste heat and cold - district heating and cooling,Percentage,Cyprus,2012,,renewables_share
Annual,Renewable energy and waste heat and cold - district heating and cooling,Percentage,Cyprus,2013,,renewables_share
Annual,Renewable energy and waste heat and cold - district heating and cooling,Percentage,Cyprus,2014,,renewables_share
Annual,Renewable energy and waste heat and cold - district heating and cooling,Percentage,Cyprus,2015,,renewables_share
Annual,Renewable energy and waste heat and cold - district heating and cooling,Percentage,Cyprus,2016,,renewables_share
Annual,Renewable energy and waste heat and cold - district heating and cooling,Percentage,Cyprus,2017,,renewables_share
Annual,Renewable energy and waste heat and cold - district heating and cooling,Percentage,Cyprus,2018,,renewables_share
Annual,Renewable energy and waste heat and cold - district heating and cooling,Percentage,Cyprus,2019,,renewables_share
Annual,Renewable energy and waste heat and cold - district heating and cooling,Percentage,Cyprus,2020,,renewables_share
Annual,Renewable energy and waste heat and cold - district heating and cooling,Percentage,Cyprus,2021,,renewables_share
Annual,Renewable energy and waste heat and cold - district heating and cooling,Percentage,Cyprus,2022,,renewables_share
Annual,Renewable energy and waste heat and cold - district heating and cooling,Percentage,Cyprus,2023,,renewables_share
Annual,Renewable energy and waste heat and cold - district heating and cooling,Percentage,Cyprus,2024,,renewables_share
Annual,Renewable energy and waste heat and cold - district heating and cooling,Percentage,Latvia,2004,,renewables_share
Annual,Renewable energy and waste heat and cold - district heating and cooling,Percentage,Latvia,2005,,renewables_share
Annual,Renewable energy and waste heat and cold - district heating and cooling,Percentage,Latvia,2006,,renewables_share
Annual,Renewable energy and waste heat and cold - district heating and cooling,Percentage,Latvia,2007,,renewables_share
Annual,Renewable energy and waste heat and cold - district heating and cooling,Percentage,Latvia,2008,,renewables_share
Annual,Renewable energy and waste heat and cold - district heating and cooling,Percentage,Latvia,2009,,renewables_share
Annual,Renewable energy and waste heat and cold - district heating and cooling,Percentage,Latvia,2010,,renewables_share
Annual,Renewable energy and waste heat and cold - district heating and cooling,Percentage,Latvia,2011,,renewables_share
Annual,Renewable energy and waste heat and cold - district heating and cooling,Percentage,Latvia,2012,,renewables_share
Annual,Renewable energy and waste heat and cold - district heating and cooling,Percentage,Latvia,2013,,renewables_share
Annual,Renewable energy and waste heat and cold - district heating and cooling,Percentage,Latvia,2014,,renewables_share
Annual,Renewable energy and waste heat and cold - district heating and cooling,Percentage,Latvia,2015,,renewables_share
Annual,Renewable energy and waste heat and cold - district heating and cooling,Percentage,Latvia,2016,,renewables_share
Annual,Renewable energy and waste heat and cold - district heating and cooling,Percentage,Latvia,2017,,renewables_share
Annual,Renewable energy and waste heat and cold - district heating and cooling,Percentage,Latvia,2018,,renewables_share
Annual,Renewable energy and waste heat and cold - district heating and cooling,Percentage,Latvia,2019,,renewables_share
Annual,Renewable energy and waste heat and cold - district heating and cooling,Percentage,Latvia,2020,,renewables_share
Annual,Renewable energy and waste heat and cold - district heating and cooling,Percentage,Latvia,2021,,renewables_share
Annual,Renewable energy and waste heat and cold - district heating and cooling,Percentage,Latvia,2022,,renewables_share
Annual,Renewable energy and waste heat and cold - district heating and cooling,Percentage,Latvia,2023,,renewables_share
Annual,Renewable energy and waste heat and cold - district heating and cooling,Percentage,Latvia,2024,,renewables_share
Annual,Renewable energy and waste heat and cold - district heating and cooling,Percentage,Lithuania,2004,,renewables_share
Annual,Renewable energy and waste heat and cold - district heating and cooling,Percentage,Lithuania,2005,,renewables_share
Annual,Renewable energy and waste heat and cold - district heating and cooling,Percentage,Lithuania,2006,,renewables_share
Annual,Renewable energy and waste heat and cold - district heating and cooling,Percentage,Lithuania,2007,,renewables_share
Annual,Renewable energy and waste heat and cold - district heating and cooling,Percentage,Lithuania,2008,,renewables_share
Annual,Renewable energy and waste heat and cold - district heating and cooling,Percentage,Lithuania,2009,,renewables_share
Annual,Renewable energy and waste heat and cold - district heating and cooling,Percentage,Lithuania,2010,,renewables_share
Annual,Renewable energy and waste heat and cold - district heating and cooling,Percentage,Lithuania,2011,,renewables_share
Annual,Renewable energy and waste heat and cold - district heating and cooling,Percentage,Lithuania,2012,,renewables_share
Annual,Renewable energy and waste heat and cold - district heating and cooling,Percentage,Lithuania,2013,,renewables_share
Annual,Renewable energy and waste heat and cold - district heating and cooling,Percentage,Lithuania,2014,,renewables_share
Annual,Renewable energy and waste heat and cold - district heating and cooling,Percentage,Lithuania,2015,,renewables_share
Annual,Renewable energy and waste heat and cold - district heating and cooling,Percentage,Lithuania,2016,,renewables_share
Annual,Renewable energy and waste heat and cold - district heating and cooling,Percentage,Lithuania,2017,,renewables_share
Annual,Renewable energy and waste heat and cold - district heating and cooling,Percentage,Lithuania,2018,,renewables_share
Annual,Renewable energy and waste heat and cold - district heating and cooling,Percentage,Lithuania,2019,,renewables_share
Annual,Renewable energy and waste heat and cold - district heating and cooling,Percentage,Lithuania,2020,,renewables_share
Annual,Renewable energy and waste heat and cold - district heating and cooling,Percentage,Lithuania,2021,,renewables_share
Annual,Renewable energy and waste heat and cold - district heating and cooling,Percentage,Lithuania,2022,,renewables_share
Annual,Renewable energy and waste heat and cold - district heating and cooling,Percentage,Lithuania,2023,,renewables_share
Annual,Renewable energy and waste heat and cold - district heating and cooling,Percentage,Lithuania,2024,,renewables_share
Annual,Renewable energy and waste heat and cold - district heating and cooling,Percentage,Luxembourg,2004,,renewables_share
Annual,Renewable energy and waste heat and cold - district heating and cooling,Percentage,Luxembourg,2005,,renewables_share
Annual,Renewable energy and waste heat and cold - district heating and cooling,Percentage,Luxembourg,2006,,renewables_share
Annual,Renewable energy and waste heat and cold - district heating and cooling,Percentage,Luxembourg,2007,,renewables_share
Annual,Renewable energy and waste heat and cold - district heating and cooling,Percentage,Luxembourg,2008,,renewables_share
Annual,Renewable energy and waste heat and cold - district heating and cooling,Percentage,Luxembourg,2009,,renewables_share
Annual,Renewable energy and waste heat and cold - district heating and cooling,Percentage,Luxembourg,2010,,renewables_share
Annual,Renewable energy and waste heat and cold - district heating and cooling,Percentage,Luxembourg,2011,,renewables_share
Annual,Renewable energy and waste heat and cold - district heating and cooling,Percentage,Luxembourg,2012,,renewables_share
Annual,Renewable energy and waste heat and cold - district heating and cooling,Percentage,Luxembourg,2013,,renewables_share
Annual,Renewable energy and waste heat and cold - district heating and cooling,Percentage,Luxembourg,2014,,renewables_share
Annual,Renewable energy and waste heat and cold - district heating and cooling,Percentage,Luxembourg,2015,,renewables_share
Annual,Renewable energy and waste heat and cold - district heating and cooling,Percentage,Luxembourg,2016,,renewables_share
Annual,Renewable energy and waste heat and cold - district heating and cooling,Percentage,Luxembourg,2017,,renewables_share
Annual,Renewable energy and waste heat and cold - district heating and cooling,Percentage,Luxembourg,2018,,renewables_share
Annual,Renewable energy and waste heat and cold - district heating and cooling,Percentage,Luxembourg,2019,,renewables_share
Annual,Renewable energy and waste heat and cold - district heating and cooling,Percentage,Luxembourg,2020,,renewables_share
Annual,Renewable energy and waste heat and cold - district heating and cooling,Percentage,Luxembourg,2021,76.0,renewables_share
Annual,Renewable energy and waste heat and cold - district heating and cooling,Percentage,Luxembourg,2022,79.0,renewables_share
Annual,Renewable energy and waste heat and cold - district heating and cooling,Percentage,Luxembourg,2023,82.0,renewables_share
Annual,Renewable energy and waste heat and cold - district heating and cooling,Percentage,Luxembourg,2024,84.0,renewables_share
Annual,Renewable energy and waste heat and cold - district heating and cooling,Percentage,Hungary,2004,,renewables_share
Annual,Renewable energy and waste heat and cold - district heating and cooling,Percentage,Hungary,2005,,renewables_share
Annual,Renewable energy and waste heat and cold - district heating and cooling,Percentage,Hungary,2006,,renewables_share
Annual,Renewable energy and waste heat and cold - district heating and cooling,Percentage,Hungary,2007,,renewables_share
Annual,Renewable energy and waste heat and cold - district heating and cooling,Percentage,Hungary,2008,,renewables_share
Annual,Renewable energy and waste heat and cold - district heating and cooling,Percentage,Hungary,2009,,renewables_share
Annual,Renewable energy and waste heat and cold - district heating and cooling,Percentage,Hungary,2010,,renewables_share
Annual,Renewable energy and waste heat and cold - district heating and cooling,Percentage,Hungary,2011,,renewables_share
Annual,Renewable energy and waste heat and cold - district heating and cooling,Percentage,Hungary,2012,,renewables_share
Annual,Renewable energy and waste heat and cold - district heating and cooling,Percentage,Hungary,2013,,renewables_share
Annual,Renewable energy and waste heat and cold - district heating and cooling,Percentage,Hungary,2014,,renewables_share
Annual,Renewable energy and waste heat and cold - district heating and cooling,Percentage,Hungary,2015,,renewables_share
Annual,Renewable energy and waste heat and cold - district heating and cooling,Percentage,Hungary,2016,,renewables_share
Annual,Renewable energy and waste heat and cold - district heating and cooling,Percentage,Hungary,2017,,renewables_share
Annual,Renewable energy and waste heat and cold - district heating and cooling,Percentage,Hungary,2018,,renewables_share
Annual,Renewable energy and waste heat and cold - district heating and cooling,Percentage,Hungary,2019,,renewables_share
Annual,Renewable energy and waste heat and cold - district heating and cooling,Percentage,Hungary,2020,,renewables_share
Annual,Renewable energy and waste heat and cold - district heating and cooling,Percentage,Hungary,2021,16.0,renewables_share
Annual,Renewable energy and waste heat and cold - district heating and cooling,Percentage,Hungary,2022,18.0,renewables_share
Annual,Renewable energy and waste heat and cold - district heating and cooling,Percentage,Hungary,2023,20.0,renewables_share
Annual,Renewable energy and waste heat and cold - district heating and cooling,Percentage,Hungary,2024,23.0,renewables_share
Annual,Renewable energy and waste heat and cold - district heating and cooling,Percentage,Malta,2004,,renewables_share
Annual,Renewable energy and waste heat and cold - district heating and cooling,Percentage,Malta,2005,,renewables_share
Annual,Renewable energy and waste heat and cold - district heating and cooling,Percentage,Malta,2006,,renewables_share
Annual,Renewable energy and waste heat and cold - district heating and cooling,Percentage,Malta,2007,,renewables_share
Annual,Renewable energy and waste heat and cold - district heating and cooling,Percentage,Malta,2008,,renewables_share
Annual,Renewable energy and waste heat and cold - district heating and cooling,Percentage,Malta,2009,,renewables_share
Annual,Renewable energy and waste heat and cold - district heating and cooling,Percentage,Malta,2010,,renewables_share
Annual,Renewable energy and waste heat and cold - district heating and cooling,Percentage,Malta,2011,,renewables_share
Annual,Renewable energy and waste heat and cold - district heating and cooling,Percentage,Malta,2012,,renewables_share
Annual,Renewable energy and waste heat and cold - district heating and cooling,Percentage,Malta,2013,,renewables_share
Annual,Renewable energy and waste heat and cold - district heating and cooling,Percentage,Malta,2014,,renewables_share
Annual,Renewable energy and waste heat and cold - district heating and cooling,Percentage,Malta,2015,,renewables_share
Annual,Renewable energy and waste heat and cold - district heating and cooling,Percentage,Malta,2016,,renewables_share
Annual,Renewable energy and waste heat and cold - district heating and cooling,Percentage,Malta,2017,,renewables_share
Annual,Renewable energy and waste heat and cold - district heating and cooling,Percentage,Malta,2018,,renewables_share
Annual,Renewable energy and waste heat and cold - district heating and cooling,Percentage,Malta,2019,,renewables_share
Annual,Renewable energy and waste heat and cold - district heating and cooling,Percentage,Malta,2020,,renewables_share
Annual,Renewable energy and waste heat and cold - district heating and cooling,Percentage,Malta,2021,,renewables_share
Annual,Renewable energy and waste heat and cold - district heating and cooling,Percentage,Malta,2022,,renewables_share
Annual,Renewable energy and waste heat and cold - district heating and cooling,Percentage,Malta,2023,,renewables_share
Annual,Renewable energy and waste heat and cold - district heating and cooling,Percentage,Malta,2024,,renewables_share
Annual,Renewable energy and waste heat and cold - district heating and cooling,Percentage,Netherlands,2004,,renewables_share
Annual,Renewable energy and waste heat and cold - district heating and cooling,Percentage,Netherlands,2005,,renewables_share
Annual,Renewable energy and waste heat and cold - district heating and cooling,Percentage,Netherlands,2006,,renewables_share
Annual,Renewable energy and waste heat and cold - district heating and cooling,Percentage,Netherlands,2007,,renewables_share
Annual,Renewable energy and waste heat and cold - district heating and cooling,Percentage,Netherlands,2008,,renewables_share
Annual,Renewable energy and waste heat and cold - district heating and cooling,Percentage,Netherlands,2009,,renewables_share
Annual,Renewable energy and waste heat and cold - district heating and cooling,Percentage,Netherlands,2010,,renewables_share
Annual,Renewable energy and waste heat and cold - district heating and cooling,Percentage,Netherlands,2011,,renewables_share
Annual,Renewable energy and waste heat and cold - district heating and cooling,Percentage,Netherlands,2012,,renewables_share
Annual,Renewable energy and waste heat and cold - district heating and cooling,Percentage,Netherlands,2013,,renewables_share
Annual,Renewable energy and waste heat and cold - district heating and cooling,Percentage,Netherlands,2014,,renewables_share
Annual,Renewable energy and waste heat and cold - district heating and cooling,Percentage,Netherlands,2015,,renewables_share
Annual,Renewable energy and waste heat and cold - district heating and cooling,Percentage,Netherlands,2016,,renewables_share
Annual,Renewable energy and waste heat and cold - district heating and cooling,Percentage,Netherlands,2017,,renewables_share
Annual,Renewable energy and waste heat and cold - district heating and cooling,Percentage,Netherlands,2018,,renewables_share
Annual,Renewable energy and waste heat and cold - district heating and cooling,Percentage,Netherlands,2019,,renewables_share
Annual,Renewable energy and waste heat and cold - district heating and cooling,Percentage,Netherlands,2020,,renewables_share
Annual,Renewable energy and waste heat and cold - district heating and cooling,Percentage,Netherlands,2021,,renewables_share
Annual,Renewable energy and waste heat and cold - district heating and cooling,Percentage,Netherlands,2022,,renewables_share
Annual,Renewable energy and waste heat and cold - district heating and cooling,Percentage,Netherlands,2023,,renewables_share
Annual,Renewable energy and waste heat and cold - district heating and cooling,Percentage,Netherlands,2024,,renewables_share
Annual,Renewable energy and waste heat and cold - district heating and cooling,Percentage,Austria,2004,,renewables_share
Annual,Renewable energy and waste heat and cold - district heating and cooling,Percentage,Austria,2005,,renewables_share
Annual,Renewable energy and waste heat and cold - district heating and cooling,Percentage,Austria,2006,,renewables_share
Annual,Renewable energy and waste heat and cold - district heating and cooling,Percentage,Austria,2007,,renewables_share
Annual,Renewable energy and waste heat and cold - district heating and cooling,Percentage,Austria,2008,,renewables_share
Annual,Renewable energy and waste heat and cold - district heating and cooling,Percentage,Austria,2009,,renewables_share
Annual,Renewable energy and waste heat and cold - district heating and cooling,Percentage,Austria,2010,,renewables_share
Annual,Renewable energy and waste heat and cold - district heating and cooling,Percentage,Austria,2011,,renewables_share
Annual,Renewable energy and waste heat and cold - district heating and cooling,Percentage,Austria,2012,,renewables_share
Annual,Renewable energy and waste heat and cold - district heating and cooling,Percentage,Austria,2013,,renewables_share
Annual,Renewable energy and waste heat and cold - district heating and cooling,Percentage,Austria,2014,,renewables_share
Annual,Renewable energy and waste heat and cold - district heating and cooling,Percentage,Austria,2015,,renewables_share
Annual,Renewable energy and waste heat and cold - district heating and cooling,Percentage,Austria,2016,,renewables_share
Annual,Renewable energy and waste heat and cold - district heating and cooling,Percentage,Austria,2017,,renewables_share
Annual,Renewable energy and waste heat and cold - district heating and cooling,Percentage,Austria,2018,,renewables_share
Annual,Renewable energy and waste heat and cold - district heating and cooling,Percentage,Austria,2019,,renewables_share
Annual,Renewable energy and waste heat and cold - district heating and cooling,Percentage,Austria,2020,,renewables_share
Annual,Renewable energy and waste heat and cold - district heating and cooling,Percentage,Austria,2021,,renewables_share
Annual,Renewable energy and waste heat and cold - district heating and cooling,Percentage,Austria,2022,,renewables_share
Annual,Renewable energy and waste heat and cold - district heating and cooling,Percentage,Austria,2023,,renewables_share
Annual,Renewable energy and waste heat and cold - district heating and cooling,Percentage,Austria,2024,,renewables_share
Annual,Renewable energy and waste heat and cold - district heating and cooling,Percentage,Poland,2004,,renewables_share
Annual,Renewable energy and waste heat and cold - district heating and cooling,Percentage,Poland,2005,,renewables_share
Annual,Renewable energy and waste heat and cold - district heating and cooling,Percentage,Poland,2006,,renewables_share
Annual,Renewable energy and waste heat and cold - district heating and cooling,Percentage,Poland,2007,,renewables_share
Annual,Renewable energy and waste heat and cold - district heating and cooling,Percentage,Poland,2008,,renewables_share
Annual,Renewable energy and waste heat and cold - district heating and cooling,Percentage,Poland,2009,,renewables_share
Annual,Renewable energy and waste heat and cold - district heating and cooling,Percentage,Poland,2010,,renewables_share
Annual,Renewable energy and waste heat and cold - district heating and cooling,Percentage,Poland,2011,,renewables_share
Annual,Renewable energy and waste heat and cold - district heating and cooling,Percentage,Poland,2012,,renewables_share
Annual,Renewable energy and waste heat and cold - district heating and cooling,Percentage,Poland,2013,,renewables_share
Annual,Renewable energy and waste heat and cold - district heating and cooling,Percentage,Poland,2014,,renewables_share
Annual,Renewable energy and waste heat and cold - district heating and cooling,Percentage,Poland,2015,,renewables_share
Annual,Renewable energy and waste heat and cold - district heating and cooling,Percentage,Poland,2016,,renewables_share
Annual,Renewable energy and waste heat and cold - district heating and cooling,Percentage,Poland,2017,,renewables_share
Annual,Renewable energy and waste heat and cold - district heating and cooling,Percentage,Poland,2018,,renewables_share
Annual,Renewable energy and waste heat and cold - district heating and cooling,Percentage,Poland,2019,,renewables_share
Annual,Renewable energy and waste heat and cold - district heating and cooling,Percentage,Poland,2020,,renewables_share
Annual,Renewable energy and waste heat and cold - district heating and cooling,Percentage,Poland,2021,,renewables_share
Annual,Renewable energy and waste heat and cold - district heating and cooling,Percentage,Poland,2022,,renewables_share
Annual,Renewable energy and waste heat and cold - district heating and cooling,Percentage,Poland,2023,,renewables_share
Annual,Renewable energy and waste heat and cold - district heating and cooling,Percentage,Poland,2024,,renewables_share
Annual,Renewable energy and waste heat and cold - district heating and cooling,Percentage,Portugal,2004,,renewables_share
Annual,Renewable energy and waste heat and cold - district heating and cooling,Percentage,Portugal,2005,,renewables_share
Annual,Renewable energy and waste heat and cold - district heating and cooling,Percentage,Portugal,2006,,renewables_share
Annual,Renewable energy and waste heat and cold - district heating and cooling,Percentage,Portugal,2007,,renewables_share
Annual,Renewable energy and waste heat and cold - district heating and cooling,Percentage,Portugal,2008,,renewables_share
Annual,Renewable energy and waste heat and cold - district heating and cooling,Percentage,Portugal,2009,,renewables_share
Annual,Renewable energy and waste heat and cold - district heating and cooling,Percentage,Portugal,2010,,renewables_share
Annual,Renewable energy and waste heat and cold - district heating and cooling,Percentage,Portugal,2011,,renewables_share
Annual,Renewable energy and waste heat and cold - district heating and cooling,Percentage,Portugal,2012,,renewables_share
Annual,Renewable energy and waste heat and cold - district heating and cooling,Percentage,Portugal,2013,,renewables_share
Annual,Renewable energy and waste heat and cold - district heating and cooling,Percentage,Portugal,2014,,renewables_share
Annual,Renewable energy and waste heat and cold - district heating and cooling,Percentage,Portugal,2015,,renewables_share
Annual,Renewable energy and waste heat and cold - district heating and cooling,Percentage,Portugal,2016,,renewables_share
Annual,Renewable energy and waste heat and cold - district heating and cooling,Percentage,Portugal,2017,,renewables_share
Annual,Renewable energy and waste heat and cold - district heating and cooling,Percentage,Portugal,2018,,renewables_share
Annual,Renewable energy and waste heat and cold - district heating and cooling,Percentage,Portugal,2019,,renewables_share
Annual,Renewable energy and waste heat and cold - district heating and cooling,Percentage,Portugal,2020,,renewables_share
Annual,Renewable energy and waste heat and cold - district heating and cooling,Percentage,Portugal,2021,,renewables_share
Annual,Renewable energy and waste heat and cold - district heating and cooling,Percentage,Portugal,2022,,renewables_share
Annual,Renewable energy and waste heat and cold - district heating and cooling,Percentage,Portugal,2023,,renewables_share
Annual,Renewable energy and waste heat and cold - district heating and cooling,Percentage,Portugal,2024,,renewables_share
Annual,Renewable energy and waste heat and cold - district heating and cooling,Percentage,Romania,2004,,renewables_share
Annual,Renewable energy and waste heat and cold - district heating and cooling,Percentage,Romania,2005,,renewables_share
Annual,Renewable energy and waste heat and cold - district heating and cooling,Percentage,Romania,2006,,renewables_share
Annual,Renewable energy and waste heat and cold - district heating and cooling,Percentage,Romania,2007,,renewables_share
Annual,Renewable energy and waste heat and cold - district heating and cooling,Percentage,Romania,2008,,renewables_share
Annual,Renewable energy and waste heat and cold - district heating and cooling,Percentage,Romania,2009,,renewables_share
Annual,Renewable energy and waste heat and cold - district heating and cooling,Percentage,Romania,2010,,renewables_share
Annual,Renewable energy and waste heat and cold - district heating and cooling,Percentage,Romania,2011,,renewables_share
Annual,Renewable energy and waste heat and cold - district heating and cooling,Percentage,Romania,2012,,renewables_share
Annual,Renewable energy and waste heat and cold - district heating and cooling,Percentage,Romania,2013,,renewables_share
Annual,Renewable energy and waste heat and cold - district heating and cooling,Percentage,Romania,2014,,renewables_share
Annual,Renewable energy and waste heat and cold - district heating and cooling,Percentage,Romania,2015,,renewables_share
Annual,Renewable energy and waste heat and cold - district heating and cooling,Percentage,Romania,2016,,renewables_share
Annual,Renewable energy and waste heat and cold - district heating and cooling,Percentage,Romania,2017,,renewables_share
Annual,Renewable energy and waste heat and cold - district heating and cooling,Percentage,Romania,2018,,renewables_share
Annual,Renewable energy and waste heat and cold - district heating and cooling,Percentage,Romania,2019,,renewables_share
Annual,Renewable energy and waste heat and cold - district heating and cooling,Percentage,Romania,2020,,renewables_share
Annual,Renewable energy and waste heat and cold - district heating and cooling,Percentage,Romania,2021,,renewables_share
Annual,Renewable energy and waste heat and cold - district heating and cooling,Percentage,Romania,2022,,renewables_share
Annual,Renewable energy and waste heat and cold - district heating and cooling,Percentage,Romania,2023,,renewables_share
Annual,Renewable energy and waste heat and cold - district heating and cooling,Percentage,Romania,2024,,renewables_share
Annual,Renewable energy and waste heat and cold - district heating and cooling,Percentage,Slovenia,2004,,renewables_share
Annual,Renewable energy and waste heat and cold - district heating and cooling,Percentage,Slovenia,2005,,renewables_share
Annual,Renewable energy and waste heat and cold - district heating and cooling,Percentage,Slovenia,2006,,renewables_share
Annual,Renewable energy and waste heat and cold - district heating and cooling,Percentage,Slovenia,2007,,renewables_share
Annual,Renewable energy and waste heat and cold - district heating and cooling,Percentage,Slovenia,2008,,renewables_share
Annual,Renewable energy and waste heat and cold - district heating and cooling,Percentage,Slovenia,2009,,renewables_share
Annual,Renewable energy and waste heat and cold - district heating and cooling,Percentage,Slovenia,2010,,renewables_share
Annual,Renewable energy and waste heat and cold - district heating and cooling,Percentage,Slovenia,2011,,renewables_share
Annual,Renewable energy and waste heat and cold - district heating and cooling,Percentage,Slovenia,2012,,renewables_share
Annual,Renewable energy and waste heat and cold - district heating and cooling,Percentage,Slovenia,2013,,renewables_share
Annual,Renewable energy and waste heat and cold - district heating and cooling,Percentage,Slovenia,2014,,renewables_share
Annual,Renewable energy and waste heat and cold - district heating and cooling,Percentage,Slovenia,2015,,renewables_share
Annual,Renewable energy and waste heat and cold - district heating and cooling,Percentage,Slovenia,2016,,renewables_share
Annual,Renewable energy and waste heat and cold - district heating and cooling,Percentage,Slovenia,2017,,renewables_share
Annual,Renewable energy and waste heat and cold - district heating and cooling,Percentage,Slovenia,2018,,renewables_share
Annual,Renewable energy and waste heat and cold - district heating and cooling,Percentage,Slovenia,2019,,renewables_share
Annual,Renewable energy and waste heat and cold - district heating and cooling,Percentage,Slovenia,2020,,renewables_share
Annual,Renewable energy and waste heat and cold - district heating and cooling,Percentage,Slovenia,2021,,renewables_share
Annual,Renewable energy and waste heat and cold - district heating and cooling,Percentage,Slovenia,2022,,renewables_share
Annual,Renewable energy and waste heat and cold - district heating and cooling,Percentage,Slovenia,2023,,renewables_share
Annual,Renewable energy and waste heat and cold - district heating and cooling,Percentage,Slovenia,2024,,renewables_share
Annual,Renewable energy and waste heat and cold - district heating and cooling,Percentage,Slovakia,2004,,renewables_share
Annual,Renewable energy and waste heat and cold - district heating and cooling,Percentage,Slovakia,2005,,renewables_share
Annual,Renewable energy and waste heat and cold - district heating and cooling,Percentage,Slovakia,2006,,renewables_share
Annual,Renewable energy and waste heat and cold - district heating and cooling,Percentage,Slovakia,2007,,renewables_share
Annual,Renewable energy and waste heat and cold - district heating and cooling,Percentage,Slovakia,2008,,renewables_share
Annual,Renewable energy and waste heat and cold - district heating and cooling,Percentage,Slovakia,2009,,renewables_share
Annual,Renewable energy and waste heat and cold - district heating and cooling,Percentage,Slovakia,2010,,renewables_share
Annual,Renewable energy and waste heat and cold - district heating and cooling,Percentage,Slovakia,2011,,renewables_share
Annual,Renewable energy and waste heat and cold - district heating and cooling,Percentage,Slovakia,2012,,renewables_share
Annual,Renewable energy and waste heat and cold - district heating and cooling,Percentage,Slovakia,2013,,renewables_share
Annual,Renewable energy and waste heat and cold - district heating and cooling,Percentage,Slovakia,2014,,renewables_share
Annual,Renewable energy and waste heat and cold - district heating and cooling,Percentage,Slovakia,2015,,renewables_share
Annual,Renewable energy and waste heat and cold - district heating and cooling,Percentage,Slovakia,2016,,renewables_share
Annual,Renewable energy and waste heat and cold - district heating and cooling,Percentage,Slovakia,2017,,renewables_share
Annual,Renewable energy and waste heat and cold - district heating and cooling,Percentage,Slovakia,2018,,renewables_share
Annual,Renewable energy and waste heat and cold - district heating and cooling,Percentage,Slovakia,2019,,renewables_share
Annual,Renewable energy and waste heat and cold - district heating and cooling,Percentage,Slovakia,2020,,renewables_share
Annual,Renewable energy and waste heat and cold - district heating and cooling,Percentage,Slovakia,2021,,renewables_share
Annual,Renewable energy and waste heat and cold - district heating and cooling,Percentage,Slovakia,2022,,renewables_share
Annual,Renewable energy and waste heat and cold - district heating and cooling,Percentage,Slovakia,2023,,renewables_share
Annual,Renewable energy and waste heat and cold - district heating and cooling,Percentage,Slovakia,2024,,renewables_share
Annual,Renewable energy and waste heat and cold - district heating and cooling,Percentage,Finland,2004,,renewables_share
Annual,Renewable energy and waste heat and cold - district heating and cooling,Percentage,Finland,2005,,renewables_share
Annual,Renewable energy and waste heat and cold - district heating and cooling,Percentage,Finland,2006,,renewables_share
Annual,Renewable energy and waste heat and cold - district heating and cooling,Percentage,Finland,2007,,renewables_share
Annual,Renewable energy and waste heat and cold - district heating and cooling,Percentage,Finland,2008,,renewables_share
Annual,Renewable energy and waste heat and cold - district heating and cooling,Percentage,Finland,2009,,renewables_share
Annual,Renewable energy and waste heat and cold - district heating and cooling,Percentage,Finland,2010,,renewables_share
Annual,Renewable energy and waste heat and cold - district heating and cooling,Percentage,Finland,2011,,renewables_share
Annual,Renewable energy and waste heat and cold - district heating and cooling,Percentage,Finland,2012,,renewables_share
Annual,Renewable energy and waste heat and cold - district heating and cooling,Percentage,Finland,2013,,renewables_share
Annual,Renewable energy and waste heat and cold - district heating and cooling,Percentage,Finland,2014,,renewables_share
Annual,Renewable energy and waste heat and cold - district heating and cooling,Percentage,Finland,2015,,renewables_share
Annual,Renewable energy and waste heat and cold - district heating and cooling,Percentage,Finland,2016,,renewables_share
Annual,Renewable energy and waste heat and cold - district heating and cooling,Percentage,Finland,2017,,renewables_share
Annual,Renewable energy and waste heat and cold - district heating and cooling,Percentage,Finland,2018,,renewables_share
Annual,Renewable energy and waste heat and cold - district heating and cooling,Percentage,Finland,2019,,renewables_share
Annual,Renewable energy and waste heat and cold - district heating and cooling,Percentage,Finland,2020,,renewables_share
Annual,Renewable energy and waste heat and cold - district heating and cooling,Percentage,Finland,2021,,renewables_share
Annual,Renewable energy and waste heat and cold - district heating and cooling,Percentage,Finland,2022,,renewables_share
Annual,Renewable energy and waste heat and cold - district heating and cooling,Percentage,Finland,2023,,renewables_share
Annual,Renewable energy and waste heat and cold - district heating and cooling,Percentage,Finland,2024,,renewables_share
Annual,Renewable energy and waste heat and cold - district heating and cooling,Percentage,Sweden,2004,,renewables_share
Annual,Renewable energy and waste heat and cold - district heating and cooling,Percentage,Sweden,2005,,renewables_share
Annual,Renewable energy and waste heat and cold - district heating and cooling,Percentage,Sweden,2006,,renewables_share
Annual,Renewable energy and waste heat and cold - district heating and cooling,Percentage,Sweden,2007,,renewables_share
Annual,Renewable energy and waste heat and cold - district heating and cooling,Percentage,Sweden,2008,,renewables_share
Annual,Renewable energy and waste heat and cold - district heating and cooling,Percentage,Sweden,2009,,renewables_share
Annual,Renewable energy and waste heat and cold - district heating and cooling,Percentage,Sweden,2010,,renewables_share
Annual,Renewable energy and waste heat and cold - district heating and cooling,Percentage,Sweden,2011,,renewables_share
Annual,Renewable energy and waste heat and cold - district heating and cooling,Percentage,Sweden,2012,,renewables_share
Annual,Renewable energy and waste heat and cold - district heating and cooling,Percentage,Sweden,2013,,renewables_share
Annual,Renewable energy and waste heat and cold - district heating and cooling,Percentage,Sweden,2014,,renewables_share
Annual,Renewable energy and waste heat and cold - district heating and cooling,Percentage,Sweden,2015,,renewables_share
Annual,Renewable energy and waste heat and cold - district heating and cooling,Percentage,Sweden,2016,,renewables_share
Annual,Renewable energy and waste heat and cold - district heating and cooling,Percentage,Sweden,2017,,renewables_share
Annual,Renewable energy and waste heat and cold - district heating and cooling,Percentage,Sweden,2018,,renewables_share
Annual,Renewable energy and waste heat and cold - district heating and cooling,Percentage,Sweden,2019,,renewables_share
Annual,Renewable energy and waste heat and cold - district heating and cooling,Percentage,Sweden,2020,,renewables_share
Annual,Renewable energy and waste heat and cold - district heating and cooling,Percentage,Sweden,2021,,renewables_share
Annual,Renewable energy and waste heat and cold - district heating and cooling,Percentage,Sweden,2022,,renewables_share
Annual,Renewable energy and waste heat and cold - district heating and cooling,Percentage,Sweden,2023,,renewables_share
Annual,Renewable energy and waste heat and cold - district heating and cooling,Percentage,Sweden,2024,,renewables_share
Annual,Renewable energy and waste heat and cold - district heating and cooling,Percentage,Iceland,2004,,renewables_share
Annual,Renewable energy and waste heat and cold - district heating and cooling,Percentage,Iceland,2005,,renewables_share
Annual,Renewable energy and waste heat and cold - district heating and cooling,Percentage,Iceland,2006,,renewables_share
Annual,Renewable energy and waste heat and cold - district heating and cooling,Percentage,Iceland,2007,,renewables_share
Annual,Renewable energy and waste heat and cold - district heating and cooling,Percentage,Iceland,2008,,renewables_share
Annual,Renewable energy and waste heat and cold - district heating and cooling,Percentage,Iceland,2009,,renewables_share
Annual,Renewable energy and waste heat and cold - district heating and cooling,Percentage,Iceland,2010,,renewables_share
Annual,Renewable energy and waste heat and cold - district heating and cooling,Percentage,Iceland,2011,,renewables_share
Annual,Renewable energy and waste heat and cold - district heating and cooling,Percentage,Iceland,2012,,renewables_share
Annual,Renewable energy and waste heat and cold - district heating and cooling,Percentage,Iceland,2013,,renewables_share
Annual,Renewable energy and waste heat and cold - district heating and cooling,Percentage,Iceland,2014,,renewables_share
Annual,Renewable energy and waste heat and cold - district heating and cooling,Percentage,Iceland,2015,,renewables_share
Annual,Renewable energy and waste heat and cold - district heating and cooling,Percentage,Iceland,2016,,renewables_share
Annual,Renewable energy and waste heat and cold - district heating and cooling,Percentage,Iceland,2017,,renewables_share
Annual,Renewable energy and waste heat and cold - district heating and cooling,Percentage,Iceland,2018,,renewables_share
Annual,Renewable energy and waste heat and cold - district heating and cooling,Percentage,Iceland,2019,,renewables_share
Annual,Renewable energy and waste heat and cold - district heating and cooling,Percentage,Iceland,2020,,renewables_share
Annual,Renewable energy and waste heat and cold - district heating and cooling,Percentage,Iceland,2021,,renewables_share
Annual,Renewable energy and waste heat and cold - district heating and cooling,Percentage,Iceland,2022,,renewables_share
Annual,Renewable energy and waste heat and cold - district heating and cooling,Percentage,Iceland,2023,,renewables_share
Annual,Renewable energy and waste heat and cold - district heating and cooling,Percentage,Iceland,2024,,renewables_share
Annual,Renewable energy and waste heat and cold - district heating and cooling,Percentage,Norway,2004,,renewables_share
Annual,Renewable energy and waste heat and cold - district heating and cooling,Percentage,Norway,2005,,renewables_share
Annual,Renewable energy and waste heat and cold - district heating and cooling,Percentage,Norway,2006,,renewables_share
Annual,Renewable energy and waste heat and cold - district heating and cooling,Percentage,Norway,2007,,renewables_share
Annual,Renewable energy and waste heat and cold - district heating and cooling,Percentage,Norway,2008,,renewables_share
Annual,Renewable energy and waste heat and cold - district heating and cooling,Percentage,Norway,2009,,renewables_share
Annual,Renewable energy and waste heat and cold - district heating and cooling,Percentage,Norway,2010,,renewables_share
Annual,Renewable energy and waste heat and cold - district heating and cooling,Percentage,Norway,2011,,renewables_share
Annual,Renewable energy and waste heat and cold - district heating and cooling,Percentage,Norway,2012,,renewables_share
Annual,Renewable energy and waste heat and cold - district heating and cooling,Percentage,Norway,2013,,renewables_share
Annual,Renewable energy and waste heat and cold - district heating and cooling,Percentage,Norway,2014,,renewables_share
Annual,Renewable energy and waste heat and cold - district heating and cooling,Percentage,Norway,2015,,renewables_share
Annual,Renewable energy and waste heat and cold - district heating and cooling,Percentage,Norway,2016,,renewables_share
Annual,Renewable energy and waste heat and cold - district heating and cooling,Percentage,Norway,2017,,renewables_share
Annual,Renewable energy and waste heat and cold - district heating and cooling,Percentage,Norway,2018,,renewables_share
Annual,Renewable energy and waste heat and cold - district heating and cooling,Percentage,Norway,2019,,renewables_share
Annual,Renewable energy and waste heat and cold - district heating and cooling,Percentage,Norway,2020,,renewables_share
Annual,Renewable energy and waste heat and cold - district heating and cooling,Percentage,Norway,2021,,renewables_share
Annual,Renewable energy and waste heat and cold - district heating and cooling,Percentage,Norway,2022,,renewables_share
Annual,Renewable energy and waste heat and cold - district heating and cooling,Percentage,Norway,2023,,renewables_share
Annual,Renewable energy and waste heat and cold - district heating and cooling,Percentage,Norway,2024,,renewables_share
Annual,Renewable energy and waste heat and cold - district heating and cooling,Percentage,Bosnia and Herzegovina,2004,,renewables_share
Annual,Renewable energy and waste heat and cold - district heating and cooling,Percentage,Bosnia and Herzegovina,2005,,renewables_share
Annual,Renewable energy and waste heat and cold - district heating and cooling,Percentage,Bosnia and Herzegovina,2006,,renewables_share
Annual,Renewable energy and waste heat and cold - district heating and cooling,Percentage,Bosnia and Herzegovina,2007,,renewables_share
Annual,Renewable energy and waste heat and cold - district heating and cooling,Percentage,Bosnia and Herzegovina,2008,,renewables_share
Annual,Renewable energy and waste heat and cold - district heating and cooling,Percentage,Bosnia and Herzegovina,2009,,renewables_share
Annual,Renewable energy and waste heat and cold - district heating and cooling,Percentage,Bosnia and Herzegovina,2010,,renewables_share
Annual,Renewable energy and waste heat and cold - district heating and cooling,Percentage,Bosnia and Herzegovina,2011,,renewables_share
Annual,Renewable energy and waste heat and cold - district heating and cooling,Percentage,Bosnia and Herzegovina,2012,,renewables_share
Annual,Renewable energy and waste heat and cold - district heating and cooling,Percentage,Bosnia and Herzegovina,2013,,renewables_share
Annual,Renewable energy and waste heat and cold - district heating and cooling,Percentage,Bosnia and Herzegovina,2014,,renewables_share
Annual,Renewable energy and waste heat and cold - district heating and cooling,Percentage,Bosnia and Herzegovina,2015,,renewables_share
Annual,Renewable energy and waste heat and cold - district heating and cooling,Percentage,Bosnia and Herzegovina,2016,,renewables_share
Annual,Renewable energy and waste heat and cold - district heating and cooling,Percentage,Bosnia and Herzegovina,2017,,renewables_share
Annual,Renewable energy and waste heat and cold - district heating and cooling,Percentage,Bosnia and Herzegovina,2018,,renewables_share
Annual,Renewable energy and waste heat and cold - district heating and cooling,Percentage,Bosnia and Herzegovina,2019,,renewables_share
Annual,Renewable energy and waste heat and cold - district heating and cooling,Percentage,Bosnia and Herzegovina,2020,,renewables_share
Annual,Renewable energy and waste heat and cold - district heating and cooling,Percentage,Bosnia and Herzegovina,2021,,renewables_share
Annual,Renewable energy and waste heat and cold - district heating and cooling,Percentage,Bosnia and Herzegovina,2022,,renewables_share
Annual,Renewable energy and waste heat and cold - district heating and cooling,Percentage,Bosnia and Herzegovina,2023,,renewables_share
Annual,Renewable energy and waste heat and cold - district heating and cooling,Percentage,Bosnia and Herzegovina,2024,,renewables_share
Annual,Renewable energy and waste heat and cold - district heating and cooling,Percentage,Montenegro,2004,,renewables_share
Annual,Renewable energy and waste heat and cold - district heating and cooling,Percentage,Montenegro,2005,,renewables_share
Annual,Renewable energy and waste heat and cold - district heating and cooling,Percentage,Montenegro,2006,,renewables_share
Annual,Renewable energy and waste heat and cold - district heating and cooling,Percentage,Montenegro,2007,,renewables_share
Annual,Renewable energy and waste heat and cold - district heating and cooling,Percentage,Montenegro,2008,,renewables_share
Annual,Renewable energy and waste heat and cold - district heating and cooling,Percentage,Montenegro,2009,,renewables_share
Annual,Renewable energy and waste heat and cold - district heating and cooling,Percentage,Montenegro,2010,,renewables_share
Annual,Renewable energy and waste heat and cold - district heating and cooling,Percentage,Montenegro,2011,,renewables_share
Annual,Renewable energy and waste heat and cold - district heating and cooling,Percentage,Montenegro,2012,,renewables_share
Annual,Renewable energy and waste heat and cold - district heating and cooling,Percentage,Montenegro,2013,,renewables_share
Annual,Renewable energy and waste heat and cold - district heating and cooling,Percentage,Montenegro,2014,,renewables_share
Annual,Renewable energy and waste heat and cold - district heating and cooling,Percentage,Montenegro,2015,,renewables_share
Annual,Renewable energy and waste heat and cold - district heating and cooling,Percentage,Montenegro,2016,,renewables_share
Annual,Renewable energy and waste heat and cold - district heating and cooling,Percentage,Montenegro,2017,,renewables_share
Annual,Renewable energy and waste heat and cold - district heating and cooling,Percentage,Montenegro,2018,,renewables_share
Annual,Renewable energy and waste heat and cold - district heating and cooling,Percentage,Montenegro,2019,,renewables_share
Annual,Renewable energy and waste heat and cold - district heating and cooling,Percentage,Montenegro,2020,,renewables_share
Annual,Renewable energy and waste heat and cold - district heating and cooling,Percentage,Montenegro,2021,,renewables_share
Annual,Renewable energy and waste heat and cold - district heating and cooling,Percentage,Montenegro,2022,,renewables_share
Annual,Renewable energy and waste heat and cold - district heating and cooling,Percentage,Montenegro,2023,,renewables_share
Annual,Renewable energy and waste heat and cold - district heating and cooling,Percentage,Montenegro,2024,,renewables_share
Annual,Renewable energy and waste heat and cold - district heating and cooling,Percentage,Moldova,2004,,renewables_share
Annual,Renewable energy and waste heat and cold - district heating and cooling,Percentage,Moldova,2005,,renewables_share
Annual,Renewable energy and waste heat and cold - district heating and cooling,Percentage,Moldova,2006,,renewables_share
Annual,Renewable energy and waste heat and cold - district heating and cooling,Percentage,Moldova,2007,,renewables_share
Annual,Renewable energy and waste heat and cold - district heating and cooling,Percentage,Moldova,2008,,renewables_share
Annual,Renewable energy and waste heat and cold - district heating and cooling,Percentage,Moldova,2009,,renewables_share
Annual,Renewable energy and waste heat and cold - district heating and cooling,Percentage,Moldova,2010,,renewables_share
Annual,Renewable energy and waste heat and cold - district heating and cooling,Percentage,Moldova,2011,,renewables_share
Annual,Renewable energy and waste heat and cold - district heating and cooling,Percentage,Moldova,2012,,renewables_share
Annual,Renewable energy and waste heat and cold - district heating and cooling,Percentage,Moldova,2013,,renewables_share
Annual,Renewable energy and waste heat and cold - district heating and cooling,Percentage,Moldova,2014,,renewables_share
Annual,Renewable energy and waste heat and cold - district heating and cooling,Percentage,Moldova,2015,,renewables_share
Annual,Renewable energy and waste heat and cold - district heating and cooling,Percentage,Moldova,2016,,renewables_share
Annual,Renewable energy and waste heat and cold - district heating and cooling,Percentage,Moldova,2017,,renewables_share
Annual,Renewable energy and waste heat and cold - district heating and cooling,Percentage,Moldova,2018,,renewables_share
Annual,Renewable energy and waste heat and cold - district heating and cooling,Percentage,Moldova,2019,,renewables_share
Annual,Renewable energy and waste heat and cold - district heating and cooling,Percentage,Moldova,2020,,renewables_share
Annual,Renewable energy and waste heat and cold - district heating and cooling,Percentage,Moldova,2021,,renewables_share
Annual,Renewable energy and waste heat and cold - district heating and cooling,Percentage,Moldova,2022,,renewables_share
Annual,Renewable energy and waste heat and cold - district heating and cooling,Percentage,Moldova,2023,,renewables_share
Annual,Renewable energy and waste heat and cold - district heating and cooling,Percentage,Moldova,2024,,renewables_share
Annual,Renewable energy and waste heat and cold - district heating and cooling,Percentage,North Macedonia,2004,,renewables_share
Annual,Renewable energy and waste heat and cold - district heating and cooling,Percentage,North Macedonia,2005,,renewables_share
Annual,Renewable energy and waste heat and cold - district heating and cooling,Percentage,North Macedonia,2006,,renewables_share
Annual,Renewable energy and waste heat and cold - district heating and cooling,Percentage,North Macedonia,2007,,renewables_share
Annual,Renewable energy and waste heat and cold - district heating and cooling,Percentage,North Macedonia,2008,,renewables_share
Annual,Renewable energy and waste heat and cold - district heating and cooling,Percentage,North Macedonia,2009,,renewables_share
Annual,Renewable energy and waste heat and cold - district heating and cooling,Percentage,North Macedonia,2010,,renewables_share
Annual,Renewable energy and waste heat and cold - district heating and cooling,Percentage,North Macedonia,2011,,renewables_share
Annual,Renewable energy and waste heat and cold - district heating and cooling,Percentage,North Macedonia,2012,,renewables_share
Annual,Renewable energy and waste heat and cold - district heating and cooling,Percentage,North Macedonia,2013,,renewables_share
Annual,Renewable energy and waste heat and cold - district heating and cooling,Percentage,North Macedonia,2014,,renewables_share
Annual,Renewable energy and waste heat and cold - district heating and cooling,Percentage,North Macedonia,2015,,renewables_share
Annual,Renewable energy and waste heat and cold - district heating and cooling,Percentage,North Macedonia,2016,,renewables_share
Annual,Renewable energy and waste heat and cold - district heating and cooling,Percentage,North Macedonia,2017,,renewables_share
Annual,Renewable energy and waste heat and cold - district heating and cooling,Percentage,North Macedonia,2018,,renewables_share
Annual,Renewable energy and waste heat and cold - district heating and cooling,Percentage,North Macedonia,2019,,renewables_share
Annual,Renewable energy and waste heat and cold - district heating and cooling,Percentage,North Macedonia,2020,,renewables_share
Annual,Renewable energy and waste heat and cold - district heating and cooling,Percentage,North Macedonia,2021,,renewables_share
Annual,Renewable energy and waste heat and cold - district heating and cooling,Percentage,North Macedonia,2022,,renewables_share
Annual,Renewable energy and waste heat and cold - district heating and cooling,Percentage,North Macedonia,2023,,renewables_share
Annual,Renewable energy and waste heat and cold - district heating and cooling,Percentage,North Macedonia,2024,,renewables_share
Annual,Renewable energy and waste heat and cold - district heating and cooling,Percentage,Georgia,2004,,renewables_share
Annual,Renewable energy and waste heat and cold - district heating and cooling,Percentage,Georgia,2005,,renewables_share
Annual,Renewable energy and waste heat and cold - district heating and cooling,Percentage,Georgia,2006,,renewables_share
Annual,Renewable energy and waste heat and cold - district heating and cooling,Percentage,Georgia,2007,,renewables_share
Annual,Renewable energy and waste heat and cold - district heating and cooling,Percentage,Georgia,2008,,renewables_share
Annual,Renewable energy and waste heat and cold - district heating and cooling,Percentage,Georgia,2009,,renewables_share
Annual,Renewable energy and waste heat and cold - district heating and cooling,Percentage,Georgia,2010,,renewables_share
Annual,Renewable energy and waste heat and cold - district heating and cooling,Percentage,Georgia,2011,,renewables_share
Annual,Renewable energy and waste heat and cold - district heating and cooling,Percentage,Georgia,2012,,renewables_share
Annual,Renewable energy and waste heat and cold - district heating and cooling,Percentage,Georgia,2013,,renewables_share
Annual,Renewable energy and waste heat and cold - district heating and cooling,Percentage,Georgia,2014,,renewables_share
Annual,Renewable energy and waste heat and cold - district heating and cooling,Percentage,Georgia,2015,,renewables_share
Annual,Renewable energy and waste heat and cold - district heating and cooling,Percentage,Georgia,2016,,renewables_share
Annual,Renewable energy and waste heat and cold - district heating and cooling,Percentage,Georgia,2017,,renewables_share
Annual,Renewable energy and waste heat and cold - district heating and cooling,Percentage,Georgia,2018,,renewables_share
Annual,Renewable energy and waste heat and cold - district heating and cooling,Percentage,Georgia,2019,,renewables_share
Annual,Renewable energy and waste heat and cold - district heating and cooling,Percentage,Georgia,2020,,renewables_share
Annual,Renewable energy and waste heat and cold - district heating and cooling,Percentage,Georgia,2021,,renewables_share
Annual,Renewable energy and waste heat and cold - district heating and cooling,Percentage,Georgia,2022,,renewables_share
Annual,Renewable energy and waste heat and cold - district heating and cooling,Percentage,Georgia,2023,,renewables_share
Annual,Renewable energy and waste heat and cold - district heating and cooling,Percentage,Georgia,2024,,renewables_share
Annual,Renewable energy and waste heat and cold - district heating and cooling,Percentage,Albania,2004,,renewables_share
Annual,Renewable energy and waste heat and cold - district heating and cooling,Percentage,Albania,2005,,renewables_share
Annual,Renewable energy and waste heat and cold - district heating and cooling,Percentage,Albania,2006,,renewables_share
Annual,Renewable energy and waste heat and cold - district heating and cooling,Percentage,Albania,2007,,renewables_share
Annual,Renewable energy and waste heat and cold - district heating and cooling,Percentage,Albania,2008,,renewables_share
Annual,Renewable energy and waste heat and cold - district heating and cooling,Percentage,Albania,2009,,renewables_share
Annual,Renewable energy and waste heat and cold - district heating and cooling,Percentage,Albania,2010,,renewables_share
Annual,Renewable energy and waste heat and cold - district heating and cooling,Percentage,Albania,2011,,renewables_share
Annual,Renewable energy and waste heat and cold - district heating and cooling,Percentage,Albania,2012,,renewables_share
Annual,Renewable energy and waste heat and cold - district heating and cooling,Percentage,Albania,2013,,renewables_share
Annual,Renewable energy and waste heat and cold - district heating and cooling,Percentage,Albania,2014,,renewables_share
Annual,Renewable energy and waste heat and cold - district heating and cooling,Percentage,Albania,2015,,renewables_share
Annual,Renewable energy and waste heat and cold - district heating and cooling,Percentage,Albania,2016,,renewables_share
Annual,Renewable energy and waste heat and cold - district heating and cooling,Percentage,Albania,2017,,renewables_share
Annual,Renewable energy and waste heat and cold - district heating and cooling,Percentage,Albania,2018,,renewables_share
Annual,Renewable energy and waste heat and cold - district heating and cooling,Percentage,Albania,2019,,renewables_share
Annual,Renewable energy and waste heat and cold - district heating and cooling,Percentage,Albania,2020,,renewables_share
Annual,Renewable energy and waste heat and cold - district heating and cooling,Percentage,Albania,2021,,renewables_share
Annual,Renewable energy and waste heat and cold - district heating and cooling,Percentage,Albania,2022,,renewables_share
Annual,Renewable energy and waste heat and cold - district heating and cooling,Percentage,Albania,2023,,renewables_share
Annual,Renewable energy and waste heat and cold - district heating and cooling,Percentage,Albania,2024,,renewables_share
Annual,Renewable energy and waste heat and cold - district heating and cooling,Percentage,Serbia,2004,,renewables_share
Annual,Renewable energy and waste heat and cold - district heating and cooling,Percentage,Serbia,2005,,renewables_share
Annual,Renewable energy and waste heat and cold - district heating and cooling,Percentage,Serbia,2006,,renewables_share
Annual,Renewable energy and waste heat and cold - district heating and cooling,Percentage,Serbia,2007,,renewables_share
Annual,Renewable energy and waste heat and cold - district heating and cooling,Percentage,Serbia,2008,,renewables_share
Annual,Renewable energy and waste heat and cold - district heating and cooling,Percentage,Serbia,2009,,renewables_share
Annual,Renewable energy and waste heat and cold - district heating and cooling,Percentage,Serbia,2010,,renewables_share
Annual,Renewable energy and waste heat and cold - district heating and cooling,Percentage,Serbia,2011,,renewables_share
Annual,Renewable energy and waste heat and cold - district heating and cooling,Percentage,Serbia,2012,,renewables_share
Annual,Renewable energy and waste heat and cold - district heating and cooling,Percentage,Serbia,2013,,renewables_share
Annual,Renewable energy and waste heat and cold - district heating and cooling,Percentage,Serbia,2014,,renewables_share
Annual,Renewable energy and waste heat and cold - district heating and cooling,Percentage,Serbia,2015,,renewables_share
Annual,Renewable energy and waste heat and cold - district heating and cooling,Percentage,Serbia,2016,,renewables_share
Annual,Renewable energy and waste heat and cold - district heating and cooling,Percentage,Serbia,2017,,renewables_share
Annual,Renewable energy and waste heat and cold - district heating and cooling,Percentage,Serbia,2018,,renewables_share
Annual,Renewable energy and waste heat and cold - district heating and cooling,Percentage,Serbia,2019,,renewables_share
Annual,Renewable energy and waste heat and cold - district heating and cooling,Percentage,Serbia,2020,,renewables_share
Annual,Renewable energy and waste heat and cold - district heating and cooling,Percentage,Serbia,2021,,renewables_share
Annual,Renewable energy and waste heat and cold - district heating and cooling,Percentage,Serbia,2022,,renewables_share
Annual,Renewable energy and waste heat and cold - district heating and cooling,Percentage,Serbia,2023,,renewables_share
Annual,Renewable energy and waste heat and cold - district heating and cooling,Percentage,Serbia,2024,,renewables_share
Annual,Renewable energy and waste heat and cold - district heating and cooling,Percentage,Kosovo*,2004,,renewables_share
Annual,Renewable energy and waste heat and cold - district heating and cooling,Percentage,Kosovo*,2005,,renewables_share
Annual,Renewable energy and waste heat and cold - district heating and cooling,Percentage,Kosovo*,2006,,renewables_share
Annual,Renewable energy and waste heat and cold - district heating and cooling,Percentage,Kosovo*,2007,,renewables_share
Annual,Renewable energy and waste heat and cold - district heating and cooling,Percentage,Kosovo*,2008,,renewables_share
Annual,Renewable energy and waste heat and cold - district heating and cooling,Percentage,Kosovo*,2009,,renewables_share
Annual,Renewable energy and waste heat and cold - district heating and cooling,Percentage,Kosovo*,2010,,renewables_share
Annual,Renewable energy and waste heat and cold - district heating and cooling,Percentage,Kosovo*,2011,,renewables_share
Annual,Renewable energy and waste heat and cold - district heating and cooling,Percentage,Kosovo*,2012,,renewables_share
Annual,Renewable energy and waste heat and cold - district heating and cooling,Percentage,Kosovo*,2013,,renewables_share
Annual,Renewable energy and waste heat and cold - district heating and cooling,Percentage,Kosovo*,2014,,renewables_share
Annual,Renewable energy and waste heat and cold - district heating and cooling,Percentage,Kosovo*,2015,,renewables_share
Annual,Renewable energy and waste heat and cold - district heating and cooling,Percentage,Kosovo*,2016,,renewables_share
Annual,Renewable energy and waste heat and cold - district heating and cooling,Percentage,Kosovo*,2017,,renewables_share
Annual,Renewable energy and waste heat and cold - district heating and cooling,Percentage,Kosovo*,2018,,renewables_share
Annual,Renewable energy and waste heat and cold - district heating and cooling,Percentage,Kosovo*,2019,,renewables_share
Annual,Renewable energy and waste heat and cold - district heating and cooling,Percentage,Kosovo*,2020,,renewables_share
Annual,Renewable energy and waste heat and cold - district heating and cooling,Percentage,Kosovo*,2021,,renewables_share
Annual,Renewable energy and waste heat and cold - district heating and cooling,Percentage,Kosovo*,2022,,renewables_share
Annual,Renewable energy and waste heat and cold - district heating and cooling,Percentage,Kosovo*,2023,,renewables_share
Annual,Renewable energy and waste heat and cold - district heating and cooling,Percentage,Kosovo*,2024,,renewables_share
